Fiber,pCa,Act_percent,M_length,sarc_length,M_area,ISI,ISI_code,Cond_Amp,CA_code,SRS,SRS_UC,Impulse,Impulse_UC,back_L,back_F,backFpercentUC,F_tZero,SRS_CO,SRS_CO_UC,Impulse_CO,Impulse_CO_UC
12Dec2017a,9,0.863439126,0.0004299,2.62E-06,8.25E-10,0.001,a1,3.83,f383,52363.98438,61.36255296,325972.2156,96.30467957,0.000430052,2946.905212,107.7866129,2680.742005,25905.87908,30.35771429,336640.1878,99.45640724
12Dec2017a,9,0.863439126,0.0004299,2.62E-06,8.25E-10,0.001,a1,0,zero,85335.4071,100,338480.1414,100,0.000430023,2734.017828,100,2883.676957,85335.4071,100,338480.1414,100
12Dec2017a,9,0.863439126,0.0004299,2.62E-06,8.25E-10,0.001,a1,0.12,a12,76677.87149,89.85469701,339962.4957,100.4379443,0.000430059,3090.168754,113.0266497,2810.890732,76677.87149,89.85469701,339962.4957,100.4379443
12Dec2017a,9,0.863439126,0.0004299,2.62E-06,8.25E-10,0.001,a1,0.38,b38,59694.86004,69.9532141,345810.2119,102.1655836,0.000429885,2880.392951,105.3538467,3069.258592,59694.86004,69.9532141,345810.2119,102.1655836
12Dec2017a,9,0.863439126,0.0004299,2.62E-06,8.25E-10,0.001,a1,1.21,c121,34690.27228,40.65167491,318255.1307,94.02475709,0.000429646,2684.274545,98.18057941,2750.508799,51017.00298,59.7840975,297048.0656,87.75937765
12Dec2017a,9,0.863439126,0.0004299,2.62E-06,8.25E-10,0.1,c100,3.83,f383,73204.76984,85.78475492,337190.7218,99.61905607,0.000429561,2954.058475,108.0482521,2891.888201,73204.76984,85.78475492,337190.7218,99.61905607
12Dec2017a,9,0.863439126,0.0004299,2.62E-06,8.25E-10,0.316,d316,3.83,f383,61796.10237,72.41554762,321710.8183,95.04569958,0.000429871,2728.593111,99.80158442,2767.007162,61796.10237,72.41554762,321710.8183,95.04569958
12Dec2017a,9,0.863439126,0.0004299,2.62E-06,8.25E-10,1,e1000,3.83,f383,65002.02661,76.17239879,328955.6792,97.18610903,0.000430026,2497.035529,91.33208654,2867.866335,65002.02661,76.17239879,328955.6792,97.18610903
12Dec2017a,9,0.863439126,0.0004299,2.62E-06,8.25E-10,3.162,f3162,3.83,f383,74669.2572,87.50090933,320823.8431,94.78365313,0.000430085,2420.33642,88.52672413,2681.580553,74669.2572,87.50090933,320823.8431,94.78365313
12Dec2017a,9,0.863439126,0.0004299,2.62E-06,8.25E-10,10,g10000,3.83,f383,38285.06554,44.86422089,343568.5766,101.5033187,0.000429977,2886.355175,105.5719222,2918.991762,38285.06554,44.86422089,343568.5766,101.5033187
12Dec2017a,9,0.863439126,0.0004299,2.62E-06,8.25E-10,0.1,c100,0.12,a12,44800.47556,52.49928146,330718.8695,97.70702298,0.000429736,2811.411219,102.8307566,2865.065332,44800.47556,52.49928146,330718.8695,97.70702298
12Dec2017a,9,0.863439126,0.0004299,2.62E-06,8.25E-10,0.1,c100,0.38,b38,67363.46888,78.9396467,317507.6717,93.80392905,0.000429957,2448.358743,89.55167437,2679.670357,67363.46888,78.9396467,317507.6717,93.80392905
12Dec2017a,9,0.863439126,0.0004299,2.62E-06,8.25E-10,0.1,c100,1.21,c121,59878.85474,70.16882766,316253.6011,93.43342856,0.000429833,2500.976498,91.47623224,2615.609978,75248.38101,88.17955356,291293.8831,86.05937172
12Dec2017a,9,0.863439126,0.0004299,2.62E-06,8.25E-10,0.316,d316,0.12,a12,44621.71617,52.2898029,466052.1751,137.6896657,0.000429942,4379.090332,160.1705112,4499.759493,44621.71617,52.2898029,466052.1751,137.6896657
12Dec2017a,9,0.863439126,0.0004299,2.62E-06,8.25E-10,0.316,d316,0.38,b38,62759.84421,73.54490515,304543.8102,89.97390776,0.000429306,2452.003803,89.68499685,2562.704425,62759.84421,73.54490515,304543.8102,89.97390776
12Dec2017a,9,0.863439126,0.0004299,2.62E-06,8.25E-10,0.316,d316,1.21,c121,99037.38838,116.0566191,323599.0056,95.60354243,0.000429653,2680.586241,98.04567525,2660.445546,96965.58885,113.628788,295381.4179,87.26698609
12Dec2017a,9,0.863439126,0.0004299,2.62E-06,8.25E-10,1,e1000,0.12,a12,63629.00936,74.5634333,332349.5961,98.18880209,0.00042997,2956.482798,108.1369246,2820.639841,63629.00936,74.5634333,332349.5961,98.18880209
12Dec2017a,9,0.863439126,0.0004299,2.62E-06,8.25E-10,1,e1000,0.38,b38,90333.24029,105.8566934,344255.3187,101.7062086,0.000430043,3048.945101,111.5188449,2998.009382,90333.24029,105.8566934,344255.3187,101.7062086
12Dec2017a,9,0.863439126,0.0004299,2.62E-06,8.25E-10,1,e1000,1.21,c121,56945.94908,66.73191236,321728.1519,95.05082059,0.000430088,2767.143705,101.2116189,2668.61226,65625.03229,76.90246583,264962.2608,78.28000182
12Dec2017a,9,0.863439126,0.0004299,2.62E-06,8.25E-10,3.162,f3162,0.12,a12,81692.43682,95.73099794,311691.3489,92.08556448,0.000429596,2200.379204,80.48152361,2545.028596,81692.43682,95.73099794,311691.3489,92.08556448
12Dec2017a,9,0.863439126,0.0004299,2.62E-06,8.25E-10,3.162,f3162,0.38,b38,44370.69495,51.99564455,309146.8913,91.33383424,0.000429878,2285.642551,83.60013339,2580.114449,44370.69495,51.99564455,309146.8913,91.33383424
12Dec2017a,9,0.863439126,0.0004299,2.62E-06,8.25E-10,3.162,f3162,1.21,c121,61562.37172,72.14165117,304046.8521,89.8270873,0.000429952,2311.876871,84.55968527,2536.083596,78838.37562,92.38647625,243524.965,71.94660344
12Dec2017a,9,0.863439126,0.0004299,2.62E-06,8.25E-10,10,g10000,0.12,a12,50083.24596,58.68987758,311261.0146,91.95842727,0.000429659,2211.819743,80.89997514,2561.726544,50083.24596,58.68987758,311261.0146,91.95842727
12Dec2017a,9,0.863439126,0.0004299,2.62E-06,8.25E-10,10,g10000,0.38,b38,81358.10996,95.33921817,286959.5114,84.7788323,0.000429753,1680.537088,61.46767116,2272.999094,81358.10996,95.33921817,286959.5114,84.7788323
12Dec2017a,9,0.863439126,0.0004299,2.62E-06,8.25E-10,10,g10000,1.21,c121,52265.23257,61.246831,302868.9427,89.47908773,0.000429967,1832.466321,67.02466614,2597.208028,52265.23257,61.246831,302868.9427,89.47908773
12Dec2017a,6.4,1.115833878,0.0004299,2.62E-06,8.25E-10,0.001,a1,3.83,f383,179988.3826,163.8513265,451702.343,90.94369606,0.000429697,4253.758997,94.49249159,3437.169725,128508.7216,116.987131,495484.6654,99.75862979
12Dec2017a,6.4,1.115833878,0.0004299,2.62E-06,8.25E-10,0.001,a1,0,zero,109848.5966,100,496683.5114,100,0.000429939,4501.68995,100,4518.088502,109848.5966,100,496683.5114,100
12Dec2017a,6.4,1.115833878,0.0004299,2.62E-06,8.25E-10,0.001,a1,0.12,a12,85650.68399,77.97157783,461354.8136,92.88708061,0.000429713,4030.215714,89.52672793,4171.73656,85650.68399,77.97157783,461354.8136,92.88708061
12Dec2017a,6.4,1.115833878,0.0004299,2.62E-06,8.25E-10,0.001,a1,0.38,b38,85646.64647,77.96790229,479187.2839,96.47738909,0.000429855,4184.228163,92.94794198,4438.030226,85646.64647,77.96790229,479187.2839,96.47738909
12Dec2017a,6.4,1.115833878,0.0004299,2.62E-06,8.25E-10,0.001,a1,1.21,c121,142896.5069,130.0849636,472314.9514,95.09374493,0.000429877,4478.109717,99.47619153,3904.443312,123705.4802,112.6145295,485894.4323,97.82777585
12Dec2017a,6.4,1.115833878,0.0004299,2.62E-06,8.25E-10,0.1,c100,3.83,f383,95283.32572,86.74059448,479475.7652,96.53547062,0.000429682,4354.483226,96.7299675,4322.004743,69705.12142,63.45563218,489672.5827,98.58845148
12Dec2017a,6.4,1.115833878,0.0004299,2.62E-06,8.25E-10,0.316,d316,3.83,f383,99180.0789,90.28797997,475411.5453,95.71719905,0.000430055,4373.754388,97.15805479,4398.888162,99180.0789,90.28797997,475411.5453,95.71719905
12Dec2017a,6.4,1.115833878,0.0004299,2.62E-06,8.25E-10,1,e1000,3.83,f383,130313.4002,118.6300092,480675.2214,96.77696366,0.000430083,4501.536822,99.99659843,4266.862884,130313.4002,118.6300092,480675.2214,96.77696366
12Dec2017a,6.4,1.115833878,0.0004299,2.62E-06,8.25E-10,3.162,f3162,3.83,f383,66984.00374,60.97847929,469261.8901,94.47905544,0.000429858,4267.96954,94.80816287,4355.620885,66984.00374,60.97847929,469261.8901,94.47905544
12Dec2017a,6.4,1.115833878,0.0004299,2.62E-06,8.25E-10,10,g10000,3.83,f383,116382.726,105.9483048,475264.1053,95.68751415,0.00042962,4370.505603,97.08588666,4250.939908,116382.726,105.9483048,475264.1053,95.68751415
12Dec2017a,6.4,1.115833878,0.0004299,2.62E-06,8.25E-10,0.1,c100,0.12,a12,135830.12,123.6521214,609052.1106,122.6237829,0.000429959,5986.563343,132.9847993,5805.241223,135830.12,123.6521214,609052.1106,122.6237829
12Dec2017a,6.4,1.115833878,0.0004299,2.62E-06,8.25E-10,0.1,c100,0.38,b38,92360.71707,84.08001552,481404.9375,96.92388138,0.000429869,4577.455787,101.6830532,4404.55882,92360.71707,84.08001552,481404.9375,96.92388138
12Dec2017a,6.4,1.115833878,0.0004299,2.62E-06,8.25E-10,0.1,c100,1.21,c121,92231.0207,83.96194722,461100.4776,92.83587375,0.000429669,4165.064707,92.52224727,4107.435858,89467.39754,81.44609973,459028.5412,92.41871949
12Dec2017a,6.4,1.115833878,0.0004299,2.62E-06,8.25E-10,0.316,d316,0.12,a12,92512.37536,84.21807672,471100.821,94.84929742,0.000429834,4255.785362,94.53750502,4211.965042,92512.37536,84.21807672,471100.821,94.84929742
12Dec2017a,6.4,1.115833878,0.0004299,2.62E-06,8.25E-10,0.316,d316,0.38,b38,63731.66053,58.01772849,463133.6421,93.24522184,0.000430004,4294.977819,95.40812155,4379.832599,63731.66053,58.01772849,463133.6421,93.24522184
12Dec2017a,6.4,1.115833878,0.0004299,2.62E-06,8.25E-10,0.316,d316,1.21,c121,104289.4582,94.93927226,450522.9076,90.70623389,0.000429889,3964.431307,88.06540102,4025.307242,104289.4582,94.93927226,450522.9076,90.70623389
12Dec2017a,6.4,1.115833878,0.0004299,2.62E-06,8.25E-10,1,e1000,0.12,a12,93304.68774,84.93935346,490398.9543,98.73469583,0.000430005,4850.776667,107.7545704,4624.499873,93304.68774,84.93935346,490398.9543,98.73469583
12Dec2017a,6.4,1.115833878,0.0004299,2.62E-06,8.25E-10,1,e1000,0.38,b38,110994.5101,101.0431754,480562.253,96.75421912,0.000429911,4933.4796,109.5917234,4398.094615,110994.5101,101.0431754,480562.253,96.75421912
12Dec2017a,6.4,1.115833878,0.0004299,2.62E-06,8.25E-10,1,e1000,1.21,c121,122121.3392,111.1724163,433049.9308,87.1883042,0.000429717,4137.251242,91.90440231,3808.899244,122121.3392,111.1724163,433049.9308,87.1883042
12Dec2017a,6.4,1.115833878,0.0004299,2.62E-06,8.25E-10,3.162,f3162,0.12,a12,103161.3587,93.91231377,479078.4262,96.45547218,0.00042995,4575.691474,101.643861,4462.871466,103161.3587,93.91231377,479078.4262,96.45547218
12Dec2017a,6.4,1.115833878,0.0004299,2.62E-06,8.25E-10,3.162,f3162,0.38,b38,94412.6985,85.9480243,443858.3138,89.36441489,0.000430011,4159.556917,92.39989788,4062.610788,94412.6985,85.9480243,443858.3138,89.36441489
12Dec2017a,6.4,1.115833878,0.0004299,2.62E-06,8.25E-10,3.162,f3162,1.21,c121,99585.84246,90.65736435,493877.3798,99.43502621,0.000429793,4491.598916,99.77583899,4554.878242,99585.84246,90.65736435,493877.3798,99.43502621
12Dec2017a,6.4,1.115833878,0.0004299,2.62E-06,8.25E-10,10,g10000,0.12,a12,35861.08658,32.64592147,451688.5045,90.94090988,0.000429996,4144.544533,92.0664146,4304.670609,35861.08658,32.64592147,451688.5045,90.94090988
12Dec2017a,6.4,1.115833878,0.0004299,2.62E-06,8.25E-10,10,g10000,0.38,b38,101234.6617,92.15835693,437937.4454,88.17233416,0.000430094,4141.131092,91.99058881,3915.348109,101234.6617,92.15835693,437937.4454,88.17233416
12Dec2017a,6.4,1.115833878,0.0004299,2.62E-06,8.25E-10,10,g10000,1.21,c121,82329.17018,74.94785798,446221.5233,89.84021274,0.000429964,4065.8722,90.31879683,4086.237913,82329.17018,74.94785798,446221.5233,89.84021274
12Dec2017a,6.2,2.170035368,0.0004299,2.62E-06,8.25E-10,0.001,a1,3.83,f383,363833.7131,148.3146589,791965.9662,75.89075885,0.0004297,8670.672067,92.21834673,5277.471437,147108.5596,59.96793331,972991.6738,93.23768903
12Dec2017a,6.2,2.170035368,0.0004299,2.62E-06,8.25E-10,0.001,a1,0,zero,245312.0385,100,1043560.479,100,0.00042985,9402.328685,100,9596.693468,245312.0385,100,1043560.479,100
12Dec2017a,6.2,2.170035368,0.0004299,2.62E-06,8.25E-10,0.001,a1,0.12,a12,246188.1612,100.3571463,1057468.456,101.3327428,0.000429806,9751.861265,103.7175108,9650.443796,246188.1612,100.3571463,1057468.456,101.3327428
12Dec2017a,6.2,2.170035368,0.0004299,2.62E-06,8.25E-10,0.001,a1,0.38,b38,258966.3635,105.5661048,1077358.872,103.2387575,0.00043,9947.518311,105.7984532,10036.48278,228348.8871,93.08507177,1082297.59,103.7120141
12Dec2017a,6.2,2.170035368,0.0004299,2.62E-06,8.25E-10,0.001,a1,1.21,c121,414613.1092,169.0145791,1016697.914,97.42587373,0.000430031,10300.15619,109.5489909,8064.365824,301915.8989,123.0742286,1079962.818,103.4882826
12Dec2017a,6.2,2.170035368,0.0004299,2.62E-06,8.25E-10,0.1,c100,3.83,f383,265525.1271,108.2397459,1024685.038,98.19124617,0.000429934,9823.903784,104.4837307,9081.170332,194711.7527,79.37309311,1067572.382,102.3009595
12Dec2017a,6.2,2.170035368,0.0004299,2.62E-06,8.25E-10,0.316,d316,3.83,f383,260186.6134,106.0635324,1097961.651,105.2130349,0.000429746,10109.21708,107.5182268,9982.153709,260186.6134,106.0635324,1097961.651,105.2130349
12Dec2017a,6.2,2.170035368,0.0004299,2.62E-06,8.25E-10,1,e1000,3.83,f383,232330.8267,94.70828589,1126172.348,107.9163471,0.000429966,10223.85279,108.7374536,10431.86415,232330.8267,94.70828589,1126172.348,107.9163471
12Dec2017a,6.2,2.170035368,0.0004299,2.62E-06,8.25E-10,3.162,f3162,3.83,f383,243375.2065,99.21046191,1128984.613,108.1858346,0.000430016,10221.85085,108.7161616,10439.17673,243375.2065,99.21046191,1128984.613,108.1858346
12Dec2017a,6.2,2.170035368,0.0004299,2.62E-06,8.25E-10,10,g10000,3.83,f383,239181.6458,97.50098174,1105947.441,105.9782795,0.000429914,10032.72799,106.7047146,10231.3132,239181.6458,97.50098174,1105947.441,105.9782795
12Dec2017a,6.2,2.170035368,0.0004299,2.62E-06,8.25E-10,0.1,c100,0.12,a12,233754.8999,95.28880088,1087938.542,104.2525626,0.000429981,9878.142444,105.0605948,9998.949903,233754.8999,95.28880088,1087938.542,104.2525626
12Dec2017a,6.2,2.170035368,0.0004299,2.62E-06,8.25E-10,0.1,c100,0.38,b38,261097.6455,106.4349092,1076779.411,103.1832302,0.000429677,9847.56082,104.735339,9736.968029,261097.6455,106.4349092,1076779.411,103.1832302
12Dec2017a,6.2,2.170035368,0.0004299,2.62E-06,8.25E-10,0.1,c100,1.21,c121,255323.2893,104.0810271,1039485.407,99.60950306,0.000429944,9658.455078,102.724074,9347.64669,255323.2893,104.0810271,1039485.407,99.60950306
12Dec2017a,6.2,2.170035368,0.0004299,2.62E-06,8.25E-10,0.316,d316,0.12,a12,232989.6259,94.97684148,1051855.019,100.7948309,0.000429917,9455.905955,100.5698298,9602.315263,232989.6259,94.97684148,1051855.019,100.7948309
12Dec2017a,6.2,2.170035368,0.0004299,2.62E-06,8.25E-10,0.316,d316,0.38,b38,242771.6818,98.96443863,1042211.434,99.87072678,0.000429983,9546.292429,101.5311499,9548.637307,242771.6818,98.96443863,1042211.434,99.87072678
12Dec2017a,6.2,2.170035368,0.0004299,2.62E-06,8.25E-10,0.316,d316,1.21,c121,201518.1553,82.14768284,1002001.963,96.01762269,0.000429894,9158.299856,97.40459159,9142.175121,201518.1553,82.14768284,1002001.963,96.01762269
12Dec2017a,6.2,2.170035368,0.0004299,2.62E-06,8.25E-10,1,e1000,0.12,a12,230311.4485,93.88509831,1016304.932,97.38821594,0.00043006,9328.78052,99.21776649,9331.852048,230311.4485,93.88509831,1016304.932,97.38821594
12Dec2017a,6.2,2.170035368,0.0004299,2.62E-06,8.25E-10,1,e1000,0.38,b38,226476.7653,92.32191242,1004100.735,96.21873918,0.00043002,9148.088071,97.29598249,9088.530847,226476.7653,92.32191242,1004100.735,96.21873918
12Dec2017a,6.2,2.170035368,0.0004299,2.62E-06,8.25E-10,1,e1000,1.21,c121,225329.1908,91.85411045,1016217.796,97.37986607,0.000429971,9202.165703,97.87113396,9347.031137,225329.1908,91.85411045,1016217.796,97.37986607
12Dec2017a,6.2,2.170035368,0.0004299,2.62E-06,8.25E-10,3.162,f3162,0.12,a12,228852.3225,93.29029425,969609.3139,92.91357174,0.000429999,8603.949604,91.50870909,8773.134472,228852.3225,93.29029425,969609.3139,92.91357174
12Dec2017a,6.2,2.170035368,0.0004299,2.62E-06,8.25E-10,3.162,f3162,0.38,b38,216404.0144,88.21581515,1009399.588,96.72650595,0.000429726,9156.730934,97.38790507,9363.931246,216404.0144,88.21581515,1009399.588,96.72650595
12Dec2017a,6.2,2.170035368,0.0004299,2.62E-06,8.25E-10,3.162,f3162,1.21,c121,225361.4688,91.86726841,974711.4228,93.40248532,0.000429951,8834.145386,93.95699387,9026.692327,225361.4688,91.86726841,974711.4228,93.40248532
12Dec2017a,6.2,2.170035368,0.0004299,2.62E-06,8.25E-10,10,g10000,0.12,a12,203615.3338,83.00258524,956392.6583,91.64707537,0.000429871,8719.40993,92.73670621,8786.350446,203615.3338,83.00258524,956392.6583,91.64707537
12Dec2017a,6.2,2.170035368,0.0004299,2.62E-06,8.25E-10,10,g10000,0.38,b38,225661.4711,91.98956255,963239.7484,92.30320314,0.000429817,8755.886797,93.12466187,8880.236075,225661.4711,91.98956255,963239.7484,92.30320314
12Dec2017a,6.2,2.170035368,0.0004299,2.62E-06,8.25E-10,10,g10000,1.21,c121,213237.5078,86.9250075,956825.4041,91.68854357,0.000429744,8689.701146,92.42073359,8764.993364,213237.5078,86.9250075,956825.4041,91.68854357
12Dec2017a,6,26.82772219,0.0004299,2.62E-06,8.25E-10,0.001,a1,3.83,f383,2643845.027,52.19498625,7961123.329,56.24442464,0.000429898,103895.2381,95.7672324,51555.86157,1607087.718,31.72724591,12010216.77,84.85080614
12Dec2017a,6,26.82772219,0.0004299,2.62E-06,8.25E-10,0.001,a1,0,zero,5065323.735,100,14154511.1,100,0.00042953,108487.2513,100,109065.194,5065323.735,100,14154511.1,100
12Dec2017a,6,26.82772219,0.0004299,2.62E-06,8.25E-10,0.001,a1,0.12,a12,4553132.608,89.88828447,13616523.31,96.19917789,0.000430063,107264.3659,98.87278415,105425.4603,4868168.704,96.10775065,13642404.53,96.38202571
12Dec2017a,6,26.82772219,0.0004299,2.62E-06,8.25E-10,0.001,a1,0.38,b38,4745876.616,93.69345109,13642539.73,96.38298094,0.000430035,104593.6451,96.41100113,108404.2747,5077904.108,100.2483627,13831731.77,97.71960101
12Dec2017a,6,26.82772219,0.0004299,2.62E-06,8.25E-10,0.001,a1,1.21,c121,5029967.327,99.30199116,12842607.41,90.7315507,0.000429987,107561.5217,99.14669267,87558.33213,4065311.939,80.25769233,14078591.08,99.46363376
12Dec2017a,6,26.82772219,0.0004299,2.62E-06,8.25E-10,0.1,c100,3.83,f383,3206972.211,63.31228523,10658053.12,75.29792476,0.000429906,110414.7501,101.7767053,74066.70453,2806683.968,55.4097648,13429287.3,94.87637688
12Dec2017a,6,26.82772219,0.0004299,2.62E-06,8.25E-10,0.316,d316,3.83,f383,4143208.372,81.79552955,13327052.93,94.15410276,0.000429961,112632.8243,103.8212535,98312.15127,3967044.661,78.3176924,14363430.55,101.475992
12Dec2017a,6,26.82772219,0.0004299,2.62E-06,8.25E-10,1,e1000,3.83,f383,4724102.761,93.26359001,14925326.83,105.4457249,0.00042989,113915.9851,105.0040293,115395.8014,4724102.761,93.26359001,14925326.83,105.4457249
12Dec2017a,6,26.82772219,0.0004299,2.62E-06,8.25E-10,3.162,f3162,3.83,f383,4955183.134,97.82559602,14701070.28,103.861378,0.000429941,113983.0928,105.0658869,113317.8621,4955183.134,97.82559602,14701070.28,103.861378
12Dec2017a,6,26.82772219,0.0004299,2.62E-06,8.25E-10,10,g10000,3.83,f383,4927215.357,97.27345409,14707369.15,103.9058788,0.000429402,115140.9641,106.1331748,112920.5592,4927215.357,97.27345409,14707369.15,103.9058788
12Dec2017a,6,26.82772219,0.0004299,2.62E-06,8.25E-10,0.1,c100,0.12,a12,5055104.13,99.79824381,14766250.84,104.3218712,0.000429667,114610.8676,105.6445491,113105.1976,5079435.449,100.2785945,14785477.79,104.4577074
12Dec2017a,6,26.82772219,0.0004299,2.62E-06,8.25E-10,0.1,c100,0.38,b38,4907702.217,96.88822421,14692766.26,103.8027111,0.00042995,114326.9063,105.3828029,112333.0371,4903812.201,96.81142722,14753703.14,104.2332232
12Dec2017a,6,26.82772219,0.0004299,2.62E-06,8.25E-10,0.1,c100,1.21,c121,4674755.58,92.28937429,13920290.07,98.34525522,0.000430009,114044.3232,105.1223271,103588.2395,4576876.951,90.35704707,14585445.99,103.0445057
12Dec2017a,6,26.82772219,0.0004299,2.62E-06,8.25E-10,0.316,d316,0.12,a12,5049755.256,99.69264593,14945053.01,105.5850881,0.000429975,114362.6502,105.4157505,114850.6932,5056130.103,99.81849863,14962662.48,105.7094969
12Dec2017a,6,26.82772219,0.0004299,2.62E-06,8.25E-10,0.316,d316,0.38,b38,4806504.006,94.89036156,14709366,103.9199863,0.000429877,112837.6477,104.0100531,112594.0236,4787810.137,94.52130581,14728523.6,104.0553326
12Dec2017a,6,26.82772219,0.0004299,2.62E-06,8.25E-10,0.316,d316,1.21,c121,4506525.942,88.96817218,14325707.09,101.2094801,0.000429678,113371.1876,104.5018527,108589.4916,4462082.88,88.09077394,14569061.69,102.9287524
12Dec2017a,6,26.82772219,0.0004299,2.62E-06,8.25E-10,1,e1000,0.12,a12,4787222.618,94.50970696,14494304.91,102.4006043,0.000430194,111965.8755,103.206482,110919.9074,4797511.388,94.71282863,14518089.4,102.5686391
12Dec2017a,6,26.82772219,0.0004299,2.62E-06,8.25E-10,1,e1000,0.38,b38,4795757.69,94.67820699,14445597.32,102.0564908,0.000429808,111288.1531,102.5817796,110600.6214,4795757.69,94.67820699,14445597.32,102.0564908
12Dec2017a,6,26.82772219,0.0004299,2.62E-06,8.25E-10,1,e1000,1.21,c121,4785794.491,94.48151276,14304020.46,101.0562665,0.000429906,109857.4634,101.2630167,109776.0916,4785794.491,94.48151276,14304020.46,101.0562665
12Dec2017a,6,26.82772219,0.0004299,2.62E-06,8.25E-10,3.162,f3162,0.12,a12,4669214.827,92.17998832,14136446.71,99.87237716,0.000429887,109186.5016,100.644546,107911.022,4658328.693,91.96507346,14159932.59,100.0383022
12Dec2017a,6,26.82772219,0.0004299,2.62E-06,8.25E-10,3.162,f3162,0.38,b38,4637078.568,91.54555189,14022193.77,99.06519326,0.000429715,109582.5153,101.0095785,106889.3953,4637078.568,91.54555189,14022193.77,99.06519326
12Dec2017a,6,26.82772219,0.0004299,2.62E-06,8.25E-10,3.162,f3162,1.21,c121,4652673.39,91.85342603,13884775.02,98.09434546,0.000429982,107334.663,98.93758174,106155.714,4652673.39,91.85342603,13884775.02,98.09434546
12Dec2017a,6,26.82772219,0.0004299,2.62E-06,8.25E-10,10,g10000,0.12,a12,4358406.276,86.04398266,13780172.7,97.35534205,0.000429757,106008.0054,97.71471219,104921.5257,4358406.276,86.04398266,13780172.7,97.35534205
12Dec2017a,6,26.82772219,0.0004299,2.62E-06,8.25E-10,10,g10000,0.38,b38,4608516.671,90.98168078,13640067.28,96.36551333,0.000429936,104760.1034,96.56443688,104083.6969,4608516.671,90.98168078,13640067.28,96.36551333
12Dec2017a,6,26.82772219,0.0004299,2.62E-06,8.25E-10,10,g10000,1.21,c121,4582113.337,90.46042419,13624981.83,96.25893637,0.000430081,103430.104,95.33848698,104098.6495,4582113.337,90.46042419,13624981.83,96.25893637
13Dec2017a,9,0.853855271,0.0006566,2.57E-06,1.82E-09,0.001,a1,3.83,f383,59827.94381,61.99254607,234337.1407,85.71167607,0.000656756,1968.426972,97.46829363,1524.308167,40846.39844,42.32423974,256839.2594,93.9421013
13Dec2017a,9,0.853855271,0.0006566,2.57E-06,1.82E-09,0.001,a1,0,zero,96508.28623,100,273401.6547,100,0.000656568,2019.556205,100,2049.581037,96508.28623,100,273401.6547,100
13Dec2017a,9,0.853855271,0.0006566,2.57E-06,1.82E-09,0.001,a1,0.12,a12,75213.46822,77.93472577,270061.329,98.77823502,0.000656823,2021.007897,100.0718817,2058.795676,75213.46822,77.93472577,270061.329,98.77823502
13Dec2017a,9,0.853855271,0.0006566,2.57E-06,1.82E-09,0.001,a1,0.38,b38,90750.26595,94.03365192,276791.9823,101.2400538,0.000656535,2036.742523,100.8509948,2220.709153,102365.6079,106.0692422,276444.7053,101.113033
13Dec2017a,9,0.853855271,0.0006566,2.57E-06,1.82E-09,0.001,a1,1.21,c121,92199.4135,95.53523029,260682.7135,95.34789167,0.000656494,1944.817819,96.29926683,1847.891676,75229.18228,77.95100837,272654.8753,99.7268563
13Dec2017a,9,0.853855271,0.0006566,2.57E-06,1.82E-09,0.1,c100,3.83,f383,75943.01316,78.69066597,247728.9753,90.60990342,0.000656477,1961.512456,97.12591564,1783.738728,80606.95463,83.52335097,257743.7475,94.27292889
13Dec2017a,9,0.853855271,0.0006566,2.57E-06,1.82E-09,0.316,d316,3.83,f383,69984.45801,72.51652759,259038.7834,94.74660408,0.000656647,1994.559239,98.76225448,2000.025729,69984.45801,72.51652759,259038.7834,94.74660408
13Dec2017a,9,0.853855271,0.0006566,2.57E-06,1.82E-09,1,e1000,3.83,f383,79840.05148,82.72870092,276180.4964,101.0163953,0.000656673,2118.43984,104.8963052,2099.903787,79840.05148,82.72870092,276180.4964,101.0163953
13Dec2017a,9,0.853855271,0.0006566,2.57E-06,1.82E-09,3.162,f3162,3.83,f383,98294.94406,101.8512999,270013.6771,98.76080573,0.000656969,2059.396202,101.9727105,2035.151506,98294.94406,101.8512999,270013.6771,98.76080573
13Dec2017a,9,0.853855271,0.0006566,2.57E-06,1.82E-09,10,g10000,3.83,f383,85167.17598,88.24856321,259950.667,95.08013669,0.000656441,1881.162837,93.14733761,1922.792376,85167.17598,88.24856321,259950.667,95.08013669
13Dec2017a,9,0.853855271,0.0006566,2.57E-06,1.82E-09,0.1,c100,0.12,a12,86395.25598,89.52107571,261649.5802,95.70153498,0.000656391,1945.219147,96.31913891,1906.074145,86395.25598,89.52107571,261649.5802,95.70153498
13Dec2017a,9,0.853855271,0.0006566,2.57E-06,1.82E-09,0.1,c100,0.38,b38,81132.5608,84.06797382,262837.8897,96.13617372,0.000656447,1929.967211,95.56392665,1915.910603,81132.5608,84.06797382,262837.8897,96.13617372
13Dec2017a,9,0.853855271,0.0006566,2.57E-06,1.82E-09,0.1,c100,1.21,c121,71792.44833,74.38993183,257627.7599,94.230505,0.000656852,1900.082111,94.08414116,1935.027927,71340.65626,73.92179371,259331.4722,94.8536586
13Dec2017a,9,0.853855271,0.0006566,2.57E-06,1.82E-09,0.316,d316,0.12,a12,83321.36788,86.33597293,270912.1028,99.08941594,0.000656609,2026.872096,100.3622524,2022.938643,83321.36788,86.33597293,270912.1028,99.08941594
13Dec2017a,9,0.853855271,0.0006566,2.57E-06,1.82E-09,0.316,d316,0.38,b38,70462.33184,73.01169112,274101.4942,100.2559748,0.000656697,2085.667403,103.2735507,2154.16464,70462.33184,73.01169112,274101.4942,100.2559748
13Dec2017a,9,0.853855271,0.0006566,2.57E-06,1.82E-09,0.316,d316,1.21,c121,83203.84511,86.21419813,314461.1685,115.0180195,0.000656745,2644.169635,130.9282519,2514.995741,83203.84511,86.21419813,314461.1685,115.0180195
13Dec2017a,9,0.853855271,0.0006566,2.57E-06,1.82E-09,1,e1000,0.12,a12,69587.62101,72.10533284,254686.943,93.15486523,0.0006565,1914.624029,94.80419628,1916.256639,69587.62101,72.10533284,254686.943,93.15486523
13Dec2017a,9,0.853855271,0.0006566,2.57E-06,1.82E-09,1,e1000,0.38,b38,74795.04772,77.50116662,270078.1576,98.78439026,0.000656658,1983.566298,98.21792989,2075.397621,74795.04772,77.50116662,270078.1576,98.78439026
13Dec2017a,9,0.853855271,0.0006566,2.57E-06,1.82E-09,1,e1000,1.21,c121,97460.29966,100.9864577,254477.5909,93.07829215,0.000656436,1831.932355,90.70964948,1860.324978,97460.29966,100.9864577,254477.5909,93.07829215
13Dec2017a,9,0.853855271,0.0006566,2.57E-06,1.82E-09,3.162,f3162,0.12,a12,109713.0491,113.6825172,263181.5837,96.26188399,0.000656685,1938.971505,96.00978174,1866.346212,109713.0491,113.6825172,263181.5837,96.26188399
13Dec2017a,9,0.853855271,0.0006566,2.57E-06,1.82E-09,3.162,f3162,0.38,b38,91602.39723,94.9166137,266523.1796,97.48411358,0.000656477,2008.906759,99.47268383,1974.174078,91602.39723,94.9166137,266523.1796,97.48411358
13Dec2017a,9,0.853855271,0.0006566,2.57E-06,1.82E-09,3.162,f3162,1.21,c121,91094.50084,94.39034138,261538.6008,95.66094289,0.000656814,1946.941077,96.40440171,1923.975641,91094.50084,94.39034138,261538.6008,95.66094289
13Dec2017a,9,0.853855271,0.0006566,2.57E-06,1.82E-09,10,g10000,0.12,a12,82443.15242,85.42598324,270658.1642,98.99653477,0.000656532,2055.90793,101.7999858,2109.346533,82443.15242,85.42598324,270658.1642,98.99653477
13Dec2017a,9,0.853855271,0.0006566,2.57E-06,1.82E-09,10,g10000,0.38,b38,82945.02359,85.94601233,265626.5115,97.15614624,0.000656337,1979.252362,98.00432179,1994.156939,82945.02359,85.94601233,265626.5115,97.15614624
13Dec2017a,9,0.853855271,0.0006566,2.57E-06,1.82E-09,10,g10000,1.21,c121,69542.37167,72.05844636,266668.3828,97.53722343,0.000656584,1914.981538,94.82189865,2069.114245,69542.37167,72.05844636,266668.3828,97.53722343
13Dec2017a,6.6,2.846498517,0.0006566,2.57E-06,1.82E-09,0.001,a1,3.83,f383,200330.4162,77.93243298,426674.5505,56.62262925,0.000656478,6815.859236,97.75928883,2510.063925,130455.4896,50.74972586,710094.9373,94.23445181
13Dec2017a,6.6,2.846498517,0.0006566,2.57E-06,1.82E-09,0.001,a1,0,zero,257056.5405,100,753540.6888,100,0.000656594,6972.083489,100,7169.342374,257056.5405,100,753540.6888,100
13Dec2017a,6.6,2.846498517,0.0006566,2.57E-06,1.82E-09,0.001,a1,0.12,a12,260915.3973,101.5011704,732123.0105,97.15772769,0.000656458,6811.477522,97.69644228,6985.519704,290382.2021,112.9643313,730866.5393,96.99098538
13Dec2017a,6.6,2.846498517,0.0006566,2.57E-06,1.82E-09,0.001,a1,0.38,b38,261546.7503,101.746779,730462.6774,96.93739014,0.000656357,6984.002891,100.170959,7131.669124,252797.8178,98.34327394,745073.4075,98.8763339
13Dec2017a,6.6,2.846498517,0.0006566,2.57E-06,1.82E-09,0.001,a1,1.21,c121,311448.5308,121.1595434,634075.2723,84.14612267,0.000656528,6998.450482,100.3781795,4901.041786,262370.2689,102.0671438,731100.8334,97.0220778
13Dec2017a,6.6,2.846498517,0.0006566,2.57E-06,1.82E-09,0.1,c100,3.83,f383,197836.8267,76.96237813,501959.4778,66.61345369,0.000656961,6693.158786,95.99940673,3901.177738,171850.4414,66.85316818,688274.6504,91.33875061
13Dec2017a,6.6,2.846498517,0.0006566,2.57E-06,1.82E-09,0.316,d316,3.83,f383,217570.9935,84.6393533,615054.8411,81.62198144,0.00065666,6645.926652,95.32196025,5503.061841,217436.0197,84.58684585,704037.2876,93.43056029
13Dec2017a,6.6,2.846498517,0.0006566,2.57E-06,1.82E-09,1,e1000,3.83,f383,236140.8342,91.86338295,692036.9758,91.83803689,0.000656815,6651.599389,95.40332383,6518.461502,227040.629,88.32322591,703241.3661,93.32493607
13Dec2017a,6.6,2.846498517,0.0006566,2.57E-06,1.82E-09,3.162,f3162,3.83,f383,248876.93,96.81797222,686583.9848,91.11438772,0.000656467,6397.369741,91.75692962,6445.611978,248876.93,96.81797222,686583.9848,91.11438772
13Dec2017a,6.6,2.846498517,0.0006566,2.57E-06,1.82E-09,10,g10000,3.83,f383,241201.4718,93.83206952,726432.8673,96.40260681,0.000656511,6783.669808,97.29759861,6911.686921,241201.4718,93.83206952,726432.8673,96.40260681
13Dec2017a,6.6,2.846498517,0.0006566,2.57E-06,1.82E-09,0.1,c100,0.12,a12,237227.2215,92.28600877,671823.3677,89.15555294,0.000656584,6236.457373,89.44897724,6272.432302,237227.2215,92.28600877,671823.3677,89.15555294
13Dec2017a,6.6,2.846498517,0.0006566,2.57E-06,1.82E-09,0.1,c100,0.38,b38,226432.2265,88.08654549,663583.2267,88.06202991,0.000656546,6230.690165,89.36625866,6182.195907,214047.6694,83.26871163,665282.2723,88.28750487
13Dec2017a,6.6,2.846498517,0.0006566,2.57E-06,1.82E-09,0.1,c100,1.21,c121,215021.582,83.64758259,617219.6578,81.90926741,0.000656844,6361.775358,91.24640243,5465.191669,209178.7206,81.3745957,663189.7246,88.00980949
13Dec2017a,6.6,2.846498517,0.0006566,2.57E-06,1.82E-09,0.316,d316,0.12,a12,243778.2407,94.83448279,671248.8797,89.07931445,0.000656635,6301.587237,90.38312933,6247.859286,243778.2407,94.83448279,671248.8797,89.07931445
13Dec2017a,6.6,2.846498517,0.0006566,2.57E-06,1.82E-09,0.316,d316,0.38,b38,227008.0442,88.31054979,660276.3563,87.6231856,0.000656843,6103.469683,87.54154611,6142.430632,227008.0442,88.31054979,660276.3563,87.6231856
13Dec2017a,6.6,2.846498517,0.0006566,2.57E-06,1.82E-09,0.316,d316,1.21,c121,231000.347,89.86363333,620076.7428,82.28842212,0.000656679,5918.834403,84.89333802,5664.417978,251125.0946,97.69255204,631720.4737,83.83362479
13Dec2017a,6.6,2.846498517,0.0006566,2.57E-06,1.82E-09,1,e1000,0.12,a12,244294.2433,95.03521784,636579.4042,84.47843808,0.00065675,5840.660694,83.77209916,5892.63026,244294.2433,95.03521784,636579.4042,84.47843808
13Dec2017a,6.6,2.846498517,0.0006566,2.57E-06,1.82E-09,1,e1000,0.38,b38,218226.1352,84.89421618,641989.4007,85.1963816,0.000656806,5964.964356,85.55497599,5959.513345,218226.1352,84.89421618,641989.4007,85.1963816
13Dec2017a,6.6,2.846498517,0.0006566,2.57E-06,1.82E-09,1,e1000,1.21,c121,222020.4141,86.37026456,624373.746,82.85866382,0.000656336,5844.803387,83.83151745,5789.935855,222020.4141,86.37026456,624373.746,82.85866382
13Dec2017a,6.6,2.846498517,0.0006566,2.57E-06,1.82E-09,3.162,f3162,0.12,a12,216745.3406,84.31815825,644716.3987,85.55827288,0.000656667,6012.52626,86.23715234,6010.319981,216745.3406,84.31815825,644716.3987,85.55827288
13Dec2017a,6.6,2.846498517,0.0006566,2.57E-06,1.82E-09,3.162,f3162,0.38,b38,232365.9832,90.39489238,636880.7778,84.51843242,0.000656616,5818.287795,83.45120658,5900.809152,232365.9832,90.39489238,636880.7778,84.51843242
13Dec2017a,6.6,2.846498517,0.0006566,2.57E-06,1.82E-09,3.162,f3162,1.21,c121,232843.2742,90.58056788,610414.2,81.00613664,0.000656814,5563.04804,79.79032449,5606.264561,232843.2742,90.58056788,610414.2,81.00613664
13Dec2017a,6.6,2.846498517,0.0006566,2.57E-06,1.82E-09,10,g10000,0.12,a12,217457.3634,84.59514899,623088.4822,82.68810051,0.000656719,5634.931724,80.82134605,5795.780158,217457.3634,84.59514899,623088.4822,82.68810051
13Dec2017a,6.6,2.846498517,0.0006566,2.57E-06,1.82E-09,10,g10000,0.38,b38,216159.484,84.09024863,613393.0712,81.40145321,0.000656583,5601.542917,80.34245323,5636.432933,216159.484,84.09024863,613393.0712,81.40145321
13Dec2017a,6.6,2.846498517,0.0006566,2.57E-06,1.82E-09,10,g10000,1.21,c121,207815.5774,80.84430646,600662.8393,79.71206443,0.000656424,5463.930452,78.36868936,5540.447656,207815.5774,80.84430646,600662.8393,79.71206443
13Dec2017a,6.3,39.25861979,0.0006566,2.57E-06,1.82E-09,0.001,a1,3.83,f383,2755432.531,45.57039478,5022697.852,41.55199729,0.000656466,94997.74024,100.7504208,25712.1694,1796355.37,29.70881067,9728185.256,80.47976193
13Dec2017a,6.3,39.25861979,0.0006566,2.57E-06,1.82E-09,0.001,a1,0,zero,6046540.84,100,12087741.1,100,0.000656494,94290.16717,100,94600.74626,6046540.84,100,12087741.1,100
13Dec2017a,6.3,39.25861979,0.0006566,2.57E-06,1.82E-09,0.001,a1,0.12,a12,5783171.906,95.64430407,11944249.7,98.81291802,0.000656838,94361.45961,100.0756096,95546.92516,6137619.545,101.5062944,11950402.6,98.86381999
13Dec2017a,6.3,39.25861979,0.0006566,2.57E-06,1.82E-09,0.001,a1,0.38,b38,5453693.729,90.19526824,11750991.95,97.21412676,0.000656633,94116.61471,99.8159379,99906.08706,6123688.683,101.2759005,11972834.52,99.04939583
13Dec2017a,6.3,39.25861979,0.0006566,2.57E-06,1.82E-09,0.001,a1,1.21,c121,5865069.887,96.99876413,10371707.04,85.80351747,0.000656719,93267.33751,98.9152319,62960.1627,5129989.159,84.84171852,11904816.26,98.48669131
13Dec2017a,6.3,39.25861979,0.0006566,2.57E-06,1.82E-09,0.1,c100,3.83,f383,2651406.821,43.84997789,6286903.635,52.01057489,0.000656637,93614.383,99.28329307,43858.05029,2419001.117,40.00636365,9989551.409,82.64200342
13Dec2017a,6.3,39.25861979,0.0006566,2.57E-06,1.82E-09,0.316,d316,3.83,f383,3856407.662,63.77874168,8604002.202,71.17957056,0.000656507,93049.67026,98.68438359,62257.3116,3656775.4,60.47714713,10862698.39,89.86541247
13Dec2017a,6.3,39.25861979,0.0006566,2.57E-06,1.82E-09,1,e1000,3.83,f383,5689854.902,94.10099183,11941050.57,98.78645212,0.000656523,92048.47528,97.62256028,92304.14642,5646800.448,93.38894085,11881625.27,98.29483583
13Dec2017a,6.3,39.25861979,0.0006566,2.57E-06,1.82E-09,3.162,f3162,3.83,f383,5866746.077,97.02648559,11890164.73,98.36548146,0.000656765,91554.16541,97.09831699,93529.01636,5871267.199,97.10125765,11695681.68,96.75655348
13Dec2017a,6.3,39.25861979,0.0006566,2.57E-06,1.82E-09,10,g10000,3.83,f383,5693719.309,94.16490288,11573141.51,95.74279777,0.000656507,91134.69746,96.65344775,90912.37027,5693719.309,94.16490288,11573141.51,95.74279777
13Dec2017a,6.3,39.25861979,0.0006566,2.57E-06,1.82E-09,0.1,c100,0.12,a12,5603385.709,92.67093133,11346122.61,93.86470576,0.000656522,90235.73293,95.70004555,89333.62374,5599554.819,92.6075746,11360555.27,93.98410487
13Dec2017a,6.3,39.25861979,0.0006566,2.57E-06,1.82E-09,0.1,c100,0.38,b38,5417771.335,89.60116997,11151343.74,92.25333045,0.000656785,89382.43061,94.79507068,87363.69352,5405557.553,89.39917378,11240426.25,92.99029622
13Dec2017a,6.3,39.25861979,0.0006566,2.57E-06,1.82E-09,0.1,c100,1.21,c121,4972049.847,82.22965789,10308250.95,85.27855508,0.00065665,88482.33241,93.84046616,75911.91145,4831637.094,79.9074582,11007247.26,91.06124277
13Dec2017a,6.3,39.25861979,0.0006566,2.57E-06,1.82E-09,0.316,d316,0.12,a12,5353247.098,88.53404351,11005500.46,91.04679173,0.000656766,88662.95784,94.03202954,86892.27068,5353247.098,88.53404351,11005500.46,91.04679173
13Dec2017a,6.3,39.25861979,0.0006566,2.57E-06,1.82E-09,0.316,d316,0.38,b38,5329987.887,88.1493738,10886763.6,90.06450017,0.000656712,87356.21172,92.64615214,85927.82119,5317663.505,87.94554848,10920228.75,90.34135218
13Dec2017a,6.3,39.25861979,0.0006566,2.57E-06,1.82E-09,0.316,d316,1.21,c121,5090921.04,84.19559505,10542982.24,87.22045053,0.000656299,86185.52757,91.40457606,81835.12341,5041519.152,83.37856778,10821854.76,89.52751943
13Dec2017a,6.3,39.25861979,0.0006566,2.57E-06,1.82E-09,1,e1000,0.12,a12,5219976.598,86.32996512,10701718.62,88.5336519,0.00065644,85503.23164,90.68096304,84777.06971,5219976.598,86.32996512,10701718.62,88.5336519
13Dec2017a,6.3,39.25861979,0.0006566,2.57E-06,1.82E-09,1,e1000,0.38,b38,5202319.172,86.03793988,10604199.31,87.72688978,0.000656731,84495.01676,89.61169472,83978.34025,5202319.172,86.03793988,10604199.31,87.72688978
13Dec2017a,6.3,39.25861979,0.0006566,2.57E-06,1.82E-09,1,e1000,1.21,c121,5207128.151,86.11747261,10596972.48,87.6671034,0.00065683,84053.43626,89.14337389,83883.2499,5207128.151,86.11747261,10596972.48,87.6671034
13Dec2017a,6.3,39.25861979,0.0006566,2.57E-06,1.82E-09,3.162,f3162,0.12,a12,5069852.973,83.84716332,10404523.61,86.07500379,0.000656255,84060.78287,89.15116538,82599.1062,5069852.973,83.84716332,10404523.61,86.07500379
13Dec2017a,6.3,39.25861979,0.0006566,2.57E-06,1.82E-09,3.162,f3162,0.38,b38,5060510.877,83.69266017,10310947.16,85.30086043,0.000656716,82468.47009,87.46242855,81769.12765,5060510.877,83.69266017,10310947.16,85.30086043
13Dec2017a,6.3,39.25861979,0.0006566,2.57E-06,1.82E-09,3.162,f3162,1.21,c121,5097965.802,84.31210402,10330603.36,85.46347313,0.000656687,81833.87302,86.78940283,81938.98784,5097965.802,84.31210402,10330603.36,85.46347313
13Dec2017a,6.3,39.25861979,0.0006566,2.57E-06,1.82E-09,10,g10000,0.12,a12,4959078.932,82.01513995,10111249.6,83.64879357,0.000656459,81056.50536,85.96496092,80438.68105,4959078.932,82.01513995,10111249.6,83.64879357
13Dec2017a,6.3,39.25861979,0.0006566,2.57E-06,1.82E-09,10,g10000,0.38,b38,4895588.729,80.96511474,9920960.762,82.07456367,0.000656523,80302.82932,85.16564529,79248.76167,4895588.729,80.96511474,9920960.762,82.07456367
13Dec2017a,6.3,39.25861979,0.0006566,2.57E-06,1.82E-09,10,g10000,1.21,c121,4810842.93,79.56355637,9823794.189,81.27071975,0.000656663,79692.68842,84.51855672,78595.17724,4810842.93,79.56355637,9823794.189,81.27071975
13Dec2017b,9,1.671364553,0.0006614,2.74E-05,2.43E-09,0.001,a1,3.83,f383,123077.1072,104.6845162,346716.5392,91.64912008,0.000661456,2714.223174,102.7652762,2123.486706,110191.4911,93.7245211,373532.3587,98.73746456
13Dec2017b,9,1.671364553,0.0006614,2.74E-05,2.43E-09,0.001,a1,0,zero,117569.543,100,378308.6394,100,0.000661378,2641.187058,100,2625.022162,117569.543,100,378308.6394,100
13Dec2017b,9,1.671364553,0.0006614,2.74E-05,2.43E-09,0.001,a1,0.12,a12,105338.1706,89.59647879,375792.8554,99.33499168,0.000661452,2624.017183,99.34991825,2663.412399,105338.1706,89.59647879,375792.8554,99.33499168
13Dec2017b,9,1.671364553,0.0006614,2.74E-05,2.43E-09,0.001,a1,0.38,b38,101228.4101,86.10087913,375489.7424,99.25486847,0.000661346,2622.298281,99.28483762,2832.235104,129930.0487,110.513357,377082.6408,99.67592635
13Dec2017b,9,1.671364553,0.0006614,2.74E-05,2.43E-09,0.001,a1,1.21,c121,104822.1913,89.15760722,361394.135,95.52891407,0.000661463,2630.502991,99.59548238,2523.653685,84583.34836,71.94324842,370673.9483,97.98188825
13Dec2017b,9,1.671364553,0.0006614,2.74E-05,2.43E-09,0.1,c100,3.83,f383,124447.4239,105.8500533,349771.0772,92.45653965,0.000661439,2537.361246,96.06897165,2361.31104,118954.7357,101.1781901,361468.0548,95.5484536
13Dec2017b,9,1.671364553,0.0006614,2.74E-05,2.43E-09,0.316,d316,3.83,f383,93208.85671,79.27976444,356707.9923,94.2902052,0.000661442,2545.181653,96.36506605,2500.095559,93208.85671,79.27976444,356707.9923,94.2902052
13Dec2017b,9,1.671364553,0.0006614,2.74E-05,2.43E-09,1,e1000,3.83,f383,102963.7049,87.57685223,355721.578,94.02946193,0.00066157,2485.842112,94.11836638,2492.938589,102963.7049,87.57685223,355721.578,94.02946193
13Dec2017b,9,1.671364553,0.0006614,2.74E-05,2.43E-09,3.162,f3162,3.83,f383,123384.6387,104.9460903,366236.4656,96.80890877,0.000661196,2574.336176,97.46890774,2536.305378,123384.6387,104.9460903,366236.4656,96.80890877
13Dec2017b,9,1.671364553,0.0006614,2.74E-05,2.43E-09,10,g10000,3.83,f383,111770.8036,95.06782181,361340.3793,95.51470458,0.00066103,2476.411634,93.76131187,2487.394347,111770.8036,95.06782181,361340.3793,95.51470458
13Dec2017b,9,1.671364553,0.0006614,2.74E-05,2.43E-09,0.1,c100,0.12,a12,114160.1091,97.10007048,364969.0982,96.47389993,0.000661359,2511.708856,95.09772693,2547.773499,114160.1091,97.10007048,364969.0982,96.47389993
13Dec2017b,9,1.671364553,0.0006614,2.74E-05,2.43E-09,0.1,c100,0.38,b38,118048.9508,100.4077653,357761.8618,94.56877918,0.000661261,2443.062573,92.4986576,2422.527056,118365.4846,100.6769965,358840.9856,94.85402876
13Dec2017b,9,1.671364553,0.0006614,2.74E-05,2.43E-09,0.1,c100,1.21,c121,121786.1712,103.5864971,364128.435,96.25168371,0.000661431,2589.834085,98.05568588,2468.824533,121786.1712,103.5864971,364128.435,96.25168371
13Dec2017b,9,1.671364553,0.0006614,2.74E-05,2.43E-09,0.316,d316,0.12,a12,112206.5306,95.43843397,363077.5048,95.97388667,0.000661435,2524.704087,95.58974932,2539.908763,112206.5306,95.43843397,363077.5048,95.97388667
13Dec2017b,9,1.671364553,0.0006614,2.74E-05,2.43E-09,0.316,d316,0.38,b38,111195.6943,94.57865663,361572.9237,95.57617406,0.000661283,2501.333089,94.70488208,2560.331566,111195.6943,94.57865663,361572.9237,95.57617406
13Dec2017b,9,1.671364553,0.0006614,2.74E-05,2.43E-09,0.316,d316,1.21,c121,108168.5755,92.00390918,362072.072,95.70811616,0.000661312,2553.219469,96.66939195,2563.320035,108168.5755,92.00390918,362072.072,95.70811616
13Dec2017b,9,1.671364553,0.0006614,2.74E-05,2.43E-09,1,e1000,0.12,a12,112837.7896,95.9753579,380084.8394,100.4695108,0.000661424,2640.079095,99.95805059,2692.564494,112837.7896,95.9753579,380084.8394,100.4695108
13Dec2017b,9,1.671364553,0.0006614,2.74E-05,2.43E-09,1,e1000,0.38,b38,111848.911,95.13425691,360336.7994,95.24942384,0.000661472,2506.209385,94.88950726,2552.040328,111848.911,95.13425691,360336.7994,95.24942384
13Dec2017b,9,1.671364553,0.0006614,2.74E-05,2.43E-09,1,e1000,1.21,c121,111614.7757,94.93511067,356047.8372,94.11570345,0.000661532,2441.080595,92.4236164,2486.411822,111614.7757,94.93511067,356047.8372,94.11570345
13Dec2017b,9,1.671364553,0.0006614,2.74E-05,2.43E-09,3.162,f3162,0.12,a12,115674.9386,98.38852452,350688.3341,92.69900223,0.000661261,2386.889383,90.37184156,2371.185228,115674.9386,98.38852452,350688.3341,92.69900223
13Dec2017b,9,1.671364553,0.0006614,2.74E-05,2.43E-09,3.162,f3162,0.38,b38,117002.4751,99.51767456,352102.0887,93.07270627,0.000661265,2457.766418,93.05537111,2354.583124,117002.4751,99.51767456,352102.0887,93.07270627
13Dec2017b,9,1.671364553,0.0006614,2.74E-05,2.43E-09,3.162,f3162,1.21,c121,116448.2714,99.04629078,362602.7022,95.84838,0.000661245,2537.690088,96.08142218,2494.581307,116448.2714,99.04629078,362602.7022,95.84838
13Dec2017b,9,1.671364553,0.0006614,2.74E-05,2.43E-09,10,g10000,0.12,a12,101174.2793,86.0548376,356687.7809,94.28486263,0.000661463,2460.027364,93.14097452,2499.37183,101174.2793,86.0548376,356687.7809,94.28486263
13Dec2017b,9,1.671364553,0.0006614,2.74E-05,2.43E-09,10,g10000,0.38,b38,114076.0249,97.0285518,351457.4415,92.90230381,0.000661486,2437.604158,92.29199237,2406.791499,114076.0249,97.0285518,351457.4415,92.90230381
13Dec2017b,9,1.671364553,0.0006614,2.74E-05,2.43E-09,10,g10000,1.21,c121,116890.4941,99.42242792,364744.6828,96.41457923,0.00066142,2553.835734,96.69272485,2546.409098,116890.4941,99.42242792,364744.6828,96.41457923
13Dec2017b,9,1.671364553,0.0006614,2.74E-05,2.43E-09,0.001,a1,3.83,f383,118298.856,100.6203248,321962.8316,85.10586281,0.000661399,2466.245862,93.37641779,1938.521734,105254.7047,89.52548602,348778.6512,92.1942073
13Dec2017b,9,1.671364553,0.0006614,2.74E-05,2.43E-09,0.001,a1,0.12,a12,104986.4326,89.29730432,360814.0667,95.37558205,0.000661428,2456.326413,93.00084996,2497.948095,104986.4326,89.29730432,360814.0667,95.37558205
13Dec2017b,9,1.671364553,0.0006614,2.74E-05,2.43E-09,0.001,a1,0.38,b38,104685.8424,89.04163427,364490.9364,96.3475053,0.000661461,2517.400502,95.31322267,2690.963762,133299.9288,113.3796436,366083.8347,96.76856318
13Dec2017b,9,1.671364553,0.0006614,2.74E-05,2.43E-09,0.001,a1,1.21,c121,103825.1866,88.30959446,353927.8441,93.55531628,0.000661119,2445.48825,92.59049802,2448.422946,83167.27122,70.73878925,363207.6573,96.00829046
13Dec2017b,9,1.671364553,0.0006614,2.74E-05,2.43E-09,0.1,c100,3.83,f383,97268.76024,82.7329577,340115.3183,89.9041901,0.000661298,2489.691383,94.26410657,2294.971923,91718.76374,78.01235033,351812.2959,92.99610404
13Dec2017b,9,1.671364553,0.0006614,2.74E-05,2.43E-09,0.316,d316,3.83,f383,111087.4376,94.48657772,337499.7883,89.21281546,0.000661425,2368.88084,89.69000634,2245.500074,111087.4376,94.48657772,337499.7883,89.21281546
13Dec2017b,9,1.671364553,0.0006614,2.74E-05,2.43E-09,1,e1000,3.83,f383,98981.55314,84.18979154,343644.2203,90.8370004,0.000661459,2410.23281,91.25566487,2388.418655,98981.55314,84.18979154,343644.2203,90.8370004
13Dec2017b,9,1.671364553,0.0006614,2.74E-05,2.43E-09,3.162,f3162,3.83,f383,103992.0843,88.45155106,343705.931,90.85331267,0.000661358,2398.242279,90.80168223,2362.347094,103992.0843,88.45155106,343705.931,90.85331267
13Dec2017b,9,1.671364553,0.0006614,2.74E-05,2.43E-09,10,g10000,3.83,f383,98407.40633,83.701445,346329.9931,91.54694263,0.000661372,2370.28743,89.74326233,2341.504904,98407.40633,83.701445,346329.9931,91.54694263
13Dec2017b,9,1.671364553,0.0006614,2.74E-05,2.43E-09,0.1,c100,0.12,a12,103600.4567,88.11844807,346519.9448,91.59715341,0.000661361,2419.723291,91.61499122,2403.215752,103600.4567,88.11844807,346519.9448,91.59715341
13Dec2017b,9,1.671364553,0.0006614,2.74E-05,2.43E-09,0.1,c100,0.38,b38,122679.2456,104.3461108,355082.2938,93.8604771,0.000661348,2450.367289,92.77522704,2397.711643,123063.4329,104.6728853,356161.4176,94.14572667
13Dec2017b,9,1.671364553,0.0006614,2.74E-05,2.43E-09,0.1,c100,1.21,c121,103410.7715,87.95710935,342171.6809,90.44775754,0.000661476,2283.304815,86.44994714,2281.846887,103410.7715,87.95710935,342171.6809,90.44775754
13Dec2017b,9,1.671364553,0.0006614,2.74E-05,2.43E-09,0.316,d316,0.12,a12,105547.2495,89.77431305,346047.533,91.47227872,0.00066128,2356.538498,89.22270352,2387.158479,105547.2495,89.77431305,346047.533,91.47227872
13Dec2017b,9,1.671364553,0.0006614,2.74E-05,2.43E-09,0.316,d316,0.38,b38,104423.6778,88.8186474,344500.6622,91.0633875,0.000661354,2315.854489,87.68233521,2334.983532,104423.6778,88.8186474,344500.6622,91.0633875
13Dec2017b,9,1.671364553,0.0006614,2.74E-05,2.43E-09,0.316,d316,1.21,c121,117503.4192,99.94375777,343919.9634,90.90988879,0.000661463,2379.539282,90.09355378,2312.017668,117503.4192,99.94375777,343919.9634,90.90988879
13Dec2017b,9,1.671364553,0.0006614,2.74E-05,2.43E-09,1,e1000,0.12,a12,121743.7513,103.5504164,341755.2708,90.33768602,0.000661599,2353.093932,89.09228619,2257.845163,121743.7513,103.5504164,341755.2708,90.33768602
13Dec2017b,9,1.671364553,0.0006614,2.74E-05,2.43E-09,1,e1000,0.38,b38,113643.276,96.66047276,348973.6075,92.24574096,0.000661088,2330.865578,88.25068149,2390.996203,113643.276,96.66047276,348973.6075,92.24574096
13Dec2017b,9,1.671364553,0.0006614,2.74E-05,2.43E-09,1,e1000,1.21,c121,106318.5363,90.43033901,332330.1789,87.84630968,0.000661332,2168.650352,82.10892695,2205.300015,106318.5363,90.43033901,332330.1789,87.84630968
13Dec2017b,9,1.671364553,0.0006614,2.74E-05,2.43E-09,3.162,f3162,0.12,a12,113838.5673,96.82657978,344630.7203,91.09776633,0.000661138,2315.844417,87.68195383,2343.152382,113838.5673,96.82657978,344630.7203,91.09776633
13Dec2017b,9,1.671364553,0.0006614,2.74E-05,2.43E-09,3.162,f3162,0.38,b38,104877.9698,89.20505014,346887.6454,91.69434934,0.000661462,2400.441092,90.88493317,2383.773752,104877.9698,89.20505014,346887.6454,91.69434934
13Dec2017b,9,1.671364553,0.0006614,2.74E-05,2.43E-09,3.162,f3162,1.21,c121,91238.8523,77.60415666,332179.2185,87.80640566,0.000661103,2216.689022,83.92775571,2272.261133,91238.8523,77.60415666,332179.2185,87.80640566
13Dec2017b,9,1.671364553,0.0006614,2.74E-05,2.43E-09,10,g10000,0.12,a12,124460.0816,105.8608194,337377.3227,89.18044358,0.000661161,2285.149933,86.51980656,2229.962576,124460.0816,105.8608194,337377.3227,89.18044358
13Dec2017b,9,1.671364553,0.0006614,2.74E-05,2.43E-09,10,g10000,0.38,b38,106494.7999,90.58026186,341871.953,90.36852912,0.000661456,2321.893628,87.91098763,2298.567179,106494.7999,90.58026186,341871.953,90.36852912
13Dec2017b,9,1.671364553,0.0006614,2.74E-05,2.43E-09,10,g10000,1.21,c121,99619.13985,84.73209757,342629.4204,90.56875384,0.000661431,2232.605308,84.53037439,2328.808391,99619.13985,84.73209757,342629.4204,90.56875384
13Dec2017b,6.4,6.478255784,0.0006614,2.74E-05,2.43E-09,0.001,a1,3.83,f383,187086.2495,81.52234744,464056.5781,65.90605233,0.000661355,5798.936332,99.56856924,2670.090781,146986.6969,64.04907151,670954.4463,95.29001621
13Dec2017b,6.4,6.478255784,0.0006614,2.74E-05,2.43E-09,0.001,a1,0,zero,229490.7536,100,704118.3043,100,0.000661428,5824.063131,100,5941.48757,229490.7536,100,704118.3043,100
13Dec2017b,6.4,6.478255784,0.0006614,2.74E-05,2.43E-09,0.001,a1,0.12,a12,222259.0638,96.84880996,676480.4168,96.07482331,0.000661255,5592.694307,96.02736408,5722.606413,245630.1912,107.032718,675397.3864,95.92100962
13Dec2017b,6.4,6.478255784,0.0006614,2.74E-05,2.43E-09,0.001,a1,0.38,b38,217028.3126,94.56952372,667949.3534,94.86322815,0.000661602,5609.839264,96.32174545,5805.848157,217028.3126,94.56952372,667949.3534,94.86322815
13Dec2017b,6.4,6.478255784,0.0006614,2.74E-05,2.43E-09,0.001,a1,1.21,c121,244379.8386,106.4878801,619944.6524,88.04552426,0.000661483,5836.00233,100.2049978,4499.557891,221907.8176,96.69575535,693399.796,98.47774043
13Dec2017b,6.4,6.478255784,0.0006614,2.74E-05,2.43E-09,0.1,c100,3.83,f383,189871.3876,82.73596414,534066.338,75.84894964,0.000661519,5696.96961,97.81778599,3767.504869,167015.3235,72.77649358,667332.4412,94.77561329
13Dec2017b,6.4,6.478255784,0.0006614,2.74E-05,2.43E-09,0.316,d316,3.83,f383,193560.9102,84.34366403,607087.2304,86.21949276,0.000661542,5736.270738,98.49259201,4875.352936,190000.4038,82.79218262,670676.402,95.25052791
13Dec2017b,6.4,6.478255784,0.0006614,2.74E-05,2.43E-09,1,e1000,3.83,f383,205315.0161,89.46548515,659174.8306,93.61705647,0.000661234,5593.943291,96.04880931,5542.6013,215447.7983,93.8808187,673209.1357,95.61023078
13Dec2017b,6.4,6.478255784,0.0006614,2.74E-05,2.43E-09,3.162,f3162,3.83,f383,219230.929,95.5293081,663957.2194,94.29625893,0.000661477,5549.963082,95.29366281,5579.773437,219230.929,95.5293081,663957.2194,94.29625893
13Dec2017b,6.4,6.478255784,0.0006614,2.74E-05,2.43E-09,10,g10000,3.83,f383,219059.0675,95.45441988,675659.6678,95.95825924,0.00066157,5560.208745,95.46958231,5712.960961,219059.0675,95.45441988,675659.6678,95.95825924
13Dec2017b,6.4,6.478255784,0.0006614,2.74E-05,2.43E-09,0.1,c100,0.12,a12,226452.7852,98.67621316,654761.3601,92.99024839,0.000661405,5407.716463,92.85126795,5458.114179,226452.7852,98.67621316,654761.3601,92.99024839
13Dec2017b,6.4,6.478255784,0.0006614,2.74E-05,2.43E-09,0.1,c100,0.38,b38,226688.63,98.77898194,647161.6101,91.91091982,0.000661409,5388.799544,92.52646172,5328.558702,226688.63,98.77898194,647161.6101,91.91091982
13Dec2017b,6.4,6.478255784,0.0006614,2.74E-05,2.43E-09,0.1,c100,1.21,c121,204671.4643,89.18505914,609818.8953,86.60744815,0.000661492,5401.790065,92.74951084,4803.510625,192610.5634,83.9295529,643686.3327,91.4173554
13Dec2017b,6.4,6.478255784,0.0006614,2.74E-05,2.43E-09,0.316,d316,0.12,a12,208549.5279,90.87491531,653929.1634,92.87205849,0.00066126,5490.633288,94.27496173,5490.847456,208549.5279,90.87491531,653929.1634,92.87205849
13Dec2017b,6.4,6.478255784,0.0006614,2.74E-05,2.43E-09,0.316,d316,0.38,b38,212363.674,92.53691953,649782.4552,92.2831364,0.0006614,5451.702501,93.60651453,5438.709754,212363.674,92.53691953,649782.4552,92.2831364
13Dec2017b,6.4,6.478255784,0.0006614,2.74E-05,2.43E-09,0.316,d316,1.21,c121,219724.4711,95.74436776,631453.4815,89.68002645,0.000661427,5238.606828,89.94763123,5165.901883,224187.3558,97.68905818,640579.6169,90.97613469
13Dec2017b,6.4,6.478255784,0.0006614,2.74E-05,2.43E-09,1,e1000,0.12,a12,210903.3063,91.9005681,631804.3894,89.72986294,0.000661468,5203.613714,89.34679445,5283.575731,210903.3063,91.9005681,631804.3894,89.72986294
13Dec2017b,6.4,6.478255784,0.0006614,2.74E-05,2.43E-09,1,e1000,0.38,b38,219780.7579,95.76889461,629776.5253,89.44186246,0.000661153,5230.953624,89.81622462,5228.675541,219780.7579,95.76889461,629776.5253,89.44186246
13Dec2017b,6.4,6.478255784,0.0006614,2.74E-05,2.43E-09,1,e1000,1.21,c121,213958.2513,93.23175245,632391.0346,89.81317922,0.000661395,5279.907856,90.6567758,5257.728431,213958.2513,93.23175245,632391.0346,89.81317922
13Dec2017b,6.4,6.478255784,0.0006614,2.74E-05,2.43E-09,3.162,f3162,0.12,a12,218933.3498,95.39963874,616972.1051,87.62335837,0.000661303,5108.473397,87.71322155,5042.585819,218933.3498,95.39963874,616972.1051,87.62335837
13Dec2017b,6.4,6.478255784,0.0006614,2.74E-05,2.43E-09,3.162,f3162,0.38,b38,213773.4421,93.15122235,632937.5775,89.89080012,0.000661474,5231.072482,89.81826542,5277.35984,213773.4421,93.15122235,632937.5775,89.89080012
13Dec2017b,6.4,6.478255784,0.0006614,2.74E-05,2.43E-09,3.162,f3162,1.21,c121,209999.4283,91.50670564,621734.8603,88.29977243,0.000661371,5026.267837,86.30174027,5123.799689,209999.4283,91.50670564,621734.8603,88.29977243
13Dec2017b,6.4,6.478255784,0.0006614,2.74E-05,2.43E-09,10,g10000,0.12,a12,190334.7519,82.93787395,615538.7503,87.41979105,0.000661395,4955.927129,85.09398022,5118.134877,190334.7519,82.93787395,615538.7503,87.41979105
13Dec2017b,6.4,6.478255784,0.0006614,2.74E-05,2.43E-09,10,g10000,0.38,b38,184334.9698,80.32348447,606703.2679,86.1649618,0.000661526,4914.312945,84.37945871,5096.969863,184334.9698,80.32348447,606703.2679,86.1649618
13Dec2017b,6.4,6.478255784,0.0006614,2.74E-05,2.43E-09,10,g10000,1.21,c121,214821.0587,93.60771857,610269.8509,86.67149358,0.000661643,5058.48095,86.85484405,4997.692028,214821.0587,93.60771857,610269.8509,86.67149358
13Dec2017b,6.3,22.27410299,0.0006614,2.74E-05,2.43E-09,0.001,a1,3.83,f383,627876.0236,66.05089376,1261087.38,51.50207038,0.000661362,20726.33925,99.72823796,7136.084064,458879.7585,48.27293452,2183260.984,89.16310056
13Dec2017b,6.3,22.27410299,0.0006614,2.74E-05,2.43E-09,0.001,a1,0,zero,950594.2886,100,2448614.921,100,0.000661557,20782.81906,100,21078.37417,950594.2886,100,2448614.921,100
13Dec2017b,6.3,22.27410299,0.0006614,2.74E-05,2.43E-09,0.001,a1,0.12,a12,907359.0328,95.45176567,2460777.272,100.4967033,0.000661267,20608.53495,99.16140292,21490.63768,965784.7732,101.5979987,2455086.243,100.264285
13Dec2017b,6.3,22.27410299,0.0006614,2.74E-05,2.43E-09,0.001,a1,0.38,b38,878814.6105,92.44896809,2384606.706,97.38594199,0.000661309,20562.51789,98.93998419,21562.99804,1020762.148,107.3814729,2411093.274,98.4676379
13Dec2017b,6.3,22.27410299,0.0006614,2.74E-05,2.43E-09,0.001,a1,1.21,c121,988402.4496,103.9773183,2104423.157,85.94340985,0.000661242,20656.51264,99.39225561,14828.13256,844217.354,88.80942839,2421176.958,98.87944967
13Dec2017b,6.3,22.27410299,0.0006614,2.74E-05,2.43E-09,0.1,c100,3.83,f383,566093.8233,59.55157001,1510611.273,61.69248012,0.000661501,20522.46792,98.74727705,11487.6247,500341.3813,52.63458737,2179883.047,89.02514759
13Dec2017b,6.3,22.27410299,0.0006614,2.74E-05,2.43E-09,0.316,d316,3.83,f383,674121.929,70.91584045,1825719.481,74.56131487,0.000661545,20668.13404,99.44817391,15116.82494,652073.6712,68.59642215,2230293.986,91.08390082
13Dec2017b,6.3,22.27410299,0.0006614,2.74E-05,2.43E-09,1,e1000,3.83,f383,827834.5856,87.08600457,2197359.062,89.73885779,0.000661542,20266.85208,97.51733883,18891.60476,817377.8828,85.98598715,2314501.127,94.52287117
13Dec2017b,6.3,22.27410299,0.0006614,2.74E-05,2.43E-09,3.162,f3162,3.83,f383,885943.7803,93.19893785,2340812.512,95.59741272,0.000661482,19977.67677,96.12592362,20147.7932,886511.1703,93.25862579,2348367.822,95.90596718
13Dec2017b,6.3,22.27410299,0.0006614,2.74E-05,2.43E-09,10,g10000,3.83,f383,895562.4263,94.21079393,2350504.298,95.99321961,0.00066148,19872.99628,95.62223596,20232.00844,895562.4263,94.21079393,2350504.298,95.99321961
13Dec2017b,6.3,22.27410299,0.0006614,2.74E-05,2.43E-09,0.1,c100,0.12,a12,874179.3524,91.96135122,2322133.293,94.83456437,0.000661474,19525.45195,93.94996844,19954.44478,861782.6218,90.65724801,2316050.279,94.58613764
13Dec2017b,6.3,22.27410299,0.0006614,2.74E-05,2.43E-09,0.1,c100,0.38,b38,886687.2308,93.27714688,2248582.054,91.83077479,0.000661444,19463.64286,93.65256373,19210.33552,886687.2308,93.27714688,2248582.054,91.83077479
13Dec2017b,6.3,22.27410299,0.0006614,2.74E-05,2.43E-09,0.1,c100,1.21,c121,780133.0365,82.06792802,2031488.207,82.9647892,0.000661157,19057.35712,91.6976521,16603.43674,747310.124,78.61504461,2193561.549,89.5837696
13Dec2017b,6.3,22.27410299,0.0006614,2.74E-05,2.43E-09,0.316,d316,0.12,a12,850010.8341,89.41888714,2215106.292,90.46364429,0.000661361,19072.57621,91.77088129,19111.30228,857765.0689,90.2346121,2206992.913,90.13229863
13Dec2017b,6.3,22.27410299,0.0006614,2.74E-05,2.43E-09,0.316,d316,0.38,b38,833928.2481,87.72704171,2167135.581,88.50454854,0.000661266,18902.44692,90.95227585,18622.55698,833928.2481,87.72704171,2167135.581,88.50454854
13Dec2017b,6.3,22.27410299,0.0006614,2.74E-05,2.43E-09,0.316,d316,1.21,c121,785364.0975,82.61822177,2089977.844,85.35347173,0.000661311,18519.31041,89.10875064,17807.39197,786533.4299,82.74123244,2162744.112,88.3252035
13Dec2017b,6.3,22.27410299,0.0006614,2.74E-05,2.43E-09,1,e1000,0.12,a12,824757.8143,86.76233638,2151403.818,87.86207255,0.000661474,18230.99523,87.72147407,18563.92136,828675.2441,87.17443961,2142343.041,87.4920357
13Dec2017b,6.3,22.27410299,0.0006614,2.74E-05,2.43E-09,1,e1000,0.38,b38,809249.7791,85.13093218,2095638.023,85.58463011,0.000661545,17971.86259,86.47461416,18075.22853,809249.7791,85.13093218,2095638.023,85.58463011
13Dec2017b,6.3,22.27410299,0.0006614,2.74E-05,2.43E-09,1,e1000,1.21,c121,776176.8826,81.65175111,2051888.266,83.79791565,0.000661371,17728.15513,85.30197508,17697.02411,782336.2346,82.29969862,2069295.509,84.50881726
13Dec2017b,6.3,22.27410299,0.0006614,2.74E-05,2.43E-09,3.162,f3162,0.12,a12,803953.6064,84.57378884,2062104.263,84.215131,0.0006613,17814.2659,85.7163114,17796.90478,795437.959,83.6779653,2032136.011,82.99124512
13Dec2017b,6.3,22.27410299,0.0006614,2.74E-05,2.43E-09,3.162,f3162,0.38,b38,806145.7406,84.80439555,2060170.587,84.13616078,0.000661507,17909.13316,86.17278105,17767.05318,806145.7406,84.80439555,2060170.587,84.13616078
13Dec2017b,6.3,22.27410299,0.0006614,2.74E-05,2.43E-09,3.162,f3162,1.21,c121,788332.8986,82.93053178,2050003.403,83.72093897,0.000661413,17393.12292,83.68991169,17702.48588,777703.0968,81.8123048,2061642.674,84.19627998
13Dec2017b,6.3,22.27410299,0.0006614,2.74E-05,2.43E-09,10,g10000,0.12,a12,784897.8398,82.5691727,2040541.465,83.33451892,0.000661489,17403.84086,83.74148285,17646.03364,784897.8398,82.5691727,2040541.465,83.33451892
13Dec2017b,6.3,22.27410299,0.0006614,2.74E-05,2.43E-09,10,g10000,0.38,b38,770808.2668,81.08698696,2009246.471,82.05644969,0.000661464,17238.54056,82.94611289,17390.77859,770808.2668,81.08698696,2009246.471,82.05644969
13Dec2017b,6.3,22.27410299,0.0006614,2.74E-05,2.43E-09,10,g10000,1.21,c121,760984.8019,80.05358448,1987579.253,81.17157322,0.000661435,17336.81412,83.41897253,17190.19296,760984.8019,80.05358448,1987579.253,81.17157322
13Dec2017b,6.1,41.393369,0.0006614,2.74E-05,2.43E-09,0.001,a1,3.83,f383,1207323.88,72.72963497,3058516.152,62.42641901,0.000661343,38226.48617,98.15931308,17740.91067,894682.7651,53.89601912,4512569.592,92.10465017
13Dec2017b,6.1,41.393369,0.0006614,2.74E-05,2.43E-09,0.001,a1,0,zero,1660016.416,100,4899393.879,100,0.000661479,38943.3106,100,39297.20585,1660016.416,100,4899393.879,100
13Dec2017b,6.1,41.393369,0.0006614,2.74E-05,2.43E-09,0.001,a1,0.12,a12,1612678.517,97.14834751,4925203.778,100.5267978,0.000661375,39202.60491,100.665825,40010.71412,1716758.192,103.4181454,4918886.175,100.3978512
13Dec2017b,6.1,41.393369,0.0006614,2.74E-05,2.43E-09,0.001,a1,0.38,b38,1532042.408,92.29079865,4871769.039,99.43615801,0.000661415,39302.15102,100.921443,41536.96411,1898959.505,114.3940197,4920631.214,100.4334686
13Dec2017b,6.1,41.393369,0.0006614,2.74E-05,2.43E-09,0.001,a1,1.21,c121,1737533.252,104.6696427,4541862.253,92.70253353,0.000661379,39383.11842,101.129354,33013.70911,1678579.764,101.1182629,4947995.063,100.9919836
13Dec2017b,6.1,41.393369,0.0006614,2.74E-05,2.43E-09,0.1,c100,3.83,f383,1165603.057,70.21635722,3648726.669,74.47302175,0.000661416,38802.14677,99.63751458,25610.98443,1034574.468,62.32314679,4621806.201,94.3342445
13Dec2017b,6.1,41.393369,0.0006614,2.74E-05,2.43E-09,0.316,d316,3.83,f383,1368722.491,82.45234674,4232137.053,86.3808291,0.000661367,38475.2531,98.79810554,32580.73315,1328400.875,80.02335771,4712264.452,96.18055966
13Dec2017b,6.1,41.393369,0.0006614,2.74E-05,2.43E-09,1,e1000,3.83,f383,1530209.946,92.18041048,4625614.424,94.41197295,0.000661386,38584.91696,99.07970425,36827.84715,1527521.334,92.0184475,4776409.906,97.48981249
13Dec2017b,6.1,41.393369,0.0006614,2.74E-05,2.43E-09,3.162,f3162,3.83,f383,1638481.538,98.70273102,4758980.868,97.13407385,0.000661351,38296.56711,98.33926937,37921.8364,1642607.711,98.95129319,4803997.414,98.05289252
13Dec2017b,6.1,41.393369,0.0006614,2.74E-05,2.43E-09,10,g10000,3.83,f383,1636631.457,98.59128144,4804586.067,98.06490733,0.000661461,38430.67126,98.68362673,38133.95015,1636631.457,98.59128144,4804586.067,98.06490733
13Dec2017b,6.1,41.393369,0.0006614,2.74E-05,2.43E-09,0.1,c100,0.12,a12,1618527.644,97.50070107,4782420.449,97.61249182,0.000661376,37936.50018,97.41467687,37975.69908,1622012.949,97.71065713,4779289.361,97.54858415
13Dec2017b,6.1,41.393369,0.0006614,2.74E-05,2.43E-09,0.1,c100,0.38,b38,1631769.192,98.29837684,4726108.139,96.46311883,0.000661094,37858.96663,97.2155835,37250.87438,1630721.824,98.23528298,4746973.228,96.88898965
13Dec2017b,6.1,41.393369,0.0006614,2.74E-05,2.43E-09,0.1,c100,1.21,c121,1575604.876,94.91501773,4558748.634,93.04719618,0.000661325,37998.32786,97.57344015,34360.31643,1518334.544,91.46503186,4738192.147,96.70976174
13Dec2017b,6.1,41.393369,0.0006614,2.74E-05,2.43E-09,0.316,d316,0.12,a12,1642183.694,98.92575025,4750091.85,96.95264287,0.00066147,37177.48611,95.4656539,37681.62802,1640101.968,98.80034631,4742518.096,96.79805733
13Dec2017b,6.1,41.393369,0.0006614,2.74E-05,2.43E-09,0.316,d316,0.38,b38,1619781.614,97.5762407,4692553.407,95.77824365,0.000661531,36981.62187,94.96270683,37275.81658,1606526.104,96.7777239,4684294.322,95.60967006
13Dec2017b,6.1,41.393369,0.0006614,2.74E-05,2.43E-09,0.316,d316,1.21,c121,1568822.689,94.50645631,4614176.52,94.17851748,0.000661446,36839.82621,94.59859895,36442.99645,1559504.256,93.94511048,4633557.479,94.57409618
13Dec2017b,6.1,41.393369,0.0006614,2.74E-05,2.43E-09,1,e1000,0.12,a12,1599750.372,96.3695513,4608190.733,94.05634343,0.000661518,36526.65627,93.79443018,36505.05605,1599027.421,96.32600047,4599623.767,93.88148578
13Dec2017b,6.1,41.393369,0.0006614,2.74E-05,2.43E-09,1,e1000,0.38,b38,1561949.265,94.09239872,4588076.512,93.64579835,0.000661488,36847.15859,94.61742729,36474.6995,1560872.627,94.02754165,4573911.676,93.3566843
13Dec2017b,6.1,41.393369,0.0006614,2.74E-05,2.43E-09,1,e1000,1.21,c121,1549952.579,93.36971396,4546584.243,92.79891259,0.000661391,36353.53251,93.34987691,36065.48477,1549952.579,93.36971396,4546584.243,92.79891259
13Dec2017b,6.1,41.393369,0.0006614,2.74E-05,2.43E-09,3.162,f3162,0.12,a12,1563007.486,94.15614634,4582460.514,93.53117196,0.000661508,35807.85427,91.94866519,36419.48839,1555300.086,93.69184974,4570044.272,93.27774791
13Dec2017b,6.1,41.393369,0.0006614,2.74E-05,2.43E-09,3.162,f3162,0.38,b38,1527863.741,92.03907422,4498150.751,91.81035169,0.000661531,35559.55798,91.31108125,35742.94638,1527806.009,92.0355964,4480901.428,91.45828115
13Dec2017b,6.1,41.393369,0.0006614,2.74E-05,2.43E-09,3.162,f3162,1.21,c121,1541080.545,92.83525932,4462831.698,91.08946552,0.000661358,35387.37072,90.86893276,35448.0836,1541080.545,92.83525932,4462831.698,91.08946552
13Dec2017b,6.1,41.393369,0.0006614,2.74E-05,2.43E-09,10,g10000,0.12,a12,1546238.866,93.14599851,4461930.725,91.07107604,0.000661062,35173.32771,90.3193056,35313.5323,1546238.866,93.14599851,4461930.725,91.07107604
13Dec2017b,6.1,41.393369,0.0006614,2.74E-05,2.43E-09,10,g10000,0.38,b38,1545134.872,93.07949348,4453449.437,90.89796712,0.000661429,34807.64496,89.3802926,35314.18659,1545134.872,93.07949348,4453449.437,90.89796712
13Dec2017b,6.1,41.393369,0.0006614,2.74E-05,2.43E-09,10,g10000,1.21,c121,1521096.104,91.63138928,4375579.599,89.30859015,0.000661372,34549.97629,88.71864195,34625.12455,1521096.104,91.63138928,4375579.599,89.30859015
13Dec2017b,4.5,102.5770374,0.0006614,2.74E-05,2.43E-09,0.001,a1,3.83,f383,2237598.79,79.62122123,6876773.836,72.31402986,0.000661463,74600.56504,101.6725705,43808.32566,1990979.457,70.84568357,8718702.256,91.68318027
13Dec2017b,4.5,102.5770374,0.0006614,2.74E-05,2.43E-09,0.001,a1,0,zero,2810304.533,100,9509598.413,100,0.000661314,73373.34414,100,74320.00886,2810304.533,100,9509598.413,100
13Dec2017b,4.5,102.5770374,0.0006614,2.74E-05,2.43E-09,0.001,a1,0.12,a12,2718057.003,96.71752548,9467884.853,99.56135308,0.000661234,72676.36546,99.0500928,74504.74591,2718057.003,96.71752548,9467884.853,99.56135308
13Dec2017b,4.5,102.5770374,0.0006614,2.74E-05,2.43E-09,0.001,a1,0.38,b38,2455771.226,87.38452351,9416188.931,99.01773474,0.00066144,73303.016,99.90415028,77865.46894,2929948.703,104.2573382,9402113.051,98.86971712
13Dec2017b,4.5,102.5770374,0.0006614,2.74E-05,2.43E-09,0.001,a1,1.21,c121,2645654.114,94.14118942,9138990.356,96.10280013,0.000661333,72094.31263,98.25681721,69754.88686,2904937.665,103.3673622,9353699.238,98.36061242
13Dec2017b,4.5,102.5770374,0.0006614,2.74E-05,2.43E-09,0.1,c100,3.83,f383,2168970.666,77.1792039,7597536.318,79.89334552,0.000661288,71444.51198,97.37120859,52880.28779,2056307.468,73.17027191,9014647.862,94.79525286
13Dec2017b,4.5,102.5770374,0.0006614,2.74E-05,2.43E-09,0.316,d316,3.83,f383,2231417.925,79.40128545,8081213.635,84.97954682,0.000661494,70702.92337,96.36050285,58871.44736,2175400.488,77.40799839,9061215.462,95.28494337
13Dec2017b,4.5,102.5770374,0.0006614,2.74E-05,2.43E-09,1,e1000,3.83,f383,2435923.856,86.67828798,8672789.475,91.20037564,0.000661351,70077.15281,95.50764468,65496.74557,2423255.869,86.22751877,9147083.136,96.1879013
13Dec2017b,4.5,102.5770374,0.0006614,2.74E-05,2.43E-09,3.162,f3162,3.83,f383,2556275.603,90.96080418,8969490.921,94.32039642,0.000661287,69852.961,95.20209528,68071.35859,2540369.601,90.39481561,9200975.203,96.75461364
13Dec2017b,4.5,102.5770374,0.0006614,2.74E-05,2.43E-09,10,g10000,3.83,f383,2607155.461,92.77127907,9212503.522,96.87584189,0.000661173,70416.55184,95.97020916,69859.86083,2607155.461,92.77127907,9212503.522,96.87584189
13Dec2017b,4.5,102.5770374,0.0006614,2.74E-05,2.43E-09,0.1,c100,0.12,a12,2661016.123,94.68782089,9177512.384,96.50788588,0.000661327,69029.49552,94.07980013,69536.08221,2661016.123,94.68782089,9177512.384,96.50788588
13Dec2017b,4.5,102.5770374,0.0006614,2.74E-05,2.43E-09,0.1,c100,0.38,b38,2607007.364,92.76600927,9110278.661,95.80087682,0.000661351,69622.06882,94.887414,68553.79797,2607007.364,92.76600927,9110278.661,95.80087682
13Dec2017b,4.5,102.5770374,0.0006614,2.74E-05,2.43E-09,0.1,c100,1.21,c121,2591126.622,92.20091957,9014612.916,94.79488538,0.000661206,68004.41738,92.68272855,66701.81575,2570912.533,91.48163491,9140016.97,96.11359569
13Dec2017b,4.5,102.5770374,0.0006614,2.74E-05,2.43E-09,0.316,d316,0.12,a12,2622497.426,93.31719731,9127477.142,95.98173072,0.000661283,67360.97988,91.80579224,69186.84751,2622497.426,93.31719731,9127477.142,95.98173072
13Dec2017b,4.5,102.5770374,0.0006614,2.74E-05,2.43E-09,0.316,d316,0.38,b38,2544089.153,90.52716966,8958153.972,94.20118057,0.000661437,66597.66584,90.76547705,67536.70178,2544089.153,90.52716966,8958153.972,94.20118057
13Dec2017b,4.5,102.5770374,0.0006614,2.74E-05,2.43E-09,0.316,d316,1.21,c121,2491008.243,88.63837401,8828757.805,92.84049044,0.000661388,66054.0262,90.02455452,65917.07561,2475797.981,88.0971422,8844338.089,93.00432789
13Dec2017b,4.5,102.5770374,0.0006614,2.74E-05,2.43E-09,1,e1000,0.12,a12,2523145.671,89.78193079,8855806.252,93.12492355,0.000661538,66117.38641,90.11090769,66288.63748,2523145.671,89.78193079,8855806.252,93.12492355
13Dec2017b,4.5,102.5770374,0.0006614,2.74E-05,2.43E-09,1,e1000,0.38,b38,2495109.679,88.78431676,8827064.484,92.82268399,0.000661392,66686.36176,90.88636009,66191.51499,2495109.679,88.78431676,8827064.484,92.82268399
13Dec2017b,4.5,102.5770374,0.0006614,2.74E-05,2.43E-09,1,e1000,1.21,c121,2512009.375,89.38566428,8881053.518,93.390416,0.000661374,65043.66588,88.64754175,66773.21427,2512009.375,89.38566428,8881053.518,93.390416
13Dec2017b,4.5,102.5770374,0.0006614,2.74E-05,2.43E-09,3.162,f3162,0.12,a12,2472357.083,87.9747036,8767955.18,92.20110881,0.000661429,64387.28353,87.75296299,65618.16056,2472357.083,87.9747036,8767955.18,92.20110881
13Dec2017b,4.5,102.5770374,0.0006614,2.74E-05,2.43E-09,3.162,f3162,0.38,b38,2453129.382,87.29051792,8640493.085,90.86075678,0.000661406,63720.2757,86.84390284,64485.79044,2453129.382,87.29051792,8640493.085,90.86075678
13Dec2017b,4.5,102.5770374,0.0006614,2.74E-05,2.43E-09,3.162,f3162,1.21,c121,2433150.471,86.57960167,8574389.528,90.16563219,0.000661484,63414.25336,86.42682721,63841.1699,2433150.471,86.57960167,8574389.528,90.16563219
13Dec2017b,4.5,102.5770374,0.0006614,2.74E-05,2.43E-09,10,g10000,0.12,a12,2523837.375,89.80654391,8668963.984,91.16014797,0.000661242,63739.6105,86.87025411,64326.68297,2523837.375,89.80654391,8668963.984,91.16014797
13Dec2017b,4.5,102.5770374,0.0006614,2.74E-05,2.43E-09,10,g10000,0.38,b38,2540666.004,90.40536263,8744914.251,91.95881751,0.000661418,62845.63207,85.65185737,65326.24168,2540666.004,90.40536263,8744914.251,91.95881751
13Dec2017b,4.5,102.5770374,0.0006614,2.74E-05,2.43E-09,10,g10000,1.21,c121,2499516.623,88.94113052,8724212.418,91.74112343,0.000661538,62485.32862,85.16080241,65103.20106,2499516.623,88.94113052,8724212.418,91.74112343
14Dec2017a,9,1.646055282,0.001055,2.60E-06,2.04E-09,0.001,a1,3.83,f383,79450.78834,106.4607867,276172.4282,90.25668507,0.00105515,2452.201454,100.5278368,1987.917316,56842.56115,76.16669266,304742.2097,99.59365541
14Dec2017a,9,1.646055282,0.001055,2.60E-06,2.04E-09,0.001,a1,0,zero,74629.15766,100,305985.5655,100,0.001055145,2439.325795,100,2484.719804,74629.15766,100,305985.5655,100
14Dec2017a,9,1.646055282,0.001055,2.60E-06,2.04E-09,0.001,a1,0.12,a12,82219.89901,110.171281,305600.7876,99.87424967,0.001055115,2379.819338,97.56053669,2485.637997,82219.89901,110.171281,305600.7876,99.87424967
14Dec2017a,9,1.646055282,0.001055,2.60E-06,2.04E-09,0.001,a1,0.38,b38,83932.56225,112.4661793,298562.2388,97.57396179,0.001054979,2330.135865,95.52376602,2385.234291,83932.56225,112.4661793,298562.2388,97.57396179
14Dec2017a,9,1.646055282,0.001055,2.60E-06,2.04E-09,0.001,a1,1.21,c121,97655.65756,130.8545622,290663.3433,94.99250162,0.001054998,2342.270342,96.0212181,2126.537166,81885.16695,109.7227538,297032.0575,97.07387896
14Dec2017a,9,1.646055282,0.001055,2.60E-06,2.04E-09,0.1,c100,3.83,f383,82227.73672,110.1817832,286548.7519,93.64780047,0.00105516,2404.462758,98.57079207,2189.934878,75082.99088,100.6081178,299052.633,97.7342289
14Dec2017a,9,1.646055282,0.001055,2.60E-06,2.04E-09,0.316,d316,3.83,f383,86584.10086,116.0191319,303184.3485,99.0845264,0.001054917,2501.493673,102.548568,2444.605982,81048.77016,108.6020166,308287.8642,100.7524207
14Dec2017a,9,1.646055282,0.001055,2.60E-06,2.04E-09,1,e1000,3.83,f383,72491.9417,97.13621857,296926.5718,97.03940487,0.001055026,2413.656161,98.94767504,2345.466122,72491.9417,97.13621857,296926.5718,97.03940487
14Dec2017a,9,1.646055282,0.001055,2.60E-06,2.04E-09,3.162,f3162,3.83,f383,80073.16512,107.2947459,293773.4821,96.00893479,0.001054921,2326.658356,95.38120575,2304.684731,80073.16512,107.2947459,293773.4821,96.00893479
14Dec2017a,9,1.646055282,0.001055,2.60E-06,2.04E-09,10,g10000,3.83,f383,85378.92252,114.4042425,298608.3475,97.5890307,0.001054966,2293.667125,94.02873243,2399.693714,85378.92252,114.4042425,298608.3475,97.5890307
14Dec2017a,9,1.646055282,0.001055,2.60E-06,2.04E-09,0.1,c100,0.12,a12,87452.77581,117.1831206,297267.9196,97.15096171,0.001055115,2316.368826,94.95938715,2269.721378,87452.77581,117.1831206,297267.9196,97.15096171
14Dec2017a,9,1.646055282,0.001055,2.60E-06,2.04E-09,0.1,c100,0.38,b38,76341.88055,102.2949782,311710.222,101.870891,0.001054749,2538.019554,104.0459441,2559.524927,76341.88055,102.2949782,311710.222,101.870891
14Dec2017a,9,1.646055282,0.001055,2.60E-06,2.04E-09,0.1,c100,1.21,c121,91483.49319,122.584116,286456.6857,93.61771206,0.001055195,2257.441341,92.54365882,2174.351843,91483.49319,122.584116,286456.6857,93.61771206
14Dec2017a,9,1.646055282,0.001055,2.60E-06,2.04E-09,0.316,d316,0.12,a12,89938.95464,120.5144979,290562.8424,94.95965666,0.001054998,2236.023701,91.66564407,2205.050623,89938.95464,120.5144979,290562.8424,94.95965666
14Dec2017a,9,1.646055282,0.001055,2.60E-06,2.04E-09,0.316,d316,0.38,b38,87829.82106,117.6883457,293098.3631,95.78829726,0.001054829,2314.37053,94.87746715,2307.859594,87829.82106,117.6883457,293098.3631,95.78829726
14Dec2017a,9,1.646055282,0.001055,2.60E-06,2.04E-09,0.316,d316,1.21,c121,85114.27616,114.0496273,301346.0326,98.48374125,0.001054854,2402.690576,98.49814161,2396.54937,85114.27616,114.0496273,301346.0326,98.48374125
14Dec2017a,9,1.646055282,0.001055,2.60E-06,2.04E-09,1,e1000,0.12,a12,98690.75711,132.241553,304365.9492,99.47068866,0.001055103,2411.348891,98.85308863,2356.470335,98690.75711,132.241553,304365.9492,99.47068866
14Dec2017a,9,1.646055282,0.001055,2.60E-06,2.04E-09,1,e1000,0.38,b38,73040.75866,97.87161071,301140.2817,98.41649923,0.001055047,2446.394798,100.2897933,2398.763895,73040.75866,97.87161071,301140.2817,98.41649923
14Dec2017a,9,1.646055282,0.001055,2.60E-06,2.04E-09,1,e1000,1.21,c121,94231.39357,126.2661894,291716.5587,95.33670591,0.001055151,2263.333479,92.78520659,2214.828003,94231.39357,126.2661894,291716.5587,95.33670591
14Dec2017a,9,1.646055282,0.001055,2.60E-06,2.04E-09,3.162,f3162,0.12,a12,85150.61135,114.098315,292803.8152,95.69203526,0.001055064,2291.572732,93.9428729,2285.332967,85150.61135,114.098315,292803.8152,95.69203526
14Dec2017a,9,1.646055282,0.001055,2.60E-06,2.04E-09,3.162,f3162,0.38,b38,74019.75878,99.18343058,293194.4007,95.81968358,0.001054924,2281.499446,93.52991922,2339.471269,74019.75878,99.18343058,293194.4007,95.81968358
14Dec2017a,9,1.646055282,0.001055,2.60E-06,2.04E-09,3.162,f3162,1.21,c121,75766.76951,101.5243531,303122.9243,99.06445219,0.00105495,2346.643869,96.20051054,2446.585713,75766.76951,101.5243531,303122.9243,99.06445219
14Dec2017a,9,1.646055282,0.001055,2.60E-06,2.04E-09,10,g10000,0.12,a12,74487.62601,99.81035341,288756.9463,94.36946667,0.001055066,2243.496694,91.97199893,2307.878366,74487.62601,99.81035341,288756.9463,94.36946667
14Dec2017a,9,1.646055282,0.001055,2.60E-06,2.04E-09,10,g10000,0.38,b38,90108.92213,120.7422473,290618.0304,94.9776928,0.001055095,2231.118007,91.46453545,2204.671325,90108.92213,120.7422473,290618.0304,94.9776928
14Dec2017a,9,1.646055282,0.001055,2.60E-06,2.04E-09,10,g10000,1.21,c121,89110.99757,119.4050695,299432.7158,97.85844481,0.001055023,2338.031691,95.84745489,2358.6623,89110.99757,119.4050695,299432.7158,97.85844481
14Dec2017a,6.6,2.847588265,0.001055,2.60E-06,2.04E-09,0.001,a1,3.83,f383,161190.8256,94.90392408,375267.1519,66.02418736,0.001054717,5565.603354,101.8351478,2457.575673,81834.40293,48.18143918,583532.7988,102.6662703
14Dec2017a,6.6,2.847588265,0.001055,2.60E-06,2.04E-09,0.001,a1,0,zero,169846.3232,100,568378.2973,100,0.001055173,5465.306893,100,5502.322804,169846.3232,100,568378.2973,100
14Dec2017a,6.6,2.847588265,0.001055,2.60E-06,2.04E-09,0.001,a1,0.12,a12,163010.4812,95.97527822,577449.0969,101.5959089,0.001055035,5533.69322,101.2512806,5685.133571,182019.2707,107.1670362,577191.1207,101.5505207
14Dec2017a,6.6,2.847588265,0.001055,2.60E-06,2.04E-09,0.001,a1,0.38,b38,175583.3701,103.3777869,564457.9899,99.3102644,0.001055205,5480.985982,100.286884,5585.695354,174037.7994,102.4678051,578273.9985,101.7410413
14Dec2017a,6.6,2.847588265,0.001055,2.60E-06,2.04E-09,0.001,a1,1.21,c121,226420.5283,133.3090549,500485.9689,88.05508079,0.001055222,5482.685661,100.3179834,3892.977616,193060.6487,113.667841,578879.8849,101.8476405
14Dec2017a,6.6,2.847588265,0.001055,2.60E-06,2.04E-09,0.1,c100,3.83,f383,131168.3076,77.2276403,447838.2892,78.79229226,0.001055202,5512.270095,100.8592967,3744.721212,105790.343,62.28591885,574206.0656,101.0253326
14Dec2017a,6.6,2.847588265,0.001055,2.60E-06,2.04E-09,0.316,d316,3.83,f383,166694.9604,98.1445799,527761.3715,92.85389221,0.00105485,5585.817825,102.2050167,4859.21458,162738.9194,95.81539142,576173.3707,101.3714587
14Dec2017a,6.6,2.847588265,0.001055,2.60E-06,2.04E-09,1,e1000,3.83,f383,179099.4169,105.4479211,567035.5398,99.76375637,0.001054921,5474.514173,100.1684678,5441.253606,179099.4169,105.4479211,567035.5398,99.76375637
14Dec2017a,6.6,2.847588265,0.001055,2.60E-06,2.04E-09,3.162,f3162,3.83,f383,162940.7315,95.93421182,558913.6573,98.33479918,0.001055072,5290.793089,96.80688007,5349.201558,162940.7315,95.93421182,558913.6573,98.33479918
14Dec2017a,6.6,2.847588265,0.001055,2.60E-06,2.04E-09,10,g10000,3.83,f383,180798.5415,106.4483105,574867.9081,101.1417767,0.001054844,5425.762642,99.27644958,5526.656815,180798.5415,106.4483105,574867.9081,101.1417767
14Dec2017a,6.6,2.847588265,0.001055,2.60E-06,2.04E-09,0.1,c100,0.12,a12,173770.9266,102.310679,576277.9447,101.3898573,0.001054741,5530.051015,101.1846384,5537.662057,173770.9266,102.310679,576277.9447,101.3898573
14Dec2017a,6.6,2.847588265,0.001055,2.60E-06,2.04E-09,0.1,c100,0.38,b38,178419.9315,105.0478621,560325.1072,98.58312851,0.001055203,5418.172505,99.13757107,5312.799711,178419.9315,105.0478621,560325.1072,98.58312851
14Dec2017a,6.6,2.847588265,0.001055,2.60E-06,2.04E-09,0.1,c100,1.21,c121,171085.9272,100.7298386,526449.2939,92.62304638,0.001055093,5417.817389,99.13107343,4780.297394,164022.7271,96.57125572,560880.5275,98.68084868
14Dec2017a,6.6,2.847588265,0.001055,2.60E-06,2.04E-09,0.316,d316,0.12,a12,175532.9835,103.3481209,562137.7804,98.9020487,0.001055057,5373.617213,98.32233245,5359.467013,175532.9835,103.3481209,562137.7804,98.9020487
14Dec2017a,6.6,2.847588265,0.001055,2.60E-06,2.04E-09,0.316,d316,0.38,b38,170327.7477,100.2834471,545942.7375,96.05270645,0.001054834,5208.983679,95.30999414,5187.274484,170327.7477,100.2834471,545942.7375,96.05270645
14Dec2017a,6.6,2.847588265,0.001055,2.60E-06,2.04E-09,0.316,d316,1.21,c121,159408.4597,93.85452489,550492.0131,96.85310219,0.001054967,5404.149556,98.88098988,5236.361888,165881.055,97.66537884,559566.8617,98.44972342
14Dec2017a,6.6,2.847588265,0.001055,2.60E-06,2.04E-09,1,e1000,0.12,a12,188899.8135,111.2180764,550916.2052,96.92773418,0.001054898,5234.783828,95.7820655,5231.537834,188899.8135,111.2180764,550916.2052,96.92773418
14Dec2017a,6.6,2.847588265,0.001055,2.60E-06,2.04E-09,1,e1000,0.38,b38,178015.4181,104.8096978,553512.0471,97.38444443,0.001055069,5305.786221,97.08121292,5305.556408,178015.4181,104.8096978,553512.0471,97.38444443
14Dec2017a,6.6,2.847588265,0.001055,2.60E-06,2.04E-09,1,e1000,1.21,c121,164563.7414,96.88978738,558785.3963,98.31223306,0.00105477,5322.875688,97.39390289,5348.578144,164563.7414,96.88978738,558785.3963,98.31223306
14Dec2017a,6.6,2.847588265,0.001055,2.60E-06,2.04E-09,3.162,f3162,0.12,a12,162942.7906,95.93542413,549195.612,96.62501446,0.001055107,5216.448475,95.44657926,5292.161989,162942.7906,95.93542413,549195.612,96.62501446
14Dec2017a,6.6,2.847588265,0.001055,2.60E-06,2.04E-09,3.162,f3162,0.38,b38,178494.8606,105.091978,546697.5314,96.18550427,0.001055056,5186.64073,94.90117996,5171.470285,178494.8606,105.091978,546697.5314,96.18550427
14Dec2017a,6.6,2.847588265,0.001055,2.60E-06,2.04E-09,3.162,f3162,1.21,c121,182690.1164,107.5620084,550617.683,96.87521244,0.001055096,5196.119612,95.07461728,5199.950654,182690.1164,107.5620084,550617.683,96.87521244
14Dec2017a,6.6,2.847588265,0.001055,2.60E-06,2.04E-09,10,g10000,0.12,a12,161912.5804,95.32886985,540950.4766,95.17437227,0.001054824,5058.937068,92.56455615,5170.795093,161912.5804,95.32886985,540950.4766,95.17437227
14Dec2017a,6.6,2.847588265,0.001055,2.60E-06,2.04E-09,10,g10000,0.38,b38,175887.1902,103.5566663,538809.2544,94.79764744,0.001055238,5086.241895,93.06415897,5035.554325,175887.1902,103.5566663,538809.2544,94.79764744
14Dec2017a,6.6,2.847588265,0.001055,2.60E-06,2.04E-09,10,g10000,1.21,c121,159476.7824,93.89475107,522110.7713,91.85973035,0.001055096,4944.465237,90.47003827,4911.399779,159476.7824,93.89475107,522110.7713,91.85973035
14Dec2017a,6.4,6.11287683,0.001055,2.60E-06,2.04E-09,0.001,a1,3.83,f383,356544.4249,92.70002477,695574.6949,56.32146999,0.001054987,12406.59793,99.29255457,4720.43137,201027.4732,52.2662828,1242091.534,100.5735568
14Dec2017a,6.4,6.11287683,0.001055,2.60E-06,2.04E-09,0.001,a1,0,zero,384621.7148,100,1235008.062,100,0.001054957,12494.99319,100,12433.95007,384621.7148,100,1235008.062,100
14Dec2017a,6.4,6.11287683,0.001055,2.60E-06,2.04E-09,0.001,a1,0.12,a12,340810.7627,88.60933993,1254075.851,101.5439405,0.00105499,12691.10498,101.569523,12858.38111,340810.7627,88.60933993,1254075.851,101.5439405
14Dec2017a,6.4,6.11287683,0.001055,2.60E-06,2.04E-09,0.001,a1,0.38,b38,407468.207,105.9399902,1244727.993,100.7870339,0.001055008,12886.91846,103.1366585,12814.47052,419383.0541,109.0377995,1277822.951,103.46677
14Dec2017a,6.4,6.11287683,0.001055,2.60E-06,2.04E-09,0.001,a1,1.21,c121,540186.8485,140.4462691,1081281.331,87.55257267,0.001055109,13035.25354,104.3238147,8911.793916,365447.718,95.01484286,1284968.807,104.045378
14Dec2017a,6.4,6.11287683,0.001055,2.60E-06,2.04E-09,0.1,c100,3.83,f383,312396.1968,81.22167436,908291.7553,73.54541103,0.001055069,13118.43034,104.9894957,8194.319966,252451.1872,65.6362284,1265206.697,102.4452177
14Dec2017a,6.4,6.11287683,0.001055,2.60E-06,2.04E-09,0.316,d316,3.83,f383,395388.3042,102.7992672,1171076.499,94.82338907,0.001055215,13222.66646,105.8237188,11327.68901,361446.6298,93.97457706,1286260.879,104.1499986
14Dec2017a,6.4,6.11287683,0.001055,2.60E-06,2.04E-09,1,e1000,3.83,f383,422576.5768,109.8681017,1409941.389,114.1645494,0.00105491,13297.01997,106.4187852,14460.72906,400814.054,104.2099389,1309559.323,106.0364999
14Dec2017a,6.4,6.11287683,0.001055,2.60E-06,2.04E-09,3.162,f3162,3.83,f383,394472.0047,102.5610332,1327976.574,107.5277656,0.00105506,13166.45987,105.3738859,13552.53662,394472.0047,102.5610332,1327976.574,107.5277656
14Dec2017a,6.4,6.11287683,0.001055,2.60E-06,2.04E-09,10,g10000,3.83,f383,393197.8859,102.2297678,1310573.763,106.1186403,0.001055026,13105.53638,104.8863027,13242.2802,393197.8859,102.2297678,1310573.763,106.1186403
14Dec2017a,6.4,6.11287683,0.001055,2.60E-06,2.04E-09,0.1,c100,0.12,a12,363972.1044,94.63118965,1303700.405,105.5620968,0.001054959,13234.45633,105.9180756,13244.25787,363972.1044,94.63118965,1303700.405,105.5620968
14Dec2017a,6.4,6.11287683,0.001055,2.60E-06,2.04E-09,0.1,c100,0.38,b38,363111.8038,94.40751517,1273682.913,103.1315465,0.001055051,13076.54018,104.6542401,12965.70867,362119.307,94.14947025,1285895.985,104.1204527
14Dec2017a,6.4,6.11287683,0.001055,2.60E-06,2.04E-09,0.1,c100,1.21,c121,352810.481,91.72921533,1181087.056,95.63395515,0.001055098,13264.0485,106.1549077,11853.9802,347316.4397,90.30078809,1291652.158,104.5865366
14Dec2017a,6.4,6.11287683,0.001055,2.60E-06,2.04E-09,0.316,d316,0.12,a12,371810.1386,96.669045,1298282.412,105.1233957,0.001054999,13137.95463,105.1457526,13213.53989,371810.1386,96.669045,1298282.412,105.1233957
14Dec2017a,6.4,6.11287683,0.001055,2.60E-06,2.04E-09,0.316,d316,0.38,b38,373384.613,97.0784016,1284847.721,104.0355736,0.001055066,13021.95415,104.2173769,12992.79531,373384.613,97.0784016,1284847.721,104.0355736
14Dec2017a,6.4,6.11287683,0.001055,2.60E-06,2.04E-09,0.316,d316,1.21,c121,376215.3997,97.81439403,1282349.758,103.8333107,0.00105505,13232.17908,105.8998502,12828.74298,352936.622,91.76201145,1300010.99,105.2633606
14Dec2017a,6.4,6.11287683,0.001055,2.60E-06,2.04E-09,1,e1000,0.12,a12,350681.9907,91.17581696,1309245.104,106.0110573,0.001054988,13213.05379,105.7467866,13370.25558,350681.9907,91.17581696,1309245.104,106.0110573
14Dec2017a,6.4,6.11287683,0.001055,2.60E-06,2.04E-09,1,e1000,0.38,b38,398633.4005,103.6429783,1299848.446,105.2501993,0.001055082,13107.55512,104.9024591,13119.89123,398633.4005,103.6429783,1299848.446,105.2501993
14Dec2017a,6.4,6.11287683,0.001055,2.60E-06,2.04E-09,1,e1000,1.21,c121,399047.6115,103.7506714,1352658.61,109.526298,0.001055105,13246.11399,106.0113742,13867.47734,390312.0196,101.4794549,1311737.598,106.2128774
14Dec2017a,6.4,6.11287683,0.001055,2.60E-06,2.04E-09,3.162,f3162,0.12,a12,354571.8026,92.18715142,1287916.379,104.2840463,0.001055177,13072.33363,104.6205742,13180.17255,354571.8026,92.18715142,1287916.379,104.2840463
14Dec2017a,6.4,6.11287683,0.001055,2.60E-06,2.04E-09,3.162,f3162,0.38,b38,374640.6521,97.40496639,1277586.179,103.4475983,0.001054968,12989.97619,103.9614507,12958.07022,374640.6521,97.40496639,1277586.179,103.4475983
14Dec2017a,6.4,6.11287683,0.001055,2.60E-06,2.04E-09,3.162,f3162,1.21,c121,365774.3571,95.09976763,1267539.357,102.6340958,0.001055008,12837.91805,102.7444982,12975.70574,365774.3571,95.09976763,1267539.357,102.6340958
14Dec2017a,6.4,6.11287683,0.001055,2.60E-06,2.04E-09,10,g10000,0.12,a12,368947.7119,95.9248263,1276615.903,103.369034,0.001055103,12985.60062,103.9264322,12973.29946,368947.7119,95.9248263,1276615.903,103.369034
14Dec2017a,6.4,6.11287683,0.001055,2.60E-06,2.04E-09,10,g10000,0.38,b38,354596.6125,92.19360187,1248867.731,101.1222331,0.001055097,12714.28143,101.7550088,12706.5836,354596.6125,92.19360187,1248867.731,101.1222331
14Dec2017a,6.4,6.11287683,0.001055,2.60E-06,2.04E-09,10,g10000,1.21,c121,367100.6562,95.44459972,1236714.461,100.1381691,0.00105508,12603.43163,100.8678551,12488.84812,367100.6562,95.44459972,1236714.461,100.1381691
14Dec2017a,6.3,15.89908724,0.001055,2.60E-06,2.04E-09,0.001,a1,3.83,f383,1248789.065,81.47624995,2077334.114,46.9329067,0.001055104,41336.83172,95.80414645,14336.41379,578424.6046,37.73885358,4192704.582,94.72516317
14Dec2017a,6.3,15.89908724,0.001055,2.60E-06,2.04E-09,0.001,a1,0,zero,1532703.169,100,4426178.263,100,0.001055015,43147.22614,100,43243.58053,1532703.169,100,4426178.263,100
14Dec2017a,6.3,15.89908724,0.001055,2.60E-06,2.04E-09,0.001,a1,0.12,a12,1440590.609,93.99018928,4605797.81,104.0581182,0.001054915,44985.60986,104.2607229,45998.0454,1440590.609,93.99018928,4605797.81,104.0581182
14Dec2017a,6.3,15.89908724,0.001055,2.60E-06,2.04E-09,0.001,a1,0.38,b38,1815027.027,118.4199957,4687547.421,105.9050753,0.001055187,46904.98392,108.7091526,47315.60622,1881048.005,122.7274819,4834683.593,109.2293013
14Dec2017a,6.3,15.89908724,0.001055,2.60E-06,2.04E-09,0.001,a1,1.21,c121,2474058.192,161.4179603,4145158.94,93.6509714,0.001055133,48256.2193,111.840838,30938.205,1750165.73,114.188172,4911196.521,110.9579468
14Dec2017a,6.3,15.89908724,0.001055,2.60E-06,2.04E-09,0.1,c100,3.83,f383,1030193.99,67.21418802,3088203.409,69.77132926,0.00105525,48958.9982,113.4696308,27900.66454,945926.6678,61.71623359,4771080.88,107.7923345
14Dec2017a,6.3,15.89908724,0.001055,2.60E-06,2.04E-09,0.316,d316,3.83,f383,1697725.381,110.766743,4455451.903,100.6613751,0.001055337,49450.32562,114.6083539,39020.60885,1564464.256,102.0722269,5198367.519,117.4459592
14Dec2017a,6.3,15.89908724,0.001055,2.60E-06,2.04E-09,1,e1000,3.83,f383,2339081.178,152.6114923,6120664.403,138.2832782,0.001055073,49472.12271,114.6588718,58016.17814,2304492.072,150.3547535,5376186.258,121.4633921
14Dec2017a,6.3,15.89908724,0.001055,2.60E-06,2.04E-09,3.162,f3162,3.83,f383,1714942.815,111.8900809,5056309.594,114.2364653,0.001055145,49317.23452,114.2998958,49147.20072,1714942.815,111.8900809,5056309.594,114.2364653
14Dec2017a,6.3,15.89908724,0.001055,2.60E-06,2.04E-09,10,g10000,3.83,f383,1737171.002,113.3403413,5069847.977,114.542336,0.001054998,48994.50232,113.5519168,49196.92742,1737171.002,113.3403413,5069847.977,114.542336
14Dec2017a,6.3,15.89908724,0.001055,2.60E-06,2.04E-09,0.1,c100,0.12,a12,1546240.911,100.8832592,5000967.724,112.9861345,0.001055023,49142.52475,113.8949804,49846.78168,1546240.911,100.8832592,5000967.724,112.9861345
14Dec2017a,6.3,15.89908724,0.001055,2.60E-06,2.04E-09,0.1,c100,0.38,b38,1692026.308,110.3949116,4971211.394,112.313854,0.001054994,49400.2822,114.4923709,49199.23792,1688614.249,110.1722945,5050914.961,114.1145851
14Dec2017a,6.3,15.89908724,0.001055,2.60E-06,2.04E-09,0.1,c100,1.21,c121,1436774.707,93.74122376,4365569.679,98.63067909,0.001055104,49143.32162,113.8968273,43012.7359,1436869.273,93.74739364,4829199.138,109.1053918
14Dec2017a,6.3,15.89908724,0.001055,2.60E-06,2.04E-09,0.316,d316,0.12,a12,1552249.178,101.2752638,5042654.533,113.9279584,0.001055026,49208.04555,114.0468344,49458.31588,1552249.178,101.2752638,5042654.533,113.9279584
14Dec2017a,6.3,15.89908724,0.001055,2.60E-06,2.04E-09,0.316,d316,0.38,b38,1694818.584,110.5770914,4941695.601,111.647008,0.00105498,48756.66128,113.0006854,48573.7583,1694818.584,110.5770914,4941695.601,111.647008
14Dec2017a,6.3,15.89908724,0.001055,2.60E-06,2.04E-09,0.316,d316,1.21,c121,1744633.837,113.827248,4921887.494,111.1994864,0.001055005,48767.31462,113.0253761,46073.0871,1675960.342,109.3467004,5049204.728,114.0759461
14Dec2017a,6.3,15.89908724,0.001055,2.60E-06,2.04E-09,1,e1000,0.12,a12,1620407.284,105.7221853,5009417.234,113.177033,0.001054976,48697.09337,112.8626281,49064.05937,1620407.284,105.7221853,5009417.234,113.177033
14Dec2017a,6.3,15.89908724,0.001055,2.60E-06,2.04E-09,1,e1000,0.38,b38,1672121.204,109.0962189,4964454.946,112.1612066,0.001055094,48393.72443,112.1595263,48774.29539,1672121.204,109.0962189,4964454.946,112.1612066
14Dec2017a,6.3,15.89908724,0.001055,2.60E-06,2.04E-09,1,e1000,1.21,c121,1693159.958,110.4688757,5290743.813,119.5330034,0.001055092,47865.12894,110.934429,52082.72707,1691400.745,110.3540972,4935771.62,111.5131684
14Dec2017a,6.3,15.89908724,0.001055,2.60E-06,2.04E-09,3.162,f3162,0.12,a12,1574503.487,102.7272286,4849680.456,109.5681233,0.001054992,47732.86786,110.6278946,47777.89123,1574503.487,102.7272286,4849680.456,109.5681233
14Dec2017a,6.3,15.89908724,0.001055,2.60E-06,2.04E-09,3.162,f3162,0.38,b38,1646347.352,107.4146244,4822066.196,108.9442383,0.001054838,47580.34749,110.2744064,47140.86885,1646347.352,107.4146244,4822066.196,108.9442383
14Dec2017a,6.3,15.89908724,0.001055,2.60E-06,2.04E-09,3.162,f3162,1.21,c121,1517478.624,99.00668667,4751454.501,107.3489186,0.001055104,47190.96804,109.3719626,47039.52421,1517478.624,99.00668667,4751454.501,107.3489186
14Dec2017a,6.3,15.89908724,0.001055,2.60E-06,2.04E-09,10,g10000,0.12,a12,1480576.585,96.59904249,4656171.887,105.1962124,0.001055075,46494.96313,107.7588696,46223.65795,1480576.585,96.59904249,4656171.887,105.1962124
14Dec2017a,6.3,15.89908724,0.001055,2.60E-06,2.04E-09,10,g10000,0.38,b38,1513396.622,98.74035972,4631992.045,104.6499208,0.001055085,45939.82471,106.4722552,45744.15445,1513396.622,98.74035972,4631992.045,104.6499208
14Dec2017a,6.3,15.89908724,0.001055,2.60E-06,2.04E-09,10,g10000,1.21,c121,1405400.143,91.6942153,4498625.764,101.6367958,0.001054655,45504.2251,105.4626894,44860.29915,1405400.143,91.6942153,4498625.764,101.6367958
14Dec2017b,9,0.889485649,0.0008833,2.57E-06,2.04E-09,0.001,a1,3.83,f383,81760.34219,94.2816765,190049.6074,83.45118935,0.000883306,1555.99521,91.96155864,1077.449486,76895.41601,88.67170248,211583.8698,92.90693005
14Dec2017b,9,0.889485649,0.0008833,2.57E-06,2.04E-09,0.001,a1,0,zero,86719.22819,100,227737.4462,100,0.000883075,1692.006131,100,1660.922083,86719.22819,100,227737.4462,100
14Dec2017b,9,0.889485649,0.0008833,2.57E-06,2.04E-09,0.001,a1,0.12,a12,53830.20914,62.07413311,215319.4076,94.54721271,0.000883333,1501.557684,88.74422242,1623.238322,53830.20914,62.07413311,215319.4076,94.54721271
14Dec2017b,9,0.889485649,0.0008833,2.57E-06,2.04E-09,0.001,a1,0.38,b38,61702.37998,71.15190168,214711.2852,94.28018486,0.000883129,1549.777819,91.59410188,1603.507535,53650.55103,61.86696094,216086.2951,94.88395466
14Dec2017b,9,0.889485649,0.0008833,2.57E-06,2.04E-09,0.001,a1,1.21,c121,84091.20047,96.96949825,210012.2629,92.21683411,0.000883302,1536.976027,90.83749754,1374.451955,74931.6422,86.407183,218116.8466,95.77557417
14Dec2017b,9,0.889485649,0.0008833,2.57E-06,2.04E-09,0.1,c100,3.83,f383,65559.39353,75.59960449,198985.3692,87.37490149,0.000883346,1533.449069,90.62904921,1332.732742,59338.1478,68.42559492,208121.7373,91.38670024
14Dec2017b,9,0.889485649,0.0008833,2.57E-06,2.04E-09,0.316,d316,3.83,f383,71552.29051,82.51029443,199993.7539,87.81768533,0.000883353,1456.04975,86.05463798,1418.760603,71552.29051,82.51029443,199993.7539,87.81768533
14Dec2017b,9,0.889485649,0.0008833,2.57E-06,2.04E-09,1,e1000,3.83,f383,74661.10104,86.09520933,205908.7812,90.41498651,0.0008833,1469.99262,86.87868165,1464.641583,74661.10104,86.09520933,205908.7812,90.41498651
14Dec2017b,9,0.889485649,0.0008833,2.57E-06,2.04E-09,3.162,f3162,3.83,f383,74461.10649,85.86458625,209290.8655,91.90006696,0.000883385,1527.797659,90.29504276,1436.507879,74461.10649,85.86458625,209290.8655,91.90006696
14Dec2017b,9,0.889485649,0.0008833,2.57E-06,2.04E-09,10,g10000,3.83,f383,67962.25166,78.37045263,209124.3042,91.82692954,0.000883195,1465.794577,86.63057126,1442.946857,67962.25166,78.37045263,209124.3042,91.82692954
14Dec2017b,9,0.889485649,0.0008833,2.57E-06,2.04E-09,0.1,c100,0.12,a12,55911.88112,64.47460648,225429.4538,98.98655563,0.000883356,1638.404252,96.83205175,1685.088937,55911.88112,64.47460648,225429.4538,98.98655563
14Dec2017b,9,0.889485649,0.0008833,2.57E-06,2.04E-09,0.1,c100,0.38,b38,77833.74061,89.75372848,195912.8632,86.02575752,0.000883286,1341.613844,79.29131103,1319.470812,77833.74061,89.75372848,195912.8632,86.02575752
14Dec2017b,9,0.889485649,0.0008833,2.57E-06,2.04E-09,0.1,c100,1.21,c121,58789.04929,67.79240373,204746.2691,89.90452494,0.000883363,1464.787611,86.57105813,1424.165389,73963.71903,85.2910255,208569.1323,91.58315237
14Dec2017b,9,0.889485649,0.0008833,2.57E-06,2.04E-09,0.316,d316,0.12,a12,73188.53819,84.3971282,204696.1806,89.88253096,0.000883361,1404.062147,82.98209574,1416.98228,73188.53819,84.3971282,204696.1806,89.88253096
14Dec2017b,9,0.889485649,0.0008833,2.57E-06,2.04E-09,0.316,d316,0.38,b38,67515.61265,77.8554123,207135.904,90.95381876,0.000883375,1444.513017,85.37280041,1503.519309,67515.61265,77.8554123,207135.904,90.95381876
14Dec2017b,9,0.889485649,0.0008833,2.57E-06,2.04E-09,0.316,d316,1.21,c121,76344.60944,88.03654165,195965.6382,86.04893113,0.00088325,1294.871577,76.52877574,1279.501388,76344.60944,88.03654165,195965.6382,86.04893113
14Dec2017b,9,0.889485649,0.0008833,2.57E-06,2.04E-09,1,e1000,0.12,a12,75521.26679,87.08710671,214317.9674,94.10747814,0.000883365,1513.840832,89.47017419,1545.348743,75521.26679,87.08710671,214317.9674,94.10747814
14Dec2017b,9,0.889485649,0.0008833,2.57E-06,2.04E-09,1,e1000,0.38,b38,79760.8664,91.97598741,208561.482,91.57979311,0.000883346,1506.887457,89.05921965,1507.435194,79760.8664,91.97598741,208561.482,91.57979311
14Dec2017b,9,0.889485649,0.0008833,2.57E-06,2.04E-09,1,e1000,1.21,c121,69681.76538,80.35330437,206718.6209,90.77058885,0.00088328,1426.714523,84.32088379,1408.318062,69681.76538,80.35330437,206718.6209,90.77058885
14Dec2017b,9,0.889485649,0.0008833,2.57E-06,2.04E-09,3.162,f3162,0.12,a12,78222.54198,90.20207354,209957.444,92.192763,0.00088341,1463.282438,86.48210022,1479.903275,78222.54198,90.20207354,209957.444,92.192763
14Dec2017b,9,0.889485649,0.0008833,2.57E-06,2.04E-09,3.162,f3162,0.38,b38,88081.32675,101.5706996,202876.5714,89.08353669,0.000883307,1375.091289,81.26987628,1345.888083,88081.32675,101.5706996,202876.5714,89.08353669
14Dec2017b,9,0.889485649,0.0008833,2.57E-06,2.04E-09,3.162,f3162,1.21,c121,63382.75769,73.08962385,213002.4666,93.52983895,0.000883235,1508.152275,89.13397226,1548.419575,63382.75769,73.08962385,213002.4666,93.52983895
14Dec2017b,9,0.889485649,0.0008833,2.57E-06,2.04E-09,10,g10000,0.12,a12,72930.05879,84.09906351,206185.2063,90.53636537,0.000883512,1422.05824,84.04569075,1446.902365,72930.05879,84.09906351,206185.2063,90.53636537
14Dec2017b,9,0.889485649,0.0008833,2.57E-06,2.04E-09,10,g10000,0.38,b38,76817.13943,88.58143808,220503.7534,96.82367001,0.000883422,1540.809952,91.06408803,1632.799144,76817.13943,88.58143808,220503.7534,96.82367001
14Dec2017b,9,0.889485649,0.0008833,2.57E-06,2.04E-09,10,g10000,1.21,c121,83656.95609,96.46875073,206339.0853,90.60393396,0.000882988,1441.012415,85.16590981,1402.266867,83656.95609,96.46875073,206339.0853,90.60393396
14Dec2017b,6.4,7.536984731,0.0008833,2.57E-06,2.04E-09,0.001,a1,3.83,f383,417424.657,67.33351278,787335.7325,45.79111174,0.000883456,16158.01774,98.68086309,5141.279924,252002.364,40.64974149,1571143.282,91.37702584
14Dec2017b,6.4,7.536984731,0.0008833,2.57E-06,2.04E-09,0.001,a1,0,zero,619935.9572,100,1719407.332,100,0.000883292,16374.01339,100,16224.82916,619935.9572,100,1719407.332,100
14Dec2017b,6.4,7.536984731,0.0008833,2.57E-06,2.04E-09,0.001,a1,0.12,a12,576805.2492,93.04271553,1716586.801,99.83595911,0.000883058,16206.80417,98.97881344,16546.7831,644350.3348,103.9382096,1716844.66,99.85095612
14Dec2017b,6.4,7.536984731,0.0008833,2.57E-06,2.04E-09,0.001,a1,0.38,b38,638840.7593,103.0494766,1675383.122,97.4395707,0.000883334,16232.33784,99.13475368,16348.53202,656431.4144,105.8869722,1728255.114,100.5145833
14Dec2017b,6.4,7.536984731,0.0008833,2.57E-06,2.04E-09,0.001,a1,1.21,c121,787127.358,126.9691407,1412583.423,82.1552518,0.000883361,16262.44204,99.3186072,10516.155,604425.2245,97.49801048,1681702.921,97.80712752
14Dec2017b,6.4,7.536984731,0.0008833,2.57E-06,2.04E-09,0.1,c100,3.83,f383,359771.4411,58.03364636,975527.9344,56.73629026,0.000883138,16406.97962,100.2013326,8452.853356,307226.949,49.55785277,1582154.452,92.01743082
14Dec2017b,6.4,7.536984731,0.0008833,2.57E-06,2.04E-09,0.316,d316,3.83,f383,453846.701,73.20864288,1263381.5,73.47773137,0.000883306,16394.54656,100.1254009,11413.52289,434043.1354,70.01418942,1631483.965,94.88641433
14Dec2017b,6.4,7.536984731,0.0008833,2.57E-06,2.04E-09,1,e1000,3.83,f383,646586.9814,104.2989963,1750189.166,101.7902584,0.000883268,16431.97478,100.353984,16420.04181,635113.0894,102.4481774,1735436.86,100.9322706
14Dec2017b,6.4,7.536984731,0.0008833,2.57E-06,2.04E-09,3.162,f3162,3.83,f383,634565.0588,102.3597763,1745362.321,101.5095312,0.000883315,16538.64491,101.0054439,16505.11726,640122.6696,103.2562577,1710684.802,99.4927014
14Dec2017b,6.4,7.536984731,0.0008833,2.57E-06,2.04E-09,10,g10000,3.83,f383,618027.2031,99.69210463,1709183.772,99.40540211,0.000883476,16209.45071,98.99497648,16161.42117,618027.2031,99.69210463,1709183.772,99.40540211
14Dec2017b,6.4,7.536984731,0.0008833,2.57E-06,2.04E-09,0.1,c100,0.12,a12,597216.3214,96.33516405,1701679.831,98.96897609,0.000882974,16078.51751,98.19533626,16144.19524,597216.3214,96.33516405,1701679.831,98.96897609
14Dec2017b,6.4,7.536984731,0.0008833,2.57E-06,2.04E-09,0.1,c100,0.38,b38,610812.8558,98.52838001,1658799.594,96.47507972,0.000883131,16035.27505,97.93124424,15635.20321,605732.609,97.70890072,1685622.263,98.03507474
14Dec2017b,6.4,7.536984731,0.0008833,2.57E-06,2.04E-09,0.1,c100,1.21,c121,531826.8299,85.78738235,1469625.337,85.47278532,0.000883495,16012.84089,97.79423349,13596.39659,523908.0006,84.51001987,1626497.687,94.59641454
14Dec2017b,6.4,7.536984731,0.0008833,2.57E-06,2.04E-09,0.316,d316,0.12,a12,585680.4001,94.47433937,1658614.728,96.464328,0.000883381,15719.54874,96.00302847,15731.12896,585680.4001,94.47433937,1658614.728,96.464328
14Dec2017b,6.4,7.536984731,0.0008833,2.57E-06,2.04E-09,0.316,d316,0.38,b38,581516.8084,93.80272294,1631074.095,94.86257651,0.000883087,15621.92167,95.4067967,15438.35939,586981.4797,94.6842126,1645694.023,95.7128653
14Dec2017b,6.4,7.536984731,0.0008833,2.57E-06,2.04E-09,0.316,d316,1.21,c121,549933.3606,88.70809222,1515448.852,88.13786146,0.000883455,15356.1031,93.78337941,14115.15048,535386.2196,86.36153677,1593135.145,92.65606327
14Dec2017b,6.4,7.536984731,0.0008833,2.57E-06,2.04E-09,1,e1000,0.12,a12,563101.004,90.83212507,1615588.131,93.96191942,0.000883444,15421.40687,94.18220509,15470.44497,563101.004,90.83212507,1615588.131,93.96191942
14Dec2017b,6.4,7.536984731,0.0008833,2.57E-06,2.04E-09,1,e1000,0.38,b38,567513.1639,91.54383728,1591904.108,92.58446666,0.000883117,15067.18349,92.01887852,15150.18002,567513.1639,91.54383728,1591904.108,92.58446666
14Dec2017b,6.4,7.536984731,0.0008833,2.57E-06,2.04E-09,1,e1000,1.21,c121,564150.1396,91.00135798,1615264.461,93.94309487,0.000883414,14943.01433,91.26054787,15362.95413,564150.1396,91.00135798,1615264.461,93.94309487
14Dec2017b,6.4,7.536984731,0.0008833,2.57E-06,2.04E-09,3.162,f3162,0.12,a12,546514.4904,88.15660457,1545732.51,89.89914616,0.000883369,14575.22037,89.01434258,14752.17364,546514.4904,88.15660457,1545732.51,89.89914616
14Dec2017b,6.4,7.536984731,0.0008833,2.57E-06,2.04E-09,3.162,f3162,0.38,b38,536853.1162,86.59815743,1511806.234,87.92600833,0.000883204,14457.66207,88.29638602,14421.85941,536853.1162,86.59815743,1511806.234,87.92600833
14Dec2017b,6.4,7.536984731,0.0008833,2.57E-06,2.04E-09,3.162,f3162,1.21,c121,526534.1358,84.93363381,1497589.455,87.09916655,0.000883436,14232.72707,86.9226544,14302.35002,526534.1358,84.93363381,1497589.455,87.09916655
14Dec2017b,6.4,7.536984731,0.0008833,2.57E-06,2.04E-09,10,g10000,0.12,a12,533101.5123,85.99299752,1458547.584,84.82850789,0.000883297,14153.957,86.44158679,13865.33266,533101.5123,85.99299752,1458547.584,84.82850789
14Dec2017b,6.4,7.536984731,0.0008833,2.57E-06,2.04E-09,10,g10000,0.38,b38,518258.5653,83.5987265,1413060.512,82.18299909,0.000883215,13646.38278,83.34171015,13408.64581,518258.5653,83.5987265,1413060.512,82.18299909
14Dec2017b,6.4,7.536984731,0.0008833,2.57E-06,2.04E-09,10,g10000,1.21,c121,503031.9032,81.14255954,1394568.714,81.10752397,0.000882995,13364.33307,81.61916536,13258.79412,503031.9032,81.14255954,1394568.714,81.10752397
14Dec2017b,6.3,27.78228836,0.0008833,2.57E-06,2.04E-09,0.001,a1,3.83,f383,1545662.477,44.63939591,2605306.147,36.59161174,0.000883097,58578.18515,98.31145423,15300.72423,911075.0087,26.31223738,5923888.699,83.2012144
14Dec2017b,6.3,27.78228836,0.0008833,2.57E-06,2.04E-09,0.001,a1,0,zero,3462552.407,100,7119954.609,100,0.000883118,59584.29321,100,59217.13818,3462552.407,100,7119954.609,100
14Dec2017b,6.3,27.78228836,0.0008833,2.57E-06,2.04E-09,0.001,a1,0.12,a12,3344223.605,96.58261341,7224594.661,101.469673,0.000883409,59922.22421,100.5671478,61380.93578,3617001.195,104.4605473,7224097.741,101.4626938
14Dec2017b,6.3,27.78228836,0.0008833,2.57E-06,2.04E-09,0.001,a1,0.38,b38,3400617.185,98.21128422,7110003.435,99.86023544,0.000883091,60135.13115,100.9244684,62916.65066,3745140.334,108.1612607,7318314.367,102.7859694
14Dec2017b,6.3,27.78228836,0.0008833,2.57E-06,2.04E-09,0.001,a1,1.21,c121,3703275.192,106.9521774,6195752.034,87.01954401,0.000883389,60193.53428,101.022486,37265.71613,2980341.007,86.07352776,7443200.06,104.5399932
14Dec2017b,6.3,27.78228836,0.0008833,2.57E-06,2.04E-09,0.1,c100,3.83,f383,1377899.804,39.79433788,3462227.558,48.62710155,0.000883148,60866.00722,102.1510938,26502.62431,1269575.197,36.66587672,6233185.941,87.54530448
14Dec2017b,6.3,27.78228836,0.0008833,2.57E-06,2.04E-09,0.316,d316,3.83,f383,2186939.133,63.15974103,5090849.108,71.50114555,0.000883302,61067.11047,102.4886043,38420.49676,2054982.055,59.34876395,6813735.978,95.69914911
14Dec2017b,6.3,27.78228836,0.0008833,2.57E-06,2.04E-09,1,e1000,3.83,f383,3755821.742,108.4697443,7953827.887,111.711778,0.000883477,61517.10547,103.2438285,63550.81563,3727996.047,107.6661263,7711857.836,108.3133006
14Dec2017b,6.3,27.78228836,0.0008833,2.57E-06,2.04E-09,3.162,f3162,3.83,f383,3693842.568,106.6797591,7697018.631,108.1048834,0.000883344,62023.02292,104.092907,63478.68101,3702588.386,106.9323421,7558925.465,106.1653603
14Dec2017b,6.3,27.78228836,0.0008833,2.57E-06,2.04E-09,10,g10000,3.83,f383,3568945.255,103.0726711,7388456.88,103.7711234,0.000883276,61785.45673,103.6942009,61416.71143,3568945.255,103.0726711,7388456.88,103.7711234
14Dec2017b,6.3,27.78228836,0.0008833,2.57E-06,2.04E-09,0.1,c100,0.12,a12,3662076.923,105.7623537,7495900.272,105.2801694,0.000883266,61937.99119,103.9501987,62083.23043,3662076.923,105.7623537,7495900.272,105.2801694
14Dec2017b,6.3,27.78228836,0.0008833,2.57E-06,2.04E-09,0.1,c100,0.38,b38,3675826.546,106.1594487,7382669.263,103.6898361,0.000883079,61874.22071,103.843173,60593.05762,3646969.244,105.3260374,7472109.781,104.9460311
14Dec2017b,6.3,27.78228836,0.0008833,2.57E-06,2.04E-09,0.1,c100,1.21,c121,3270950.846,94.46646466,6722083.585,94.4118882,0.000883363,61655.44724,103.4760067,52348.28024,3169361.592,91.53252341,7367835.033,103.4814888
14Dec2017b,6.3,27.78228836,0.0008833,2.57E-06,2.04E-09,0.316,d316,0.12,a12,3588746.339,103.644535,7377544.231,103.6178548,0.000883279,61097.36864,102.5393864,61266.06134,3588746.339,103.644535,7377544.231,103.6178548
14Dec2017b,6.3,27.78228836,0.0008833,2.57E-06,2.04E-09,0.316,d316,0.38,b38,3599160.137,103.9452899,7334462.798,103.0127747,0.000883326,61092.01339,102.5303987,60552.73878,3607000.801,104.1717317,7382897.313,103.6930391
14Dec2017b,6.3,27.78228836,0.0008833,2.57E-06,2.04E-09,0.316,d316,1.21,c121,3248370.406,93.81433186,6956903.893,97.70994725,0.000883354,60529.88135,101.5869755,56412.93773,3217878.031,92.93369898,7282335.13,102.2806398
14Dec2017b,6.3,27.78228836,0.0008833,2.57E-06,2.04E-09,1,e1000,0.12,a12,3482639.679,100.580129,7277993.939,102.2196677,0.00088302,60608.83936,101.7194903,60435.48352,3482639.679,100.580129,7277993.939,102.2196677
14Dec2017b,6.3,27.78228836,0.0008833,2.57E-06,2.04E-09,1,e1000,0.38,b38,3533992.108,102.0632093,7241876.594,101.7123984,0.000883219,60165.1134,100.9747874,60136.22041,3530058.622,101.9496085,7262986.184,102.0088832
14Dec2017b,6.3,27.78228836,0.0008833,2.57E-06,2.04E-09,1,e1000,1.21,c121,3508975.756,101.3407263,7368184.51,103.4863972,0.000883346,59662.04144,100.1304844,60724.04221,3508975.756,101.3407263,7368184.51,103.4863972
14Dec2017b,6.3,27.78228836,0.0008833,2.57E-06,2.04E-09,3.162,f3162,0.12,a12,3469539.872,100.201801,7141746.494,100.3060678,0.000883338,59494.61097,99.84948678,59562.65161,3469539.872,100.201801,7141746.494,100.3060678
14Dec2017b,6.3,27.78228836,0.0008833,2.57E-06,2.04E-09,3.162,f3162,0.38,b38,3407231.657,98.40231301,7048204.714,98.99227033,0.000883224,59078.98894,99.15195055,58623.38601,3422242.31,98.83582711,7099834.505,99.71741247
14Dec2017b,6.3,27.78228836,0.0008833,2.57E-06,2.04E-09,3.162,f3162,1.21,c121,3402919.594,98.27777877,7081641.195,99.46188682,0.000883351,58775.69135,98.64292783,58943.3288,3402919.594,98.27777877,7081641.195,99.46188682
14Dec2017b,6.3,27.78228836,0.0008833,2.57E-06,2.04E-09,10,g10000,0.12,a12,3356177.396,96.92784402,6893857.044,96.82445216,0.000882962,58287.12929,97.82297675,57544.20531,3356177.396,96.92784402,6893857.044,96.82445216
14Dec2017b,6.3,27.78228836,0.0008833,2.57E-06,2.04E-09,10,g10000,0.38,b38,3301686.654,95.354128,6828941.779,95.91271509,0.000883309,58095.17088,97.50081398,57083.19332,3301686.654,95.354128,6828941.779,95.91271509
14Dec2017b,6.3,27.78228836,0.0008833,2.57E-06,2.04E-09,10,g10000,1.21,c121,3184869.277,91.98039201,6761973.137,94.97213828,0.000883178,57231.85648,96.05191805,56464.94489,3184869.277,91.98039201,6761973.137,94.97213828
14Dec2017b,6.2,43.28319421,0.0008833,2.57E-06,2.04E-09,0.001,a1,3.83,f383,2671665.632,52.67420832,5157770.221,47.90577697,0.000883381,83416.78344,98.90714104,25272.31258,1622396.445,31.986955,9236171.444,85.78628948
14Dec2017b,6.2,43.28319421,0.0008833,2.57E-06,2.04E-09,0.001,a1,0,zero,5072056.547,100,10766489.03,100,0.000883421,84338.48411,100,83711.87835,5072056.547,100,10766489.03,100
14Dec2017b,6.2,43.28319421,0.0008833,2.57E-06,2.04E-09,0.001,a1,0.12,a12,4988680.335,98.35616556,10999610.42,102.1652499,0.00088336,85387.03915,101.24327,87033.91757,5325424.041,104.9953602,11016519.34,102.3223013
14Dec2017b,6.2,43.28319421,0.0008833,2.57E-06,2.04E-09,0.001,a1,0.38,b38,4789734.597,94.43377756,10903190.3,101.2696922,0.000883369,85942.95221,101.9024152,90796.89906,5441675.334,107.2873554,11156637.75,103.6237322
14Dec2017b,6.2,43.28319421,0.0008833,2.57E-06,2.04E-09,0.001,a1,1.21,c121,5399374.939,106.4533664,9947901.565,92.39689503,0.000883316,86356.57913,102.3928519,58964.2428,4560816.806,89.92046449,11426170.77,106.1271761
14Dec2017b,6.2,43.28319421,0.0008833,2.57E-06,2.04E-09,0.1,c100,3.83,f383,2938589.155,57.93683741,7180406.471,66.69218213,0.000883338,86593.80951,102.6741356,47627.69575,2647522.786,52.19821114,10066201.82,93.49567717
14Dec2017b,6.2,43.28319421,0.0008833,2.57E-06,2.04E-09,0.316,d316,3.83,f383,4042666.888,79.70468882,9316191.059,86.52951798,0.000883512,86524.98025,102.5925248,67203.29344,3879692.71,76.49151135,10725077.77,99.615369
14Dec2017b,6.2,43.28319421,0.0008833,2.57E-06,2.04E-09,1,e1000,3.83,f383,5066812.185,99.89660284,11345823.95,105.3809085,0.000883347,86697.20898,102.7967361,87443.99947,5034385.626,99.25728508,11275699.94,104.7295912
14Dec2017b,6.2,43.28319421,0.0008833,2.57E-06,2.04E-09,3.162,f3162,3.83,f383,5309803.347,104.6873847,11279872.14,104.7683429,0.000883297,86523.65451,102.5909529,87279.23196,5316461.359,104.8186531,11220974.99,104.2213015
14Dec2017b,6.2,43.28319421,0.0008833,2.57E-06,2.04E-09,10,g10000,3.83,f383,5198689.572,102.4966801,11169983.43,103.7476879,0.000883481,86925.8474,103.0678323,86053.73275,5198689.572,102.4966801,11169983.43,103.7476879
14Dec2017b,6.2,43.28319421,0.0008833,2.57E-06,2.04E-09,0.1,c100,0.12,a12,5189428.748,102.3140949,11233795.66,104.3403809,0.000883405,86729.54269,102.8350742,86641.02335,5179843.645,102.1251162,11254644.75,104.5340289
14Dec2017b,6.2,43.28319421,0.0008833,2.57E-06,2.04E-09,0.1,c100,0.38,b38,5144150.68,101.4213984,11084062.65,102.9496488,0.000883257,86668.36613,102.7625372,84677.60308,5136145.717,101.2635736,11181204.07,103.8519061
14Dec2017b,6.2,43.28319421,0.0008833,2.57E-06,2.04E-09,0.1,c100,1.21,c121,4899981.913,96.60739914,10578418.92,98.25319002,0.000883265,86408.14976,102.4539991,76599.07545,4736366.342,93.38157604,11196403.79,103.9930823
14Dec2017b,6.2,43.28319421,0.0008833,2.57E-06,2.04E-09,0.316,d316,0.12,a12,5171292.742,101.9565278,11205216.73,104.0749375,0.000883318,86417.31416,102.4648653,86529.83322,5172676.713,101.983814,11219762.28,104.2100377
14Dec2017b,6.2,43.28319421,0.0008833,2.57E-06,2.04E-09,0.316,d316,0.38,b38,5143635.065,101.4112326,11066606.61,102.7875158,0.000883444,86066.06622,102.0483912,85246.17718,5149719.452,101.5311916,11101285.95,103.1096202
14Dec2017b,6.2,43.28319421,0.0008833,2.57E-06,2.04E-09,0.316,d316,1.21,c121,5097763.583,100.5068365,10970818.56,101.8978289,0.000883361,86168.36005,102.1696809,83608.59194,5072520.638,100.0091499,11172692.57,103.7728506
14Dec2017b,6.2,43.28319421,0.0008833,2.57E-06,2.04E-09,1,e1000,0.12,a12,5242648.885,103.3633761,11084726.93,102.9558188,0.00088337,85651.81435,101.5572135,85577.72869,5244570.168,103.4012559,11098703.89,103.0856379
14Dec2017b,6.2,43.28319421,0.0008833,2.57E-06,2.04E-09,1,e1000,0.38,b38,5129083.593,101.1243377,11044341.02,102.5807113,0.000883324,85968.48047,101.932684,85250.08734,5125518.872,101.0540562,11057146.32,102.6996479
14Dec2017b,6.2,43.28319421,0.0008833,2.57E-06,2.04E-09,1,e1000,1.21,c121,5146608.164,101.4698499,11055844.07,102.6875525,0.000883373,85062.80911,100.8588309,85316.79625,5146608.164,101.4698499,11055844.07,102.6875525
14Dec2017b,6.2,43.28319421,0.0008833,2.57E-06,2.04E-09,3.162,f3162,0.12,a12,5013329.343,98.84214217,10968171.06,101.8732386,0.000883325,84850.49133,100.6070861,84717.50738,5022049.704,99.01407165,10991102.99,102.0862322
14Dec2017b,6.2,43.28319421,0.0008833,2.57E-06,2.04E-09,3.162,f3162,0.38,b38,5101721.175,100.5848639,10943148.38,101.6408261,0.000883559,84702.90089,100.4320884,84300.99443,5100195.399,100.5547819,10969790.96,101.8882844
14Dec2017b,6.2,43.28319421,0.0008833,2.57E-06,2.04E-09,3.162,f3162,1.21,c121,5094347.598,100.4394874,10887236.58,101.1215129,0.000883401,84133.10368,99.75648076,84133.72584,5094347.598,100.4394874,10887236.58,101.1215129
14Dec2017b,6.2,43.28319421,0.0008833,2.57E-06,2.04E-09,10,g10000,0.12,a12,4966635.592,97.92153431,10783328.17,100.1564033,0.000883319,83709.68705,99.25443637,82875.73621,4966635.592,97.92153431,10783328.17,100.1564033
14Dec2017b,6.2,43.28319421,0.0008833,2.57E-06,2.04E-09,10,g10000,0.38,b38,4927217.027,97.14436306,10746869.89,99.81777591,0.000883426,83160.66805,98.60346546,82743.2555,4927217.027,97.14436306,10746869.89,99.81777591
14Dec2017b,6.2,43.28319421,0.0008833,2.57E-06,2.04E-09,10,g10000,1.21,c121,5026173.755,99.09538091,10592635.06,98.38523067,0.000883376,82489.23366,97.80734682,81550.07548,5026173.755,99.09538091,10592635.06,98.38523067
14Dec2017b,6.1,57.97023863,0.0008833,2.57E-06,2.04E-09,0.001,a1,3.83,f383,3834385.901,67.0455971,8411678.002,60.52996927,0.000883257,107669.226,100.0888448,39550.01011,2473337.425,43.24718189,12740104.19,91.67708451
14Dec2017b,6.1,57.97023863,0.0008833,2.57E-06,2.04E-09,0.001,a1,0,zero,5719071.897,100,13896716.13,100,0.000883373,107573.6524,100,106522.1312,5719071.897,100,13896716.13,100
14Dec2017b,6.1,57.97023863,0.0008833,2.57E-06,2.04E-09,0.001,a1,0.12,a12,5855406.893,102.3838657,14156446.06,101.8690022,0.000883192,108462.2573,100.8260433,110261.1964,5855406.893,102.3838657,14156446.06,101.8690022
14Dec2017b,6.1,57.97023863,0.0008833,2.57E-06,2.04E-09,0.001,a1,0.38,b38,5251802.301,91.82962543,13916694.47,100.1437631,0.000883238,108161.8042,100.5467434,114640.3675,5764489.911,100.7941501,14183052.98,102.0604641
14Dec2017b,6.1,57.97023863,0.0008833,2.57E-06,2.04E-09,0.001,a1,1.21,c121,6214876.286,108.6693156,13030544.39,93.76707611,0.000883431,108488.5834,100.8505159,81917.42793,5523792.053,96.5854627,14475652.57,104.1659946
14Dec2017b,6.1,57.97023863,0.0008833,2.57E-06,2.04E-09,0.1,c100,3.83,f383,4045849.087,70.74310588,10723625.01,77.16661198,0.000883302,108017.7766,100.412856,70202.73875,3650476.955,63.82988396,13370011.61,96.20986345
14Dec2017b,6.1,57.97023863,0.0008833,2.57E-06,2.04E-09,0.316,d316,3.83,f383,4806072.278,84.03587793,12534841.95,90.20002877,0.000883326,107980.0863,100.3778192,91219.44467,4686460.202,81.94441838,13744592.03,98.90532338
14Dec2017b,6.1,57.97023863,0.0008833,2.57E-06,2.04E-09,1,e1000,3.83,f383,5448488.134,95.26874697,13784651.85,99.19359166,0.000883392,107518.3751,99.94861445,104862.7502,5433736.65,95.01081204,13990819.03,100.6771593
14Dec2017b,6.1,57.97023863,0.0008833,2.57E-06,2.04E-09,3.162,f3162,3.83,f383,5699485.006,99.65751627,13896170.24,99.99607183,0.000882964,106910.0741,99.38314052,105775.4949,5703121.485,99.7211014,14003484.97,100.7683027
14Dec2017b,6.1,57.97023863,0.0008833,2.57E-06,2.04E-09,10,g10000,3.83,f383,5751170.799,100.5612607,13755735.53,98.98551143,0.000883434,106848.428,99.32583451,104113.217,5751170.799,100.5612607,13755735.53,98.98551143
14Dec2017b,6.1,57.97023863,0.0008833,2.57E-06,2.04E-09,0.1,c100,0.12,a12,5850901.546,102.3050882,13926712.95,100.2158554,0.000883234,106088.2203,98.61914878,105824.6546,5850901.546,102.3050882,13926712.95,100.2158554
14Dec2017b,6.1,57.97023863,0.0008833,2.57E-06,2.04E-09,0.1,c100,0.38,b38,5655133.439,98.8820134,13752692.15,98.96361143,0.000883031,105828.9521,98.37813421,103665.4342,5630933.58,98.45887029,13876906.54,99.85745127
14Dec2017b,6.1,57.97023863,0.0008833,2.57E-06,2.04E-09,0.1,c100,1.21,c121,5512876.279,96.39459652,13381259.75,96.2908044,0.000883359,105567.9674,98.13552398,95828.78693,5328684.277,93.17393405,13959322.68,100.4505133
14Dec2017b,6.1,57.97023863,0.0008833,2.57E-06,2.04E-09,0.316,d316,0.12,a12,5847181.156,102.2400358,13816456.98,99.42245961,0.000883335,105331.6619,97.91585539,104996.72,5847181.156,102.2400358,13816456.98,99.42245961
14Dec2017b,6.1,57.97023863,0.0008833,2.57E-06,2.04E-09,0.316,d316,0.38,b38,5555212.568,97.13486153,13661238.23,98.30551406,0.000883279,104659.5031,97.29101951,103647.2937,5555203.092,97.13469585,13721379.59,98.73828795
14Dec2017b,6.1,57.97023863,0.0008833,2.57E-06,2.04E-09,0.316,d316,1.21,c121,5452599.416,95.34063418,13611181.96,97.9453119,0.00088301,104388.9898,97.03955147,102683.1123,5437248.448,95.07221708,13763492.57,99.04133063
14Dec2017b,6.1,57.97023863,0.0008833,2.57E-06,2.04E-09,1,e1000,0.12,a12,5679621.127,99.31018931,13651857.34,98.2380097,0.000883466,104094.7655,96.76604181,103644.8438,5679621.127,99.31018931,13651857.34,98.2380097
14Dec2017b,6.1,57.97023863,0.0008833,2.57E-06,2.04E-09,1,e1000,0.38,b38,5610989.99,98.11014953,13587033.85,97.77154345,0.000883374,103972.0725,96.65198694,103313.2658,5634010.008,98.51266271,13642169.32,98.16829528
14Dec2017b,6.1,57.97023863,0.0008833,2.57E-06,2.04E-09,1,e1000,1.21,c121,5593954.026,97.81226966,13568313.46,97.63683259,0.000883161,103285.5385,96.01378792,102993.5667,5595800.298,97.84455239,13613551.92,97.96236604
14Dec2017b,6.1,57.97023863,0.0008833,2.57E-06,2.04E-09,3.162,f3162,0.12,a12,5532487.97,96.73751389,13443835.28,96.74109445,0.000883352,102888.0592,95.64429291,101733.1181,5532487.97,96.73751389,13443835.28,96.74109445
14Dec2017b,6.1,57.97023863,0.0008833,2.57E-06,2.04E-09,3.162,f3162,0.38,b38,5438783.299,95.09905448,13375825.48,96.25169971,0.000883306,102178.09,94.98430861,101458.7969,5447406.181,95.24982864,13456375.6,96.83133391
14Dec2017b,6.1,57.97023863,0.0008833,2.57E-06,2.04E-09,3.162,f3162,1.21,c121,5390342.681,94.25205311,13351007.15,96.07310836,0.000883254,101841.9413,94.67182627,101011.3012,5388635.176,94.22219676,13425339.65,96.60800098
14Dec2017b,6.1,57.97023863,0.0008833,2.57E-06,2.04E-09,10,g10000,0.12,a12,5493560.193,96.05684789,13163296.93,94.72235603,0.000883392,101154.3492,94.03264363,99197.73509,5493560.193,96.05684789,13163296.93,94.72235603
14Dec2017b,6.1,57.97023863,0.0008833,2.57E-06,2.04E-09,10,g10000,0.38,b38,5418155.026,94.73836181,13150983.35,94.63374823,0.000883417,100401.7374,93.33301894,99142.01051,5418155.026,94.73836181,13150983.35,94.63374823
14Dec2017b,6.1,57.97023863,0.0008833,2.57E-06,2.04E-09,10,g10000,1.21,c121,5425152.313,94.86071185,13027300.63,93.74373422,0.000883022,99862.69891,92.83193113,98154.59259,5425152.313,94.86071185,13027300.63,93.74373422
14Dec2017b,4.5,85.50978814,0.0008833,2.57E-06,2.04E-09,0.001,a1,3.83,f383,5418011.637,86.80752024,12994870.14,72.9923385,0.000883201,140056.3234,101.4665978,65099.81289,3884713.694,62.2409816,16925730.11,95.07202517
14Dec2017b,4.5,85.50978814,0.0008833,2.57E-06,2.04E-09,0.001,a1,0,zero,6241408.144,100,17803060.45,100,0.000883352,138031.9499,100,137170.9009,6241408.144,100,17803060.45,100
14Dec2017b,4.5,85.50978814,0.0008833,2.57E-06,2.04E-09,0.001,a1,0.12,a12,6123414.189,98.10949786,17857513.78,100.305865,0.000883358,136754.4771,99.07450938,139164.9848,6475851.047,103.7562502,17811503.25,100.0474233
14Dec2017b,4.5,85.50978814,0.0008833,2.57E-06,2.04E-09,0.001,a1,0.38,b38,5545436.251,88.84912063,17487595.64,98.22803048,0.000883378,135579.1939,98.22305198,143340.6754,6401427.311,102.5638312,17662126.93,99.20837479
14Dec2017b,4.5,85.50978814,0.0008833,2.57E-06,2.04E-09,0.001,a1,1.21,c121,6529600.01,104.6174174,16612965.56,93.31522301,0.000883284,134613.702,97.5235821,111380.0499,6267882.719,100.4241763,17745707.58,99.6778483
14Dec2017b,4.5,85.50978814,0.0008833,2.57E-06,2.04E-09,0.1,c100,3.83,f383,4948166.874,79.27965549,15145886.2,85.07462099,0.000883414,133743.1698,96.89290772,104410.2598,4501808.8,72.12809508,17002613.13,95.50387799
14Dec2017b,4.5,85.50978814,0.0008833,2.57E-06,2.04E-09,0.316,d316,3.83,f383,5195826.173,83.24765908,16367319.77,91.93542771,0.000883248,132345.6004,95.88041067,123453.0988,5116725.808,81.98031101,16996540.84,95.46976989
14Dec2017b,4.5,85.50978814,0.0008833,2.57E-06,2.04E-09,1,e1000,3.83,f383,5458155.949,87.45071342,16792548.52,94.32394263,0.000883333,130801.8009,94.76197431,127886.6956,5463961.298,87.54372688,16980709.77,95.38084656
14Dec2017b,4.5,85.50978814,0.0008833,2.57E-06,2.04E-09,3.162,f3162,3.83,f383,5716972.739,91.59748262,16891217.48,94.87816735,0.000883179,130167.7537,94.30262613,128450.4525,5703173.659,91.3763934,16927727.7,95.08324565
14Dec2017b,4.5,85.50978814,0.0008833,2.57E-06,2.04E-09,10,g10000,3.83,f383,5795516.284,92.85590928,16830835.77,94.53900253,0.000883464,128311.7031,92.95797331,127705.3915,5795516.284,92.85590928,16830835.77,94.53900253
14Dec2017b,4.5,85.50978814,0.0008833,2.57E-06,2.04E-09,0.1,c100,0.12,a12,5731779.033,91.83470944,16753098.83,94.10235323,0.000883281,127034.9805,92.03302616,127310.6437,5707983.161,91.45345137,16717488.49,93.90232953
14Dec2017b,4.5,85.50978814,0.0008833,2.57E-06,2.04E-09,0.1,c100,0.38,b38,5530043.28,88.60249406,16386282.7,92.04194274,0.000883299,125206.0412,90.70801457,123390.1781,5480855.01,87.81439836,16441115.62,92.34993988
14Dec2017b,4.5,85.50978814,0.0008833,2.57E-06,2.04E-09,0.1,c100,1.21,c121,5514074.201,88.34663708,16195464.07,90.97011227,0.000883303,125429.6335,90.87000046,117541.1121,5338222.678,85.5291395,16597292.54,93.22718748
14Dec2017b,4.5,85.50978814,0.0008833,2.57E-06,2.04E-09,0.316,d316,0.12,a12,5489684.954,87.95587194,16390892.66,92.06783695,0.000883539,124068.6078,89.88397825,124385.3466,5495929.556,88.05592311,16349329.8,91.83437786
14Dec2017b,4.5,85.50978814,0.0008833,2.57E-06,2.04E-09,0.316,d316,0.38,b38,5293346.921,84.81013898,16222130.96,91.11990046,0.000883283,123765.1121,89.66410472,123329.6692,5336763.406,85.50575901,16196732.72,90.97723828
14Dec2017b,4.5,85.50978814,0.0008833,2.57E-06,2.04E-09,0.316,d316,1.21,c121,5335864.344,85.49135421,16189372.79,90.93589748,0.0008829,122928.0971,89.05771248,122765.8902,5290268.647,84.7608188,16192083.89,90.95112574
14Dec2017b,4.5,85.50978814,0.0008833,2.57E-06,2.04E-09,1,e1000,0.12,a12,5439036.184,87.14437606,16141736.85,90.66832581,0.000883386,121907.2104,88.31811077,122187.7494,5440595.453,87.1693587,16109688.04,90.48830728
14Dec2017b,4.5,85.50978814,0.0008833,2.57E-06,2.04E-09,1,e1000,0.38,b38,5322782.703,85.28175982,15917487.27,89.4087133,0.000883395,120780.4966,87.50184048,120533.8154,5295770.6,84.84897123,15901462.75,89.31870338
14Dec2017b,4.5,85.50978814,0.0008833,2.57E-06,2.04E-09,1,e1000,1.21,c121,5260826.565,84.28909701,15934546.62,89.50453586,0.000883412,120207.0581,87.08640149,120164.8472,5260826.565,84.28909701,15934546.62,89.50453586
14Dec2017b,4.5,85.50978814,0.0008833,2.57E-06,2.04E-09,3.162,f3162,0.12,a12,5383348.39,86.2521448,15952468.8,89.60520498,0.00088338,119478.4527,86.5585488,120228.6012,5365238.976,85.96199531,15920992.94,89.4284047
14Dec2017b,4.5,85.50978814,0.0008833,2.57E-06,2.04E-09,3.162,f3162,0.38,b38,5246482.875,84.05928204,15763164.7,88.54188159,0.000882889,119179.7002,86.3421116,119217.2098,5249604.322,84.10929395,15739222.56,88.40739833
14Dec2017b,4.5,85.50978814,0.0008833,2.57E-06,2.04E-09,3.162,f3162,1.21,c121,5200522.997,83.32291171,15753313.67,88.48654827,0.000883303,118142.0695,85.5903793,118504.0677,5200522.997,83.32291171,15753313.67,88.48654827
14Dec2017b,4.5,85.50978814,0.0008833,2.57E-06,2.04E-09,10,g10000,0.12,a12,5250679.241,84.12651633,15650217.88,87.90745796,0.000883396,117478.0072,85.10928613,117556.1812,5250679.241,84.12651633,15650217.88,87.90745796
14Dec2017b,4.5,85.50978814,0.0008833,2.57E-06,2.04E-09,10,g10000,0.38,b38,5224336.483,83.70445199,15584460.63,87.53809876,0.000883501,116921.8654,84.70637812,117087.3839,5224336.483,83.70445199,15584460.63,87.53809876
14Dec2017b,4.5,85.50978814,0.0008833,2.57E-06,2.04E-09,10,g10000,1.21,c121,5070875.013,81.24568842,15474821.25,86.92225302,0.00088328,115599.6462,83.74847006,115647.274,5070875.013,81.24568842,15474821.25,86.92225302
18Dec2017a,9,1.852153114,0.0005716,2.64E-06,2.43E-09,0.001,a1,3.83,f383,63190.15037,139.486763,177561.5261,95.68399565,0.000571809,1643.697544,105.0069561,1364.254493,54729.28817,120.8101453,191950.6191,103.437961
18Dec2017a,9,1.852153114,0.0005716,2.64E-06,2.43E-09,0.001,a1,0,zero,45301.89747,100,185570.7685,100,0.000571879,1565.322532,100,1543.444228,45301.89747,100,185570.7685,100
18Dec2017a,9,1.852153114,0.0005716,2.64E-06,2.43E-09,0.001,a1,0.12,a12,57282.95236,126.447137,205136.7855,110.5436956,0.00057131,1763.04278,112.6312784,1740.140849,57282.95236,126.447137,205136.7855,110.5436956
18Dec2017a,9,1.852153114,0.0005716,2.64E-06,2.43E-09,0.001,a1,0.38,b38,35181.79487,77.66075338,184534.1186,99.44137218,0.000571317,1576.729481,100.7287283,1622.764966,35181.79487,77.66075338,184534.1186,99.44137218
18Dec2017a,9,1.852153114,0.0005716,2.64E-06,2.43E-09,0.001,a1,1.21,c121,70998.50654,156.7230304,185481.9257,99.95212457,0.000571523,1610.174418,102.8653447,1435.830058,68684.14523,151.614279,191494.7164,103.192285
18Dec2017a,9,1.852153114,0.0005716,2.64E-06,2.43E-09,0.1,c100,3.83,f383,41877.22566,92.44033472,183489.8722,98.87865082,0.000571614,1670.239685,106.7025901,1534.144009,43684.64395,96.43005347,190886.6181,102.8645943
18Dec2017a,9,1.852153114,0.0005716,2.64E-06,2.43E-09,0.316,d316,3.83,f383,44859.76719,99.02403586,191901.5815,103.4115357,0.000571697,1693.931812,108.2161521,1688.957077,53232.87774,117.5069494,196361.3948,105.8148308
18Dec2017a,9,1.852153114,0.0005716,2.64E-06,2.43E-09,1,e1000,3.83,f383,37402.80618,82.56344276,193685.0803,104.3726239,0.000571606,1736.561446,110.9395291,1671.994312,37402.80618,82.56344276,193685.0803,104.3726239
18Dec2017a,9,1.852153114,0.0005716,2.64E-06,2.43E-09,3.162,f3162,3.83,f383,44940.56671,99.20239377,197646.3089,106.5072427,0.00057166,1794.117811,114.6164943,1709.256459,44940.56671,99.20239377,197646.3089,106.5072427
18Dec2017a,9,1.852153114,0.0005716,2.64E-06,2.43E-09,10,g10000,3.83,f383,31594.93982,69.74308272,194731.3592,104.9364405,0.000571823,1805.349235,115.3340093,1741.662183,31594.93982,69.74308272,194731.3592,104.9364405
18Dec2017a,9,1.852153114,0.0005716,2.64E-06,2.43E-09,0.1,c100,0.12,a12,40681.01864,89.79981174,191462.2454,103.1747872,0.000571693,1636.083818,104.5205563,1643.227062,40681.01864,89.79981174,191462.2454,103.1747872
18Dec2017a,9,1.852153114,0.0005716,2.64E-06,2.43E-09,0.1,c100,0.38,b38,51551.58725,113.7956468,195820.6725,105.5234475,0.000571628,1689.971951,107.9631779,1657.078812,51551.58725,113.7956468,195820.6725,105.5234475
18Dec2017a,9,1.852153114,0.0005716,2.64E-06,2.43E-09,0.1,c100,1.21,c121,28723.04757,63.40363025,197766.102,106.5717966,0.000571594,1757.440895,112.2734043,1747.819761,28723.04757,63.40363025,197766.102,106.5717966
18Dec2017a,9,1.852153114,0.0005716,2.64E-06,2.43E-09,0.316,d316,0.12,a12,34174.41382,75.43704729,198431.5503,106.9303921,0.000571679,1713.461793,109.4638171,1763.973274,34174.41382,75.43704729,198431.5503,106.9303921
18Dec2017a,9,1.852153114,0.0005716,2.64E-06,2.43E-09,0.316,d316,0.38,b38,35887.97443,79.21958337,196114.1211,105.6815805,0.000571634,1731.1306,110.5925817,1710.264137,35887.97443,79.21958337,196114.1211,105.6815805
18Dec2017a,9,1.852153114,0.0005716,2.64E-06,2.43E-09,0.316,d316,1.21,c121,49653.16364,109.6050418,182758.5327,98.48454803,0.000571657,1561.839116,99.77746338,1538.866312,49653.16364,109.6050418,182758.5327,98.48454803
18Dec2017a,9,1.852153114,0.0005716,2.64E-06,2.43E-09,1,e1000,0.12,a12,39736.4602,87.7147811,193534.2585,104.2913494,0.000571564,1634.487517,104.4185772,1665.897199,39736.4602,87.7147811,193534.2585,104.2913494
18Dec2017a,9,1.852153114,0.0005716,2.64E-06,2.43E-09,1,e1000,0.38,b38,45734.5441,100.9550298,179449.6577,96.70146822,0.000571346,1493.571841,95.41623598,1437.422298,45734.5441,100.9550298,179449.6577,96.70146822
18Dec2017a,9,1.852153114,0.0005716,2.64E-06,2.43E-09,1,e1000,1.21,c121,26536.01839,58.57595348,184040.802,99.17553477,0.000571687,1601.999696,102.3431058,1617.625239,26536.01839,58.57595348,184040.802,99.17553477
18Dec2017a,9,1.852153114,0.0005716,2.64E-06,2.43E-09,3.162,f3162,0.12,a12,39932.34573,88.14718138,199062.2121,107.2702418,0.000571346,1710.666014,109.2852098,1725.747771,39932.34573,88.14718138,199062.2121,107.2702418
18Dec2017a,9,1.852153114,0.0005716,2.64E-06,2.43E-09,3.162,f3162,0.38,b38,47022.93714,103.7990454,194731.1817,104.9363449,0.000571674,1634.057531,104.3911077,1656.999221,47022.93714,103.7990454,194731.1817,104.9363449
18Dec2017a,9,1.852153114,0.0005716,2.64E-06,2.43E-09,3.162,f3162,1.21,c121,29983.43434,66.18582448,199575.1415,107.5466482,0.000571182,1766.166216,112.8308179,1765.84056,29983.43434,66.18582448,199575.1415,107.5466482
18Dec2017a,9,1.852153114,0.0005716,2.64E-06,2.43E-09,10,g10000,0.12,a12,33493.44205,73.93386132,183889.7632,99.09414325,0.000571434,1610.084587,102.8596058,1537.635486,33493.44205,73.93386132,183889.7632,99.09414325
18Dec2017a,9,1.852153114,0.0005716,2.64E-06,2.43E-09,10,g10000,0.38,b38,50465.47159,111.3981409,189538.5346,102.1381417,0.000571341,1603.71762,102.4528547,1588.838897,50465.47159,111.3981409,189538.5346,102.1381417
18Dec2017a,9,1.852153114,0.0005716,2.64E-06,2.43E-09,10,g10000,1.21,c121,31975.32223,70.5827438,190105.627,102.4437353,0.000571652,1633.59004,104.3612422,1646.894324,31975.32223,70.5827438,190105.627,102.4437353
18Dec2017a,6.6,2.627227843,0.0005716,2.64E-06,2.43E-09,0.001,a1,3.83,f383,87669.22446,90.00888309,239431.5145,71.05362074,0.000571608,3197.453514,102.6471635,1637.115785,64581.73019,66.30524495,347828.3496,103.2214313
18Dec2017a,6.6,2.627227843,0.0005716,2.64E-06,2.43E-09,0.001,a1,0,zero,97400.63586,100,336972.9959,100,0.000571582,3114.994515,100,3144.34486,97400.63586,100,336972.9959,100
18Dec2017a,6.6,2.627227843,0.0005716,2.64E-06,2.43E-09,0.001,a1,0.12,a12,98155.89106,100.775411,344472.3093,102.2254939,0.000571563,3195.334836,102.5791481,3195.476277,98155.89106,100.775411,344472.3093,102.2254939
18Dec2017a,6.6,2.627227843,0.0005716,2.64E-06,2.43E-09,0.001,a1,0.38,b38,109195.795,112.1099406,338278.3661,100.3873812,0.000571535,3174.590186,101.913187,3191.172173,98197.78173,100.8184196,342389.2303,101.60732
18Dec2017a,6.6,2.627227843,0.0005716,2.64E-06,2.43E-09,0.001,a1,1.21,c121,120304.5322,123.5151405,312166.2519,92.63835847,0.000571675,3269.751067,104.9681164,2486.102321,85739.30872,88.02746303,356706.49,105.8561055
18Dec2017a,6.6,2.627227843,0.0005716,2.64E-06,2.43E-09,0.1,c100,3.83,f383,83386.21608,85.6115726,291014.7991,86.36146001,0.000571452,3320.655054,106.6022761,2470.499302,84772.44271,87.03479393,356033.1803,105.6562943
18Dec2017a,6.6,2.627227843,0.0005716,2.64E-06,2.43E-09,0.316,d316,3.83,f383,81824.12706,84.00779557,327916.8494,97.31250082,0.000571548,3320.364519,106.5929492,3047.546785,77726.84598,79.80116895,354294.0358,105.1401863
18Dec2017a,6.6,2.627227843,0.0005716,2.64E-06,2.43E-09,1,e1000,3.83,f383,96672.34643,99.25227446,350783.46,104.098389,0.000571572,3329.759857,106.8945657,3322.838321,96672.34643,99.25227446,350783.46,104.098389
18Dec2017a,6.6,2.627227843,0.0005716,2.64E-06,2.43E-09,3.162,f3162,3.83,f383,118904.5983,122.077846,367240.9389,108.9823052,0.000571782,3472.247075,111.4688022,3435.206847,118904.5983,122.077846,367240.9389,108.9823052
18Dec2017a,6.6,2.627227843,0.0005716,2.64E-06,2.43E-09,10,g10000,3.83,f383,97862.80071,100.4744988,364276.7709,108.1026597,0.000571663,3437.145585,110.3419466,3453.54929,97862.80071,100.4744988,364276.7709,108.1026597
18Dec2017a,6.6,2.627227843,0.0005716,2.64E-06,2.43E-09,0.1,c100,0.12,a12,105334.0897,108.1451767,360014.7439,106.8378619,0.000571652,3382.629599,108.5918317,3391.69649,105334.0897,108.1451767,360014.7439,106.8378619
18Dec2017a,6.6,2.627227843,0.0005716,2.64E-06,2.43E-09,0.1,c100,0.38,b38,101960.7111,104.6817716,349744.7554,103.7901433,0.000571724,3309.239391,106.2358015,3284.874929,101960.7111,104.6817716,349744.7554,103.7901433
18Dec2017a,6.6,2.627227843,0.0005716,2.64E-06,2.43E-09,0.1,c100,1.21,c121,76055.87085,78.08559993,336450.6484,99.84498831,0.000571577,3369.131049,108.1584906,3103.432976,71662.46406,73.57494479,358968.4451,106.5273626
18Dec2017a,6.6,2.627227843,0.0005716,2.64E-06,2.43E-09,0.316,d316,0.12,a12,96889.78304,99.47551388,357906.3592,106.2121783,0.000571781,3320.358481,106.5927553,3354.786246,96889.78304,99.47551388,357906.3592,106.2121783
18Dec2017a,6.6,2.627227843,0.0005716,2.64E-06,2.43E-09,0.316,d316,0.38,b38,91762.16427,94.21105259,351286.7798,104.247754,0.000571743,3326.57911,106.7924548,3328.174015,91762.16427,94.21105259,351286.7798,104.247754
18Dec2017a,6.6,2.627227843,0.0005716,2.64E-06,2.43E-09,0.316,d316,1.21,c121,101856.886,104.5751756,352901.4011,104.7269085,0.00057161,3343.237199,107.3272259,3277.79971,102514.7975,105.250645,362093.5493,107.4547675
18Dec2017a,6.6,2.627227843,0.0005716,2.64E-06,2.43E-09,1,e1000,0.12,a12,101543.5143,104.2534408,348831.6368,103.5191665,0.000571534,3262.039088,104.7205403,3249.087045,101543.5143,104.2534408,348831.6368,103.5191665
18Dec2017a,6.6,2.627227843,0.0005716,2.64E-06,2.43E-09,1,e1000,0.38,b38,94157.76111,96.67058154,355295.3507,105.4373362,0.000571435,3319.968203,106.5802263,3375.344919,94157.76111,96.67058154,355295.3507,105.4373362
18Dec2017a,6.6,2.627227843,0.0005716,2.64E-06,2.43E-09,1,e1000,1.21,c121,93852.56154,96.357237,346605.953,102.8586733,0.000571543,3227.537824,103.6129537,3266.263725,93852.56154,96.357237,346605.953,102.8586733
18Dec2017a,6.6,2.627227843,0.0005716,2.64E-06,2.43E-09,3.162,f3162,0.12,a12,98196.45936,100.8170619,347194.4522,103.0333161,0.00057165,3280.450057,105.3115837,3273.975616,98196.45936,100.8170619,347194.4522,103.0333161
18Dec2017a,6.6,2.627227843,0.0005716,2.64E-06,2.43E-09,3.162,f3162,0.38,b38,104615.2877,107.4071917,348665.4688,103.4698546,0.000571475,3226.404992,103.5765866,3227.74035,104615.2877,107.4071917,348665.4688,103.4698546
18Dec2017a,6.6,2.627227843,0.0005716,2.64E-06,2.43E-09,3.162,f3162,1.21,c121,126933.3502,130.320864,344514.0229,102.2378728,0.000571592,3190.66434,102.4292122,3122.757215,126933.3502,130.320864,344514.0229,102.2378728
18Dec2017a,6.6,2.627227843,0.0005716,2.64E-06,2.43E-09,10,g10000,0.12,a12,83778.13915,86.01395505,339767.4524,100.829282,0.000571692,3169.980955,101.7652179,3182.974502,83778.13915,86.01395505,339767.4524,100.829282
18Dec2017a,6.6,2.627227843,0.0005716,2.64E-06,2.43E-09,10,g10000,0.38,b38,74987.59856,76.98881829,344893.251,102.3504124,0.00057176,3192.930836,102.501973,3312.512381,74987.59856,76.98881829,344893.251,102.3504124
18Dec2017a,6.6,2.627227843,0.0005716,2.64E-06,2.43E-09,10,g10000,1.21,c121,90496.71861,92.91183555,338471.8466,100.4447984,0.00057158,3250.730569,104.3575054,3199.982044,90496.71861,92.91183555,338471.8466,100.4447984
18Dec2017a,6.4,7.101358624,0.0005716,2.64E-06,2.43E-09,0.001,a1,3.83,f383,254018.6615,59.01562744,560245.0905,46.44343067,0.000571709,10697.17118,95.12271131,3955.519832,133981.2104,31.12757602,1123120.914,93.10494496
18Dec2017a,6.4,7.101358624,0.0005716,2.64E-06,2.43E-09,0.001,a1,0,zero,430426.0964,100,1206295.664,100,0.000571677,11245.6542,100,11210.31148,430426.0964,100,1206295.664,100
18Dec2017a,6.4,7.101358624,0.0005716,2.64E-06,2.43E-09,0.001,a1,0.12,a12,414352.8273,96.26573081,1210284.658,100.3306812,0.000571742,11198.34749,99.57933344,11360.89738,444955.422,103.375568,1208741.675,100.2027704
18Dec2017a,6.4,7.101358624,0.0005716,2.64E-06,2.43E-09,0.001,a1,0.38,b38,451113.612,104.8062875,1222375.606,101.3330017,0.000571563,11598.4058,103.1367816,11756.46263,521693.824,121.2040414,1247191.327,103.3901857
18Dec2017a,6.4,7.101358624,0.0005716,2.64E-06,2.43E-09,0.001,a1,1.21,c121,538229.9177,125.0458376,1028384.742,85.25146633,0.00057137,11545.99308,102.6707107,7709.184486,401406.9821,93.25804951,1231398.131,102.0809547
18Dec2017a,6.4,7.101358624,0.0005716,2.64E-06,2.43E-09,0.1,c100,3.83,f383,259857.5507,60.37216443,728235.7532,60.36959054,0.000571545,11950.8642,106.2709558,6366.166485,250600.2072,58.22142506,1169553.026,96.95409347
18Dec2017a,6.4,7.101358624,0.0005716,2.64E-06,2.43E-09,0.316,d316,3.83,f383,311373.6383,72.34078996,906767.9641,75.16962806,0.000571718,11722.88763,104.2437143,8228.723698,285110.1568,66.2390499,1188806.559,98.55018089
18Dec2017a,6.4,7.101358624,0.0005716,2.64E-06,2.43E-09,1,e1000,3.83,f383,460062.8356,106.885442,1237331.488,102.5728206,0.000571574,11979.6021,106.5265025,11320.85716,441739.5735,102.6284366,1276995.836,105.8609322
18Dec2017a,6.4,7.101358624,0.0005716,2.64E-06,2.43E-09,3.162,f3162,3.83,f383,496001.2372,115.2349361,1340736.978,111.144972,0.000571598,11999.14989,106.7003278,12310.09149,496001.2372,115.2349361,1340736.978,111.144972
18Dec2017a,6.4,7.101358624,0.0005716,2.64E-06,2.43E-09,10,g10000,3.83,f383,496934.8204,115.4518335,1337648.703,110.8889588,0.000571661,12089.36868,107.5025825,12335.04519,496934.8204,115.4518335,1337648.703,110.8889588
18Dec2017a,6.4,7.101358624,0.0005716,2.64E-06,2.43E-09,0.1,c100,0.12,a12,453434.838,105.3455731,1318418.754,109.2948265,0.000571781,12164.51423,108.1708011,12203.71013,453434.838,105.3455731,1318418.754,109.2948265
18Dec2017a,6.4,7.101358624,0.0005716,2.64E-06,2.43E-09,0.1,c100,0.38,b38,454586.646,105.6131702,1279095.544,106.0349947,0.000571803,12014.66547,106.8382974,11788.23879,447839.033,104.0455114,1283498.068,106.399957
18Dec2017a,6.4,7.101358624,0.0005716,2.64E-06,2.43E-09,0.1,c100,1.21,c121,395416.3871,91.86626703,1117450.448,92.63487227,0.000571632,11878.27716,105.6254883,10101.86425,393283.2198,91.37067271,1241513.742,102.9195229
18Dec2017a,6.4,7.101358624,0.0005716,2.64E-06,2.43E-09,0.316,d316,0.12,a12,455994.6568,105.9402905,1277609.414,105.9117969,0.000571652,11796.25708,104.8961392,11792.05725,455994.6568,105.9402905,1277609.414,105.9117969
18Dec2017a,6.4,7.101358624,0.0005716,2.64E-06,2.43E-09,0.316,d316,0.38,b38,457093.4144,106.1955625,1270375.089,105.3120828,0.00057163,11756.50004,104.5426067,11737.13622,457093.4144,106.1955625,1270375.089,105.3120828
18Dec2017a,6.4,7.101358624,0.0005716,2.64E-06,2.43E-09,0.316,d316,1.21,c121,402880.9482,93.60049298,1166754.547,96.722104,0.000571731,11601.6251,103.1654086,10719.78402,386352.8069,89.76054428,1236576.232,102.5102111
18Dec2017a,6.4,7.101358624,0.0005716,2.64E-06,2.43E-09,1,e1000,0.12,a12,473525.9273,110.0132941,1259540.85,104.4139416,0.000571606,11521.57664,102.4535917,11599.36152,473525.9273,110.0132941,1259540.85,104.4139416
18Dec2017a,6.4,7.101358624,0.0005716,2.64E-06,2.43E-09,1,e1000,0.38,b38,453887.129,105.4506529,1235018.476,102.3810756,0.000571597,11398.30803,101.3574474,11445.58449,453887.129,105.4506529,1235018.476,102.3810756
18Dec2017a,6.4,7.101358624,0.0005716,2.64E-06,2.43E-09,1,e1000,1.21,c121,419211.9915,97.39465032,1247349.324,103.4032834,0.000571309,11490.24605,102.17499,11582.64379,410537.7267,95.37937643,1253806.293,103.9385559
18Dec2017a,6.4,7.101358624,0.0005716,2.64E-06,2.43E-09,3.162,f3162,0.12,a12,430168.6338,99.94018424,1201222.345,99.57942987,0.000571571,11070.66232,98.44391553,11141.31582,430168.6338,99.94018424,1201222.345,99.57942987
18Dec2017a,6.4,7.101358624,0.0005716,2.64E-06,2.43E-09,3.162,f3162,0.38,b38,437158.6351,101.5641567,1180131.781,97.83105555,0.000571638,10939.6355,97.27878263,10884.8428,437158.6351,101.5641567,1180131.781,97.83105555
18Dec2017a,6.4,7.101358624,0.0005716,2.64E-06,2.43E-09,3.162,f3162,1.21,c121,416137.5347,96.68036817,1187734,98.46126739,0.000571685,11021.58966,98.00754553,11040.15455,416137.5347,96.68036817,1187734,98.46126739
18Dec2017a,6.4,7.101358624,0.0005716,2.64E-06,2.43E-09,10,g10000,0.12,a12,401652.9627,93.31519767,1152120.897,95.50899763,0.000571326,10604.42887,94.29801666,10720.84173,401652.9627,93.31519767,1152120.897,95.50899763
18Dec2017a,6.4,7.101358624,0.0005716,2.64E-06,2.43E-09,10,g10000,0.38,b38,391121.6403,90.86847745,1144077.905,94.84224626,0.000571655,10778.61749,95.84695834,10724.21758,391121.6403,90.86847745,1144077.905,94.84224626
18Dec2017a,6.4,7.101358624,0.0005716,2.64E-06,2.43E-09,10,g10000,1.21,c121,399072.4252,92.71566676,1090830.18,90.42809426,0.000571534,10424.52869,92.69828605,10138.37814,399072.4252,92.71566676,1090830.18,90.42809426
18Dec2017a,6.3,33.60670864,0.0005716,2.64E-06,2.43E-09,0.001,a1,3.83,f383,1199932.845,45.23463494,2135607.725,38.31383361,0.000571494,43746.63537,97.86034452,12222.75871,689017.3532,25.97432729,4524714.759,81.17556723
18Dec2017a,6.3,33.60670864,0.0005716,2.64E-06,2.43E-09,0.001,a1,0,zero,2652686.037,100,5573986.008,100,0.00057139,44703.1283,100,44293.5569,2652686.037,100,5573986.008,100
18Dec2017a,6.3,33.60670864,0.0005716,2.64E-06,2.43E-09,0.001,a1,0.12,a12,2657169.779,100.1690265,5664777.628,101.6288455,0.000571415,45007.66718,100.6812473,45965.71743,2651606.352,99.95929841,5657232.852,101.4934886
18Dec2017a,6.3,33.60670864,0.0005716,2.64E-06,2.43E-09,0.001,a1,0.38,b38,2530346.132,95.38807444,5643050.438,101.2390492,0.000571656,45675.2527,102.1746227,48276.85928,2845633.46,107.2736622,5763206.079,103.3946994
18Dec2017a,6.3,33.60670864,0.0005716,2.64E-06,2.43E-09,0.001,a1,1.21,c121,2824967.87,106.4946183,4965744.318,89.08785042,0.000571438,45684.40941,102.1951061,29339.94009,2260439.997,85.21325049,5856261.826,105.0641644
18Dec2017a,6.3,33.60670864,0.0005716,2.64E-06,2.43E-09,0.1,c100,3.83,f383,1204277.767,45.39842823,2924856.573,52.47333898,0.000571726,46336.63826,103.654129,21242.22028,1086316.575,40.95156984,4868482.326,87.34292333
18Dec2017a,6.3,33.60670864,0.0005716,2.64E-06,2.43E-09,0.316,d316,3.83,f383,1839951.433,69.36182448,4177534.681,74.946989,0.000571634,45943.53474,102.7747643,30451.54524,1736484.738,65.46137439,5316040.46,95.37233233
18Dec2017a,6.3,33.60670864,0.0005716,2.64E-06,2.43E-09,1,e1000,3.83,f383,2807092.215,105.8207483,6116352.756,109.7303213,0.000571582,46162.26126,103.2640511,47726.0183,2797471.176,105.4580579,5942334.177,106.608344
18Dec2017a,6.3,33.60670864,0.0005716,2.64E-06,2.43E-09,3.162,f3162,3.83,f383,2918136.826,110.006868,5957184.468,106.8747654,0.000571604,46008.01639,102.9190084,47274.09798,2933115.101,110.5715136,5872876.627,105.362242
18Dec2017a,6.3,33.60670864,0.0005716,2.64E-06,2.43E-09,10,g10000,3.83,f383,2755931.007,103.8920916,5795800.674,103.9794622,0.000571503,46034.15735,102.9774852,46147.62426,2755931.007,103.8920916,5795800.674,103.9794622
18Dec2017a,6.3,33.60670864,0.0005716,2.64E-06,2.43E-09,0.1,c100,0.12,a12,2809487.255,105.9110357,5792068.433,103.912504,0.000571761,45950.13887,102.7895376,46053.07763,2830562.376,106.705518,5781852.088,103.7292178
18Dec2017a,6.3,33.60670864,0.0005716,2.64E-06,2.43E-09,0.1,c100,0.38,b38,2675150.141,100.8468437,5685763.104,102.0053351,0.000571614,45811.11979,102.4785547,44939.96775,2667306.343,100.551151,5722901.533,102.6716164
18Dec2017a,6.3,33.60670864,0.0005716,2.64E-06,2.43E-09,0.1,c100,1.21,c121,2511708.19,94.68546803,5256840.343,94.31025366,0.000571806,45724.43272,102.2846375,39345.72601,2435966.026,91.83016733,5720089.977,102.6211757
18Dec2017a,6.3,33.60670864,0.0005716,2.64E-06,2.43E-09,0.316,d316,0.12,a12,2658655.091,100.2250192,5739236.517,102.9646739,0.000571663,45534.9826,101.8608413,45567.22949,2655052.786,100.0892208,5724714.965,102.7041502
18Dec2017a,6.3,33.60670864,0.0005716,2.64E-06,2.43E-09,0.316,d316,0.38,b38,2745858.223,103.5123714,5668222.228,101.6906433,0.000571688,45265.09971,101.2571187,44937.07665,2745858.223,103.5123714,5668222.228,101.6906433
18Dec2017a,6.3,33.60670864,0.0005716,2.64E-06,2.43E-09,0.316,d316,1.21,c121,2545150.885,95.94617869,5439102.539,97.58012545,0.000571242,45066.62827,100.8131421,42529.83706,2518908.348,94.956897,5673364.323,101.7828949
18Dec2017a,6.3,33.60670864,0.0005716,2.64E-06,2.43E-09,1,e1000,0.12,a12,2725944.722,102.7616794,5681810.246,101.9344189,0.000571721,44916.46039,100.4772196,45264.24477,2727990.545,102.8388021,5663592.204,101.6075784
18Dec2017a,6.3,33.60670864,0.0005716,2.64E-06,2.43E-09,1,e1000,0.38,b38,2663477.747,100.406822,5599399.779,100.4559353,0.000571524,44617.26133,99.80791731,44599.37912,2663477.747,100.406822,5599399.779,100.4559353
18Dec2017a,6.3,33.60670864,0.0005716,2.64E-06,2.43E-09,1,e1000,1.21,c121,2753859.742,103.8140098,5683878.351,101.9715217,0.000571675,44855.88159,100.341706,45113.74975,2737702.287,103.2049119,5681121.96,101.9220707
18Dec2017a,6.3,33.60670864,0.0005716,2.64E-06,2.43E-09,3.162,f3162,0.12,a12,2693137.081,101.5249088,5524370.948,99.10988186,0.000571692,44150.45402,98.76367873,44067.30284,2690425.487,101.4226882,5511248.969,98.87446722
18Dec2017a,6.3,33.60670864,0.0005716,2.64E-06,2.43E-09,3.162,f3162,0.38,b38,2524738.177,95.17666778,5469186.798,98.11985157,0.000571302,43923.49685,98.2559801,43609.24419,2524738.177,95.17666778,5469186.798,98.11985157
18Dec2017a,6.3,33.60670864,0.0005716,2.64E-06,2.43E-09,3.162,f3162,1.21,c121,2642204.205,99.6048597,5453187.855,97.83282282,0.000571297,43904.61271,98.21373666,43514.56018,2642204.205,99.6048597,5453187.855,97.83282282
18Dec2017a,6.3,33.60670864,0.0005716,2.64E-06,2.43E-09,10,g10000,0.12,a12,2508579.798,94.56753505,5354975.066,96.07083796,0.000571543,43286.52711,96.83109159,42797.50684,2508579.798,94.56753505,5354975.066,96.07083796
18Dec2017a,6.3,33.60670864,0.0005716,2.64E-06,2.43E-09,10,g10000,0.38,b38,2556688.353,96.38111398,5298769.447,95.06248202,0.000571697,43092.1771,96.39633452,42495.02116,2556688.353,96.38111398,5298769.447,95.06248202
18Dec2017a,6.3,33.60670864,0.0005716,2.64E-06,2.43E-09,10,g10000,1.21,c121,2520522.718,95.01775493,5233660.212,93.89439092,0.000571856,42760.43569,95.65423564,41988.62175,2520522.718,95.01775493,5233660.212,93.89439092
18Dec2017a,6.2,35.86413118,0.0005716,2.64E-06,2.43E-09,0.001,a1,3.83,f383,1539032.315,52.56499289,2966878.098,46.34414558,0.000571612,49679.00809,98.82896022,15411.94105,924522.8996,31.57668566,5377624.452,84.00123032
18Dec2017a,6.2,35.86413118,0.0005716,2.64E-06,2.43E-09,0.001,a1,0,zero,2927865.544,100,6401840.106,100,0.000571308,50267.66241,100,49903.85947,2927865.544,100,6401840.106,100
18Dec2017a,6.2,35.86413118,0.0005716,2.64E-06,2.43E-09,0.001,a1,0.12,a12,2937780.27,100.3386332,6531069.686,102.0186318,0.00057167,50753.91252,100.9673219,51798.72946,2937780.27,100.3386332,6531069.686,102.0186318
18Dec2017a,6.2,35.86413118,0.0005716,2.64E-06,2.43E-09,0.001,a1,0.38,b38,2770117.041,94.61216711,6452842.152,100.7966779,0.000571479,50995.19629,101.4473199,54163.68921,2984586.093,101.9372662,6608172.021,103.2230095
18Dec2017a,6.2,35.86413118,0.0005716,2.64E-06,2.43E-09,0.001,a1,1.21,c121,3239138.978,110.6314115,5868937.421,91.6757889,0.000571741,51299.90268,102.0534877,35180.56292,2705668.404,92.41095135,6727714.785,105.0903283
18Dec2017a,6.2,35.86413118,0.0005716,2.64E-06,2.43E-09,0.1,c100,3.83,f383,1646084.135,56.22130219,4070464.879,63.58273266,0.000571546,51438.40272,102.3290128,27848.90759,1472906.783,50.30650353,5824347.048,90.97926459
18Dec2017a,6.2,35.86413118,0.0005716,2.64E-06,2.43E-09,0.316,d316,3.83,f383,2301457.465,78.60529899,5438115.891,84.94613738,0.000571713,51706.2554,102.8618657,39546.49904,2194683.571,74.95848213,6305748.591,98.49900164
18Dec2017a,6.2,35.86413118,0.0005716,2.64E-06,2.43E-09,1,e1000,3.83,f383,3024375.222,103.2962469,6796947.781,106.1717829,0.00057161,51425.57229,102.3034886,52513.04495,3013617.976,102.9288378,6652728.914,103.9190109
18Dec2017a,6.2,35.86413118,0.0005716,2.64E-06,2.43E-09,3.162,f3162,3.83,f383,2986443.231,102.0006959,6682859.446,104.3896651,0.000571704,51906.90471,103.2610275,51927.03895,2981650.73,101.8370101,6583773.227,102.8418879
18Dec2017a,6.2,35.86413118,0.0005716,2.64E-06,2.43E-09,10,g10000,3.83,f383,3009794.112,102.7982353,6586545.735,102.8851959,0.000571626,51529.84691,102.5109274,51170.35019,3009794.112,102.7982353,6586545.735,102.8851959
18Dec2017a,6.2,35.86413118,0.0005716,2.64E-06,2.43E-09,0.1,c100,0.12,a12,3056040.049,104.3777456,6653695.081,103.9341029,0.000571849,51537.60906,102.526369,51513.90864,3056040.049,104.3777456,6653695.081,103.9341029
18Dec2017a,6.2,35.86413118,0.0005716,2.64E-06,2.43E-09,0.1,c100,0.38,b38,2995289.2,102.3028262,6501390.192,101.555023,0.000571644,51151.2588,101.7577829,50108.17851,2961649.082,101.1538623,6570074.443,102.627906
18Dec2017a,6.2,35.86413118,0.0005716,2.64E-06,2.43E-09,0.1,c100,1.21,c121,2707466.044,92.47234898,6248527.464,97.60517853,0.00057169,51618.90733,102.6880998,45757.24982,2623890.911,89.61787593,6611347.975,103.2726195
18Dec2017a,6.2,35.86413118,0.0005716,2.64E-06,2.43E-09,0.316,d316,0.12,a12,2943122.839,100.5211064,6577101.745,102.737676,0.00057154,51149.95784,101.7551949,51112.80896,2943122.839,100.5211064,6577101.745,102.737676
18Dec2017a,6.2,35.86413118,0.0005716,2.64E-06,2.43E-09,0.316,d316,0.38,b38,2918837.635,99.69165562,6582517.928,102.8222795,0.000571512,51582.61129,102.6158942,51091.29613,2921560.452,99.78465227,6617297.936,103.3655609
18Dec2017a,6.2,35.86413118,0.0005716,2.64E-06,2.43E-09,0.316,d316,1.21,c121,2896596.732,98.93202702,6389705.676,99.81045403,0.00057164,50810.92917,101.080748,49072.39429,2878672.916,98.31984674,6513931.277,101.7509211
18Dec2017a,6.2,35.86413118,0.0005716,2.64E-06,2.43E-09,1,e1000,0.12,a12,3023213.682,103.256575,6546504.421,102.2597302,0.000571608,51207.77642,101.8702163,50896.32532,3023213.682,103.256575,6546504.421,102.2597302
18Dec2017a,6.2,35.86413118,0.0005716,2.64E-06,2.43E-09,1,e1000,0.38,b38,2828515.144,96.60672942,6485789.533,101.3113328,0.000571678,50664.52868,100.7895061,50483.69528,2809547.131,95.95888502,6514195.226,101.7550441
18Dec2017a,6.2,35.86413118,0.0005716,2.64E-06,2.43E-09,1,e1000,1.21,c121,2897389.498,98.95910364,6520556.572,101.8544116,0.000571576,50462.07268,100.3867502,50845.03482,2893488.906,98.82588056,6497540.611,101.4948906
18Dec2017a,6.2,35.86413118,0.0005716,2.64E-06,2.43E-09,3.162,f3162,0.12,a12,2929448.316,100.0540589,6522615.429,101.886572,0.000571618,50306.54856,100.0773582,50689.58493,2929448.316,100.0540589,6522615.429,101.886572
18Dec2017a,6.2,35.86413118,0.0005716,2.64E-06,2.43E-09,3.162,f3162,0.38,b38,2959032.196,101.0644837,6413198.296,100.1774207,0.000571376,50214.30455,99.89385252,49878.2221,2955853.391,100.955913,6452571.409,100.7924488
18Dec2017a,6.2,35.86413118,0.0005716,2.64E-06,2.43E-09,3.162,f3162,1.21,c121,2797668.412,95.55317242,6413011.256,100.174499,0.000571669,50002.7359,99.47296831,49945.08871,2797668.412,95.55317242,6413011.256,100.174499
18Dec2017a,6.2,35.86413118,0.0005716,2.64E-06,2.43E-09,10,g10000,0.12,a12,2814854.725,96.14016361,6345947.749,99.12693295,0.000571571,49985.96246,99.43960007,49288.91201,2814854.725,96.14016361,6345947.749,99.12693295
18Dec2017a,6.2,35.86413118,0.0005716,2.64E-06,2.43E-09,10,g10000,0.38,b38,2813134.346,96.08140482,6326042.997,98.81601059,0.000571656,50131.03108,99.7281924,49284.25428,2813134.346,96.08140482,6326042.997,98.81601059
18Dec2017a,6.2,35.86413118,0.0005716,2.64E-06,2.43E-09,10,g10000,1.21,c121,2870272.334,98.03292843,6280347.403,98.10222217,0.000571802,49091.97359,97.66114285,48913.76241,2870272.334,98.03292843,6280347.403,98.10222217
18Dec2017a,6.1,51.10858387,0.0005716,2.64E-06,2.43E-09,0.001,a1,3.83,f383,2347002.946,65.74743821,5091425.743,58.24897701,0.000571752,66441.34183,98.49207905,24250.84779,1451494.952,40.66125047,7740564.509,88.55672004
18Dec2017a,6.1,51.10858387,0.0005716,2.64E-06,2.43E-09,0.001,a1,0,zero,3569725.316,100,8740798.558,100,0.000571707,67458.56364,100,66794.45462,3569725.316,100,8740798.558,100
18Dec2017a,6.1,51.10858387,0.0005716,2.64E-06,2.43E-09,0.001,a1,0.12,a12,3649603.909,102.2376678,8825366.685,100.9675103,0.00057165,67501.62131,100.0638283,68279.3888,3862386.542,108.1984243,8859890.932,101.3624885
18Dec2017a,6.1,51.10858387,0.0005716,2.64E-06,2.43E-09,0.001,a1,0.38,b38,3384445.498,94.80968979,8765620.175,100.2839743,0.000571748,68025.14302,100.8398924,72524.62048,3726905.902,104.4031563,8932787.769,102.1964722
18Dec2017a,6.1,51.10858387,0.0005716,2.64E-06,2.43E-09,0.001,a1,1.21,c121,3901015.553,109.2805527,8118193.164,92.87701931,0.000571545,67649.30344,100.2827511,50532.54251,3425859.757,95.96984233,9031425.779,103.3249505
18Dec2017a,6.1,51.10858387,0.0005716,2.64E-06,2.43E-09,0.1,c100,3.83,f383,2457399.125,68.84000611,6674314.464,76.35817734,0.00057169,68026.56842,100.8420054,44146.00339,2223625.195,62.29121287,8310124.799,95.0728328
18Dec2017a,6.1,51.10858387,0.0005716,2.64E-06,2.43E-09,0.316,d316,3.83,f383,3099934.249,86.83957377,7809722.407,89.34792806,0.000571671,67386.79087,99.89360465,56856.07359,3018884.551,84.56909942,8542991.276,97.73696555
18Dec2017a,6.1,51.10858387,0.0005716,2.64E-06,2.43E-09,1,e1000,3.83,f383,3436779.198,96.27573256,8716156.551,99.7180806,0.000571323,67467.05741,100.0125911,66355.48976,3435880.567,96.25055888,8762143.493,100.2441989
18Dec2017a,6.1,51.10858387,0.0005716,2.64E-06,2.43E-09,3.162,f3162,3.83,f383,3557428.634,99.65552862,8718875.032,99.74918166,0.000571521,66765.82671,98.97309268,66417.15424,3557428.634,99.65552862,8718875.032,99.74918166
18Dec2017a,6.1,51.10858387,0.0005716,2.64E-06,2.43E-09,10,g10000,3.83,f383,3625345.133,101.558098,8665346.121,99.13677868,0.00057164,66328.5571,98.32488793,65597.5469,3625345.133,101.558098,8665346.121,99.13677868
18Dec2017a,6.1,51.10858387,0.0005716,2.64E-06,2.43E-09,0.1,c100,0.12,a12,3710663.136,103.9481419,8705197.28,99.59269993,0.000571608,66254.11459,98.21453499,66160.54227,3727231.626,104.412281,8739332.286,99.98322497
18Dec2017a,6.1,51.10858387,0.0005716,2.64E-06,2.43E-09,0.1,c100,0.38,b38,3585556.288,100.4434787,8641612.66,98.86525359,0.000571699,66594.26081,98.71876484,65110.60384,3561250.444,99.76259037,8720354.302,99.76610539
18Dec2017a,6.1,51.10858387,0.0005716,2.64E-06,2.43E-09,0.1,c100,1.21,c121,3589609.571,100.5570248,8342414.077,95.4422416,0.00057169,65922.0068,97.72222123,59990.6534,3470738.816,97.22705555,8689441.918,99.4124491
18Dec2017a,6.1,51.10858387,0.0005716,2.64E-06,2.43E-09,0.316,d316,0.12,a12,3724721.348,104.3419596,8665522.086,99.13879182,0.000571546,66066.28521,97.93609831,65783.01034,3724231.131,104.328227,8698588.026,99.51708608
18Dec2017a,6.1,51.10858387,0.0005716,2.64E-06,2.43E-09,0.316,d316,0.38,b38,3612129.696,101.1878892,8526385.556,97.54698611,0.000571762,65404.96097,96.95575689,64689.99045,3609213.871,101.1062071,8565376.061,97.99306098
18Dec2017a,6.1,51.10858387,0.0005716,2.64E-06,2.43E-09,0.316,d316,1.21,c121,3530543.702,98.90239136,8482380.739,97.04354451,0.000571462,65477.07227,97.06265407,63895.28654,3526646.696,98.79322312,8574698.565,98.09971604
18Dec2017a,6.1,51.10858387,0.0005716,2.64E-06,2.43E-09,1,e1000,0.12,a12,3487632.336,97.70029982,8514349.954,97.40929158,0.000571439,64941.60219,96.26887779,64533.48301,3487208.802,97.68843521,8553054.779,97.85209809
18Dec2017a,6.1,51.10858387,0.0005716,2.64E-06,2.43E-09,1,e1000,0.38,b38,3360255.955,94.1320594,8428214.039,96.42384484,0.00057146,64635.35971,95.81490655,64024.79631,3368062.958,94.3507598,8451728.712,96.69286685
18Dec2017a,6.1,51.10858387,0.0005716,2.64E-06,2.43E-09,1,e1000,1.21,c121,3547339.615,99.37290131,8520324.801,97.47764743,0.000571766,64633.58879,95.81228135,64731.43988,3548084.862,99.3937782,8534610.834,97.64108825
18Dec2017a,6.1,51.10858387,0.0005716,2.64E-06,2.43E-09,3.162,f3162,0.12,a12,3493462.232,97.8636148,8403355.869,96.1394524,0.000571618,64196.43976,95.16425535,63493.69348,3492511.009,97.83696783,8455336.531,96.73414247
18Dec2017a,6.1,51.10858387,0.0005716,2.64E-06,2.43E-09,3.162,f3162,0.38,b38,3363002.983,94.20901289,8334804.187,95.35517986,0.000571572,64401.19201,95.46777835,63149.78532,3363002.983,94.20901289,8334804.187,95.35517986
18Dec2017a,6.1,51.10858387,0.0005716,2.64E-06,2.43E-09,3.162,f3162,1.21,c121,3444362.064,96.48815412,8410989.223,96.22678256,0.00057168,63804.54276,94.58331058,63678.9151,3427690.046,96.02111487,8464609.382,96.84022947
18Dec2017a,6.1,51.10858387,0.0005716,2.64E-06,2.43E-09,10,g10000,0.12,a12,3370678.526,94.42403064,8317593.929,95.15828415,0.000571684,63471.53741,94.08966628,62802.98303,3370678.526,94.42403064,8317593.929,95.15828415
18Dec2017a,6.1,51.10858387,0.0005716,2.64E-06,2.43E-09,10,g10000,0.38,b38,3443999.425,96.47799539,8209918.534,93.92641278,0.000571599,63141.12193,93.59986119,61824.25462,3443999.425,96.47799539,8209918.534,93.92641278
18Dec2017a,6.1,51.10858387,0.0005716,2.64E-06,2.43E-09,10,g10000,1.21,c121,3427938.569,96.02807683,8167565.498,93.44186854,0.000571574,63055.24131,93.47255249,61553.16727,3427938.569,96.02807683,8167565.498,93.44186854
18Dec2017a,4.5,91.38761332,0.0005716,2.64E-06,2.43E-09,0.001,a1,3.83,f383,3780891.994,90.23621731,9014516.823,73.8302557,0.000571655,96912.36133,100.7111905,47449.2768,2753895.781,65.7255321,11525572.58,94.39618199
18Dec2017a,4.5,91.38761332,0.0005716,2.64E-06,2.43E-09,0.001,a1,0,zero,4189993.893,100,12209786.81,100,0.000571446,96227.99695,100,95760.60861,4189993.893,100,12209786.81,100
18Dec2017a,4.5,91.38761332,0.0005716,2.64E-06,2.43E-09,0.001,a1,0.12,a12,3841652.417,91.68634885,12176058.04,99.72375627,0.000571562,94775.6624,98.49073597,96147.07882,4021433.646,95.97707656,12163367.08,99.61981534
18Dec2017a,4.5,91.38761332,0.0005716,2.64E-06,2.43E-09,0.001,a1,0.38,b38,3649833.456,87.10832401,11955375.06,97.91632926,0.000571642,94103.57109,97.79229962,99915.36729,4292181.876,102.4388576,12041394.98,98.62084548
18Dec2017a,4.5,91.38761332,0.0005716,2.64E-06,2.43E-09,0.001,a1,1.21,c121,4445598.753,106.1003635,11299747.37,92.54663935,0.000571482,92952.50929,96.59611781,78066.28723,4245637.014,101.328,11940528.89,97.79473689
18Dec2017a,4.5,91.38761332,0.0005716,2.64E-06,2.43E-09,0.1,c100,3.83,f383,3239966.306,77.32627752,10330145.56,84.605454,0.000571608,92268.82724,95.88563638,73556.46315,2929606.292,69.91910649,11494917.68,94.14511371
18Dec2017a,4.5,91.38761332,0.0005716,2.64E-06,2.43E-09,0.316,d316,3.83,f383,3383425.488,80.75012934,11073752.94,90.69571084,0.000571661,90864.87822,94.42665451,84914.851,3367826.153,80.37782964,11481060.31,94.03161982
18Dec2017a,4.5,91.38761332,0.0005716,2.64E-06,2.43E-09,1,e1000,3.83,f383,3566583.675,85.12145282,11410783.67,93.45604343,0.000571681,90576.78988,94.12727351,88516.02823,3504625.308,83.64273071,11551136.7,94.60555602
18Dec2017a,4.5,91.38761332,0.0005716,2.64E-06,2.43E-09,3.162,f3162,3.83,f383,3575064.31,85.32385491,11392661.42,93.30761952,0.000571427,89194.8863,92.69120124,88207.35303,3575340.775,85.33045314,11450364.93,93.78021994
18Dec2017a,4.5,91.38761332,0.0005716,2.64E-06,2.43E-09,10,g10000,3.83,f383,3670431.957,87.59993573,11324638.47,92.75050126,0.000571333,87927.39782,91.37402899,87467.32593,3670431.957,87.59993573,11324638.47,92.75050126
18Dec2017a,4.5,91.38761332,0.0005716,2.64E-06,2.43E-09,0.1,c100,0.12,a12,3496329.66,83.44474359,11191255.62,91.65807557,0.000571613,86442.88854,89.83132901,86508.47507,3496329.66,83.44474359,11191255.62,91.65807557
18Dec2017a,4.5,91.38761332,0.0005716,2.64E-06,2.43E-09,0.1,c100,0.38,b38,3622629.29,86.45905896,11030235.89,90.3392996,0.000571591,85972.05395,89.34203837,84792.90361,3578847.344,85.41414225,11057065.11,90.55903498
18Dec2017a,4.5,91.38761332,0.0005716,2.64E-06,2.43E-09,0.1,c100,1.21,c121,3551914.101,84.77134316,10775664.42,88.25432075,0.000571546,84733.89097,88.05534113,80166.04927,3439844.712,82.09665217,10968895.82,89.8369152
18Dec2017a,4.5,91.38761332,0.0005716,2.64E-06,2.43E-09,0.316,d316,0.12,a12,3499188.147,83.51296532,10973775.22,89.87687821,0.00057166,84689.01874,88.00870996,84675.16739,3499188.147,83.51296532,10973775.22,89.87687821
18Dec2017a,4.5,91.38761332,0.0005716,2.64E-06,2.43E-09,0.316,d316,0.38,b38,3428173.633,81.81810573,10794681.64,88.4100747,0.000571535,83812.59902,87.09793582,83600.76332,3428173.633,81.81810573,10794681.64,88.4100747
18Dec2017a,4.5,91.38761332,0.0005716,2.64E-06,2.43E-09,0.316,d316,1.21,c121,3339493.864,79.70164038,10770390.52,88.21112671,0.000571342,83397.9998,86.66708489,83428.41952,3314055.673,79.09452275,10742842.48,87.98550414
18Dec2017a,4.5,91.38761332,0.0005716,2.64E-06,2.43E-09,1,e1000,0.12,a12,3265374.464,77.93267835,10728728.5,87.86990847,0.000571692,82477.34516,85.71034187,82531.56866,3265374.464,77.93267835,10728728.5,87.86990847
18Dec2017a,4.5,91.38761332,0.0005716,2.64E-06,2.43E-09,1,e1000,0.38,b38,3373296.468,80.50838627,10607036.44,86.87323211,0.000571495,82164.25877,85.38498293,81790.62025,3373296.468,80.50838627,10607036.44,86.87323211
18Dec2017a,4.5,91.38761332,0.0005716,2.64E-06,2.43E-09,1,e1000,1.21,c121,3308700.952,78.96672494,10594084.94,86.7671574,0.00057157,81242.14561,84.42672422,81535.3997,3254174.147,77.66536731,10556279.29,86.45752339
18Dec2017a,4.5,91.38761332,0.0005716,2.64E-06,2.43E-09,3.162,f3162,0.12,a12,3273989.686,78.13829255,10560392.96,86.49121499,0.000571555,80908.67942,84.08018663,81172.19257,3273989.686,78.13829255,10560392.96,86.49121499
18Dec2017a,4.5,91.38761332,0.0005716,2.64E-06,2.43E-09,3.162,f3162,0.38,b38,3291955.209,78.5670646,10428674.43,85.41242031,0.00057179,80832.60718,84.00113246,80167.26034,3291955.209,78.5670646,10428674.43,85.41242031
18Dec2017a,4.5,91.38761332,0.0005716,2.64E-06,2.43E-09,3.162,f3162,1.21,c121,3223133.055,76.9245287,10486864.06,85.8890022,0.000571646,79948.38397,83.08224893,80534.1606,3184454.338,76.00140763,10439240.15,85.49895518
18Dec2017a,4.5,91.38761332,0.0005716,2.64E-06,2.43E-09,10,g10000,0.12,a12,3427905.943,81.81171692,10402612.16,85.19896637,0.00057171,79206.52076,82.31130573,79459.61712,3427905.943,81.81171692,10402612.16,85.19896637
18Dec2017a,4.5,91.38761332,0.0005716,2.64E-06,2.43E-09,10,g10000,0.38,b38,3000623.484,71.61403001,10266575.75,84.08480762,0.000571761,78586.2852,81.66675779,78517.99258,3000623.484,71.61403001,10266575.75,84.08480762
18Dec2017a,4.5,91.38761332,0.0005716,2.64E-06,2.43E-09,10,g10000,1.21,c121,3205175.906,76.49595652,10222688.08,83.72536097,0.00057163,78175.46304,81.23983199,77939.55855,3205175.906,76.49595652,10222688.08,83.72536097
18Dec2017b,9,1.134330429,0.0009684,2.55E-06,2.19E-09,0.001,a1,3.83,f383,97540.58758,108.8016981,265112.3495,95.2451612,0.00096833,2367.269451,110.0396362,1839.514097,67896.0752,75.73471165,292665.4581,105.1439844
18Dec2017b,9,1.134330429,0.0009684,2.55E-06,2.19E-09,0.001,a1,0,zero,89649.87615,100,278347.3156,100,0.000968145,2151.287966,100,2154.364406,89649.87615,100,278347.3156,100
18Dec2017b,9,1.134330429,0.0009684,2.55E-06,2.19E-09,0.001,a1,0.12,a12,61574.60252,68.68342173,290720.7325,104.4453157,0.000968342,2254.689507,104.8064947,2373.896167,61574.60252,68.68342173,290720.7325,104.4453157
18Dec2017b,9,1.134330429,0.0009684,2.55E-06,2.19E-09,0.001,a1,0.38,b38,80518.29731,89.81417573,282530.2032,101.5027584,0.000968492,2179.533567,101.3129623,2301.253532,66294.4665,73.94819641,283094.5192,101.7054964
18Dec2017b,9,1.134330429,0.0009684,2.55E-06,2.19E-09,0.001,a1,1.21,c121,94726.91484,105.6631854,285916.92,102.7194817,0.000968205,2338.470555,108.7009546,2073.224492,83918.75452,93.60721745,300146.4906,107.8316455
18Dec2017b,9,1.134330429,0.0009684,2.55E-06,2.19E-09,0.1,c100,3.83,f383,93296.50135,104.0676299,268046.8221,96.29940979,0.000968434,2248.411755,104.514681,1965.980667,89934.9276,100.3179608,277964.8466,99.86259288
18Dec2017b,9,1.134330429,0.0009684,2.55E-06,2.19E-09,0.316,d316,3.83,f383,75488.50174,84.2036877,278390.2859,100.0154377,0.000968427,2295.9578,106.724801,2171.08628,75488.50174,84.2036877,278390.2859,100.0154377
18Dec2017b,9,1.134330429,0.0009684,2.55E-06,2.19E-09,1,e1000,3.83,f383,72898.40662,81.31456478,301121.359,108.18188,0.000968416,2484.824556,115.504042,2490.103025,72898.40662,81.31456478,301121.359,108.18188
18Dec2017b,9,1.134330429,0.0009684,2.55E-06,2.19E-09,3.162,f3162,3.83,f383,80571.89158,89.87395748,277743.9194,99.78322182,0.000968418,2176.848024,101.1881282,2142.442339,80571.89158,89.87395748,277743.9194,99.78322182
18Dec2017b,9,1.134330429,0.0009684,2.55E-06,2.19E-09,10,g10000,3.83,f383,87516.20243,97.61999256,286689.9955,102.9972194,0.000967999,2245.556196,104.3819438,2232.370341,87516.20243,97.61999256,286689.9955,102.9972194
18Dec2017b,9,1.134330429,0.0009684,2.55E-06,2.19E-09,0.1,c100,0.12,a12,91941.94369,102.5566879,294755.5612,105.8948819,0.00096854,2305.376991,107.1626406,2310.728542,91941.94369,102.5566879,294755.5612,105.8948819
18Dec2017b,9,1.134330429,0.0009684,2.55E-06,2.19E-09,0.1,c100,0.38,b38,86203.24218,96.15545038,288027.203,103.4776291,0.000968464,2298.766609,106.855365,2242.272858,86203.24218,96.15545038,288027.203,103.4776291
18Dec2017b,9,1.134330429,0.0009684,2.55E-06,2.19E-09,0.1,c100,1.21,c121,70757.85152,78.9268815,303236.8728,108.9419067,0.000968467,2468.593574,114.7495646,2441.618675,69546.84301,77.57606145,307877.1358,110.6089833
18Dec2017b,9,1.134330429,0.0009684,2.55E-06,2.19E-09,0.316,d316,0.12,a12,87679.37483,97.8020033,289376.2304,103.9622853,0.000968467,2262.856122,105.1861098,2288.798291,87679.37483,97.8020033,289376.2304,103.9622853
18Dec2017b,9,1.134330429,0.0009684,2.55E-06,2.19E-09,0.316,d316,0.38,b38,86810.95938,96.83332884,283277.4092,101.7712021,0.000968372,2210.096111,102.733625,2191.286346,86810.95938,96.83332884,283277.4092,101.7712021
18Dec2017b,9,1.134330429,0.0009684,2.55E-06,2.19E-09,0.316,d316,1.21,c121,94474.72981,105.3818855,284203.2621,102.1038272,0.000968511,2213.186613,102.8772832,2154.164043,94474.72981,105.3818855,284203.2621,102.1038272
18Dec2017b,9,1.134330429,0.0009684,2.55E-06,2.19E-09,1,e1000,0.12,a12,64742.98204,72.21759228,298014.7642,107.0657942,0.000968391,2346.800707,109.0881716,2448.967588,64742.98204,72.21759228,298014.7642,107.0657942
18Dec2017b,9,1.134330429,0.0009684,2.55E-06,2.19E-09,1,e1000,0.38,b38,92073.35669,102.7032726,280963.1738,100.9397821,0.00096854,2242.771227,104.2524879,2219.058404,92073.35669,102.7032726,280963.1738,100.9397821
18Dec2017b,9,1.134330429,0.0009684,2.55E-06,2.19E-09,1,e1000,1.21,c121,94444.48096,105.3481444,286566.133,102.9527202,0.000968416,2233.595874,103.8259828,2199.707983,94444.48096,105.3481444,286566.133,102.9527202
18Dec2017b,9,1.134330429,0.0009684,2.55E-06,2.19E-09,3.162,f3162,0.12,a12,87302.0789,97.38114836,280470.0351,100.7626154,0.000968449,2108.670053,98.01895824,2122.657932,87302.0789,97.38114836,280470.0351,100.7626154
18Dec2017b,9,1.134330429,0.0009684,2.55E-06,2.19E-09,3.162,f3162,0.38,b38,103619.049,115.581921,283263.7568,101.7662973,0.000968467,2208.990509,102.6822324,2147.647103,103619.049,115.581921,283263.7568,101.7662973
18Dec2017b,9,1.134330429,0.0009684,2.55E-06,2.19E-09,3.162,f3162,1.21,c121,92688.99306,103.3899845,272987.2194,98.07431368,0.000968407,2102.978926,97.75441313,2050.52149,92688.99306,103.3899845,272987.2194,98.07431368
18Dec2017b,9,1.134330429,0.0009684,2.55E-06,2.19E-09,10,g10000,0.12,a12,80209.42353,89.46964232,292148.1918,104.9581496,0.000967993,2367.95064,110.0713004,2340.20364,80209.42353,89.46964232,292148.1918,104.9581496
18Dec2017b,9,1.134330429,0.0009684,2.55E-06,2.19E-09,10,g10000,0.38,b38,82264.40208,91.76186919,280653.2803,100.8284487,0.000968311,2204.848877,102.4897137,2138.930523,82264.40208,91.76186919,280653.2803,100.8284487
18Dec2017b,9,1.134330429,0.0009684,2.55E-06,2.19E-09,10,g10000,1.21,c121,82200.25384,91.69031499,273933.1632,98.41415664,0.000968185,2099.525127,97.59386752,2075.620833,82200.25384,91.69031499,273933.1632,98.41415664
18Dec2017b,6.4,7.326045678,0.0009684,2.55E-06,2.19E-09,0.001,a1,3.83,f383,473572.8825,69.2899208,926542.2402,48.38023517,0.000968525,17710.19015,98.50035873,5909.182399,267559.4344,39.1474527,1783589.642,93.13173492
18Dec2017b,6.4,7.326045678,0.0009684,2.55E-06,2.19E-09,0.001,a1,0,zero,683465.7582,100,1915125.54,100,0.000968467,17979.82299,100,17910.17495,683465.7582,100,1915125.54,100
18Dec2017b,6.4,7.326045678,0.0009684,2.55E-06,2.19E-09,0.001,a1,0.12,a12,647995.5287,94.81024043,1931231.245,100.8409738,0.000968006,18021.96155,100.2343658,18378.48992,647995.5287,94.81024043,1931231.245,100.8409738
18Dec2017b,6.4,7.326045678,0.0009684,2.55E-06,2.19E-09,0.001,a1,0.38,b38,695609.0824,101.7767275,1902749.068,99.35375141,0.000968468,18192.0298,101.1802497,18403.51791,776424.5178,113.6010851,1955614.438,102.1141642
18Dec2017b,6.4,7.326045678,0.0009684,2.55E-06,2.19E-09,0.001,a1,1.21,c121,844679.3918,123.587668,1618836.916,84.52902342,0.000968468,18281.86597,101.6798996,11923.29072,655206.1919,95.86525499,1914852.825,99.98575992
18Dec2017b,6.4,7.326045678,0.0009684,2.55E-06,2.19E-09,0.1,c100,3.83,f383,426286.9666,62.37137142,1199985.642,62.65832797,0.000968532,18482.40506,102.7952559,10175.75792,380793.6858,55.71510806,1825273.636,95.30830213
18Dec2017b,6.4,7.326045678,0.0009684,2.55E-06,2.19E-09,0.316,d316,3.83,f383,548986.0491,80.32385566,1545684.925,80.70932649,0.000968464,18493.85008,102.8589107,13894.26803,520602.6931,76.17099859,1882960.379,98.32046722
18Dec2017b,6.4,7.326045678,0.0009684,2.55E-06,2.19E-09,1,e1000,3.83,f383,714338.253,104.5170507,1983303.07,103.5599509,0.000968597,18655.54585,103.7582287,18430.59509,701307.5781,102.6104921,1995101.666,104.1760252
18Dec2017b,6.4,7.326045678,0.0009684,2.55E-06,2.19E-09,3.162,f3162,3.83,f383,722125.0718,105.6563644,1942405.297,101.424437,0.000968473,17943.93808,99.80041566,17986.46799,722125.0718,105.6563644,1942405.297,101.424437
18Dec2017b,6.4,7.326045678,0.0009684,2.55E-06,2.19E-09,10,g10000,3.83,f383,700756.1889,102.5298167,1943087.187,101.4600425,0.000968471,17814.70775,99.08166372,18100.04105,700756.1889,102.5298167,1943087.187,101.4600425
18Dec2017b,6.4,7.326045678,0.0009684,2.55E-06,2.19E-09,0.1,c100,0.12,a12,684090.1575,100.0913578,1949656.771,101.8030792,0.00096845,18184.52907,101.1385322,18266.60449,684090.1575,100.0913578,1949656.771,101.8030792
18Dec2017b,6.4,7.326045678,0.0009684,2.55E-06,2.19E-09,0.1,c100,0.38,b38,694183.8346,101.5681951,1905380.726,99.49116576,0.000968051,18127.53105,100.8215212,17759.6908,688714.364,100.7679398,1928977.029,100.7232679
18Dec2017b,6.4,7.326045678,0.0009684,2.55E-06,2.19E-09,0.1,c100,1.21,c121,594035.01,86.91510919,1679178.007,87.67978763,0.00096841,17801.87035,99.01026477,15249.87732,559793.0139,81.90505628,1834834.65,95.80753905
18Dec2017b,6.4,7.326045678,0.0009684,2.55E-06,2.19E-09,0.316,d316,0.12,a12,674666.961,98.71262062,1898697.6,99.14220034,0.000968501,17812.25008,99.06799463,17780.85027,674666.961,98.71262062,1898697.6,99.14220034
18Dec2017b,6.4,7.326045678,0.0009684,2.55E-06,2.19E-09,0.316,d316,0.38,b38,663905.5473,97.13808473,1821057.572,95.08815656,0.000968423,17159.59518,95.43806513,17001.30219,680533.1639,99.57092301,1822684.193,95.17309202
18Dec2017b,6.4,7.326045678,0.0009684,2.55E-06,2.19E-09,0.316,d316,1.21,c121,594594.6355,86.99698974,1732407.736,90.45922575,0.000968472,17148.66012,95.37724663,16082.29104,586777.2103,85.85319795,1794432.661,93.6979129
18Dec2017b,6.4,7.326045678,0.0009684,2.55E-06,2.19E-09,1,e1000,0.12,a12,647921.1177,94.79935314,1784397.526,93.17391934,0.000968377,16717.20111,92.97756223,16747.04724,647921.1177,94.79935314,1784397.526,93.17391934
18Dec2017b,6.4,7.326045678,0.0009684,2.55E-06,2.19E-09,1,e1000,0.38,b38,650556.6062,95.18495965,1759759.116,91.88740264,0.000968486,16552.51773,92.06162782,16486.60767,650556.6062,95.18495965,1759759.116,91.88740264
18Dec2017b,6.4,7.326045678,0.0009684,2.55E-06,2.19E-09,1,e1000,1.21,c121,640696.7021,93.74232643,1746452.826,91.19260275,0.000968454,16128.0205,89.70066337,16285.72901,640696.7021,93.74232643,1746452.826,91.19260275
18Dec2017b,6.4,7.326045678,0.0009684,2.55E-06,2.19E-09,3.162,f3162,0.12,a12,593048.1828,86.77072344,1695217.863,88.51732314,0.000968342,15981.72463,88.8869965,15924.81788,593048.1828,86.77072344,1695217.863,88.51732314
18Dec2017b,6.4,7.326045678,0.0009684,2.55E-06,2.19E-09,3.162,f3162,0.38,b38,587499.7473,85.95891458,1671939.825,87.30183948,0.000968167,15829.87444,88.04243761,15760.80079,587499.7473,85.95891458,1671939.825,87.30183948
18Dec2017b,6.4,7.326045678,0.0009684,2.55E-06,2.19E-09,3.162,f3162,1.21,c121,573202.5251,83.86704355,1659021.2,86.6272819,0.000968548,15513.49317,86.28279144,15640.5738,573202.5251,83.86704355,1659021.2,86.6272819
18Dec2017b,6.4,7.326045678,0.0009684,2.55E-06,2.19E-09,10,g10000,0.12,a12,588333.4933,86.08090256,1618759.037,84.52495687,0.00096863,15303.06563,85.11243763,15172.11164,588333.4933,86.08090256,1618759.037,84.52495687
18Dec2017b,6.4,7.326045678,0.0009684,2.55E-06,2.19E-09,10,g10000,0.38,b38,564708.7648,82.62429507,1602234.853,83.66213177,0.000968424,15191.56217,84.49227881,15116.40492,564708.7648,82.62429507,1602234.853,83.66213177
18Dec2017b,6.4,7.326045678,0.0009684,2.55E-06,2.19E-09,10,g10000,1.21,c121,557262.8878,81.53486566,1577983.759,82.39583911,0.000968457,15037.76117,83.63686992,14818.30912,557262.8878,81.53486566,1577983.759,82.39583911
18Dec2017b,6.3,19.92073989,0.0009684,2.55E-06,2.19E-09,0.001,a1,3.83,f383,1445654.46,50.46508097,2711232.48,42.66744254,0.000968271,53888.30251,100.2564389,15583.46342,938402.2697,32.75786008,5398646.505,84.9600472
18Dec2017b,6.3,19.92073989,0.0009684,2.55E-06,2.19E-09,0.001,a1,0,zero,2864662.916,100,6354335.576,100,0.000968403,53750.46542,100,53396.9681,2864662.916,100,6354335.576,100
18Dec2017b,6.3,19.92073989,0.0009684,2.55E-06,2.19E-09,0.001,a1,0.12,a12,2758568.821,96.29645449,6430930.757,101.2054003,0.000968534,54010.87762,100.4844836,55047.1546,2956514.243,103.2063573,6438207.695,101.3199196
18Dec2017b,6.3,19.92073989,0.0009684,2.55E-06,2.19E-09,0.001,a1,0.38,b38,2752455.418,96.08304708,6253552.92,98.41395446,0.000968374,53623.70014,99.76415967,55529.04646,3002799.424,104.822086,6422498.306,101.0726964
18Dec2017b,6.3,19.92073989,0.0009684,2.55E-06,2.19E-09,0.001,a1,1.21,c121,2971818.488,103.7405997,5399033.878,84.9661434,0.000968567,53701.67292,99.90922403,34047.77537,2401239.606,83.82276299,6421735.701,101.0606951
18Dec2017b,6.3,19.92073989,0.0009684,2.55E-06,2.19E-09,0.1,c100,3.83,f383,1377677.465,48.09213178,3456628.304,54.39795023,0.000968525,53598.05391,99.71644616,26410.19897,1251279.255,43.67980777,5543369.091,87.23758801
18Dec2017b,6.3,19.92073989,0.0009684,2.55E-06,2.19E-09,0.316,d316,3.83,f383,1945727.877,67.92170439,4746822.999,74.7021139,0.00096845,53375.59511,99.30257289,37270.56647,1827643.371,63.79959615,5942622.121,93.52074737
18Dec2017b,6.3,19.92073989,0.0009684,2.55E-06,2.19E-09,1,e1000,3.83,f383,2852913.348,99.58984466,6498191.041,102.2638947,0.000968195,53299.19444,99.16043334,53592.87515,2836158.353,99.00495927,6442738.597,101.3912237
18Dec2017b,6.3,19.92073989,0.0009684,2.55E-06,2.19E-09,3.162,f3162,3.83,f383,2868754.105,100.1428157,6351756.653,99.95941476,0.000968475,53018.33097,98.63790119,53207.29167,2866563.089,100.0663315,6323365.918,99.51262162
18Dec2017b,6.3,19.92073989,0.0009684,2.55E-06,2.19E-09,10,g10000,3.83,f383,2815491.228,98.28350879,6232798.16,98.08733086,0.000968368,52838.91039,98.30409835,52348.11419,2815491.228,98.28350879,6232798.16,98.08733086
18Dec2017b,6.3,19.92073989,0.0009684,2.55E-06,2.19E-09,0.1,c100,0.12,a12,2781694.194,97.10371781,6269111.869,98.65881011,0.000968298,52663.47075,97.97770184,52784.42184,2776316.571,96.9159951,6275690.54,98.76234053
18Dec2017b,6.3,19.92073989,0.0009684,2.55E-06,2.19E-09,0.1,c100,0.38,b38,2766880.126,96.58658654,6136055.466,96.56486336,0.000968197,52328.62144,97.35473177,51134.69293,2761516.83,96.39936396,6205132.251,97.65194451
18Dec2017b,6.3,19.92073989,0.0009684,2.55E-06,2.19E-09,0.1,c100,1.21,c121,2450423.814,85.53969127,5562062.119,87.53176556,0.000968454,52140.28027,97.00433264,44384.96923,2366574.926,82.61268413,6094049.514,95.90380365
18Dec2017b,6.3,19.92073989,0.0009684,2.55E-06,2.19E-09,0.316,d316,0.12,a12,2731993.899,95.36877389,6185509.022,97.34312814,0.000968424,51877.28691,96.5150469,52020.44856,2731993.899,95.36877389,6185509.022,97.34312814
18Dec2017b,6.3,19.92073989,0.0009684,2.55E-06,2.19E-09,0.316,d316,0.38,b38,2770546.938,96.71458804,6112231.876,96.1899447,0.000968445,51752.64279,96.28315287,51192.5366,2752929.046,96.09958055,6136783.112,96.57631453
18Dec2017b,6.3,19.92073989,0.0009684,2.55E-06,2.19E-09,0.316,d316,1.21,c121,2579693.446,90.05225124,5871089.675,92.39502077,0.000968463,51618.66018,96.03388506,48447.60359,2551466.735,89.0669098,6106874.964,96.10564143
18Dec2017b,6.3,19.92073989,0.0009684,2.55E-06,2.19E-09,1,e1000,0.12,a12,2654600.345,92.66711034,6081521.046,95.70663956,0.000968448,51221.45602,95.29490698,51373.93977,2654600.345,92.66711034,6081521.046,95.70663956
18Dec2017b,6.3,19.92073989,0.0009684,2.55E-06,2.19E-09,1,e1000,0.38,b38,2736947.907,95.54170901,6046088.092,95.14902101,0.000968404,51087.04208,95.04483669,50869.67014,2736947.907,95.54170901,6046088.092,95.14902101
18Dec2017b,6.3,19.92073989,0.0009684,2.55E-06,2.19E-09,1,e1000,1.21,c121,2710037.848,94.60232941,6124118.209,96.37700332,0.000968287,50581.34,94.10400375,51320.11378,2704757.152,94.41799022,6062285.556,95.40392515
18Dec2017b,6.3,19.92073989,0.0009684,2.55E-06,2.19E-09,3.162,f3162,0.12,a12,2629099.612,91.77692768,5954078.295,93.70103647,0.000968513,50323.54717,93.62439334,50315.0734,2629099.612,91.77692768,5954078.295,93.70103647
18Dec2017b,6.3,19.92073989,0.0009684,2.55E-06,2.19E-09,3.162,f3162,0.38,b38,2661613.212,92.91191634,5927547.805,93.28351854,0.000968336,50307.95656,93.5953878,50096.46277,2661613.212,92.91191634,5927547.805,93.28351854
18Dec2017b,6.3,19.92073989,0.0009684,2.55E-06,2.19E-09,3.162,f3162,1.21,c121,2635118.427,91.9870332,5909255.371,92.99564527,0.000968459,49720.98082,92.50334938,49983.45043,2631246.068,91.85185641,5889292.836,92.68148914
18Dec2017b,6.3,19.92073989,0.0009684,2.55E-06,2.19E-09,10,g10000,0.12,a12,2612543.99,91.19900202,5815659.498,91.52270019,0.000968521,49515.27182,92.12063826,49167.90282,2612543.99,91.19900202,5815659.498,91.52270019
18Dec2017b,6.3,19.92073989,0.0009684,2.55E-06,2.19E-09,10,g10000,0.38,b38,2581797.395,90.12569615,5785696.748,91.0511678,0.000968425,49198.72657,91.53172198,48972.65493,2581797.395,90.12569615,5785696.748,91.0511678
18Dec2017b,6.3,19.92073989,0.0009684,2.55E-06,2.19E-09,10,g10000,1.21,c121,2529239.003,88.29098143,5725046.582,90.09669876,0.000968109,48938.29626,91.04720467,48466.97871,2529239.003,88.29098143,5725046.582,90.09669876
18Dec2017b,6.2,36.40765593,0.0009684,2.55E-06,2.19E-09,0.001,a1,3.83,f383,2780882.872,55.42153206,5439236.225,48.22532294,0.000968506,88651.06281,99.63076045,26825.66765,1688549.04,33.65189368,9755806.559,86.49687243
18Dec2017b,6.2,36.40765593,0.0009684,2.55E-06,2.19E-09,0.001,a1,0,zero,5017693.97,100,11278796.89,100,0.000968483,88979.61072,100,88166.05997,5017693.97,100,11278796.89,100
18Dec2017b,6.2,36.40765593,0.0009684,2.55E-06,2.19E-09,0.001,a1,0.12,a12,5057091.468,100.7851714,11564358.79,102.5318472,0.000968343,90388.62828,101.5835286,92321.22677,5421489.742,108.0474372,11614442.15,102.9758959
18Dec2017b,6.2,36.40765593,0.0009684,2.55E-06,2.19E-09,0.001,a1,0.38,b38,4690625.773,93.48170296,11326981.21,100.4272115,0.000968504,90142.83395,101.3072919,94964.11031,5338266.641,106.3888446,11590034.23,102.7594906
18Dec2017b,6.2,36.40765593,0.0009684,2.55E-06,2.19E-09,0.001,a1,1.21,c121,5477846.531,109.1705984,10278542.36,91.13154939,0.000968411,90919.60296,102.180266,60992.89824,4586103.657,91.3986322,11867097.31,105.2159856
18Dec2017b,6.2,36.40765593,0.0009684,2.55E-06,2.19E-09,0.1,c100,3.83,f383,3000322.965,59.79485762,7481679.19,66.33401826,0.00096845,91074.99283,102.3549014,50425.81032,2687252.666,53.55553133,10501942.48,93.11225819
18Dec2017b,6.2,36.40765593,0.0009684,2.55E-06,2.19E-09,0.316,d316,3.83,f383,4019086.767,80.09828402,9785584.427,86.76088878,0.00096806,91965.05008,103.3551949,71423.73996,3853708.728,76.80238673,11251639.01,99.75921297
18Dec2017b,6.2,36.40765593,0.0009684,2.55E-06,2.19E-09,1,e1000,3.83,f383,5197643.05,103.5862904,11823670.87,104.8309583,0.000968457,91705.27885,103.0632502,91718.76296,5198587.002,103.6051029,11765295.65,104.3133923
18Dec2017b,6.2,36.40765593,0.0009684,2.55E-06,2.19E-09,3.162,f3162,3.83,f383,5204340.278,103.7197627,11843617.37,105.0078079,0.000968492,92440.34188,103.889353,92349.77231,5205110.794,103.7351187,11788294.36,104.5173033
18Dec2017b,6.2,36.40765593,0.0009684,2.55E-06,2.19E-09,10,g10000,3.83,f383,5295272.841,105.5320008,11800642.61,104.6267853,0.000968249,92521.85208,103.9809585,91645.54031,5295272.841,105.5320008,11800642.61,104.6267853
18Dec2017b,6.2,36.40765593,0.0009684,2.55E-06,2.19E-09,0.1,c100,0.12,a12,5281141.233,105.2503653,11914388.61,105.6352794,0.000968146,92627.04669,104.0991818,92544.37056,5290030.748,105.4275287,11961223.7,106.0505284
18Dec2017b,6.2,36.40765593,0.0009684,2.55E-06,2.19E-09,0.1,c100,0.38,b38,5163661.892,102.9090639,11679693.79,103.5544296,0.000968133,92004.93611,103.4000209,90111.85866,5132248.217,102.2830059,11780874.54,104.4515177
18Dec2017b,6.2,36.40765593,0.0009684,2.55E-06,2.19E-09,0.1,c100,1.21,c121,4843674.24,96.53187836,11170666.95,99.04129902,0.000968463,92560.65613,104.0245685,81632.38493,4683898.574,93.34763344,11857514.2,105.1310199
18Dec2017b,6.2,36.40765593,0.0009684,2.55E-06,2.19E-09,0.316,d316,0.12,a12,5266370.785,104.955998,11824610.81,104.839292,0.000967987,91933.84067,103.3201201,91933.35661,5247994.524,104.5897688,11873157.54,105.2697167
18Dec2017b,6.2,36.40765593,0.0009684,2.55E-06,2.19E-09,0.316,d316,0.38,b38,5118954.281,102.0180647,11737022.21,104.0627145,0.000968475,92136.50899,103.5478895,91148.36402,5098635.915,101.6131304,11767292.78,104.3310993
18Dec2017b,6.2,36.40765593,0.0009684,2.55E-06,2.19E-09,0.316,d316,1.21,c121,5016879.984,99.98377769,11535094.7,102.272386,0.000968338,91579.11459,102.9214602,88448.61839,4998129.205,99.61008452,11756560.13,104.2359415
18Dec2017b,6.2,36.40765593,0.0009684,2.55E-06,2.19E-09,1,e1000,0.12,a12,5262609.255,104.8810327,11750583.37,104.1829504,0.000968228,91388.11441,102.706804,91470.98414,5267824.353,104.9849669,11803962.67,104.6562216
18Dec2017b,6.2,36.40765593,0.0009684,2.55E-06,2.19E-09,1,e1000,0.38,b38,5138720.859,102.4120022,11740774.4,104.0959822,0.000968496,91422.83675,102.7458268,91275.01219,5138720.859,102.4120022,11740774.4,104.0959822
18Dec2017b,6.2,36.40765593,0.0009684,2.55E-06,2.19E-09,1,e1000,1.21,c121,5144089.66,102.5189996,11719466.47,103.9070619,0.000968417,90716.68149,101.9522121,90999.61336,5144089.66,102.5189996,11719466.47,103.9070619
18Dec2017b,6.2,36.40765593,0.0009684,2.55E-06,2.19E-09,3.162,f3162,0.12,a12,5111008.221,101.8597039,11655620.58,103.3409919,0.000968463,91016.66814,102.289353,90577.67746,5116219.151,101.963555,11714459.47,103.8626689
18Dec2017b,6.2,36.40765593,0.0009684,2.55E-06,2.19E-09,3.162,f3162,0.38,b38,5073544.642,101.1130745,11603187.8,102.8761127,0.000968544,90223.07124,101.3974668,90277.89581,5073544.642,101.1130745,11603187.8,102.8761127
18Dec2017b,6.2,36.40765593,0.0009684,2.55E-06,2.19E-09,3.162,f3162,1.21,c121,5093075.846,101.5023211,11544079.84,102.3520501,0.000968556,89771.32988,100.8897759,89778.41182,5093075.846,101.5023211,11544079.84,102.3520501
18Dec2017b,6.2,36.40765593,0.0009684,2.55E-06,2.19E-09,10,g10000,0.12,a12,5151188.086,102.6604675,11423032.57,101.2788215,0.000968361,89808.30412,100.9313295,88543.13493,5151188.086,102.6604675,11423032.57,101.2788215
18Dec2017b,6.2,36.40765593,0.0009684,2.55E-06,2.19E-09,10,g10000,0.38,b38,5040092.297,100.4463869,11389107.77,100.9780376,0.000967918,88661.65149,99.64266057,88357.73042,5040092.297,100.4463869,11389107.77,100.9780376
18Dec2017b,6.2,36.40765593,0.0009684,2.55E-06,2.19E-09,10,g10000,1.21,c121,4970612.797,99.06169699,11301343.2,100.1998999,0.00096837,88002.92354,98.90234721,87544.12209,4970612.797,99.06169699,11301343.2,100.1998999
18Dec2017b,6.1,53.79148314,0.0009684,2.55E-06,2.19E-09,0.001,a1,3.83,f383,3986485.607,68.43841668,9374371.094,61.25924641,0.00096842,117752.4323,100.0907152,45366.10642,2602386.317,44.67674457,14040819.57,91.75335785
18Dec2017b,6.1,53.79148314,0.0009684,2.55E-06,2.19E-09,0.001,a1,0,zero,5824923.778,100,15302785.53,100,0.000968626,117645.7098,100,116626.707,5824923.778,100,15302785.53,100
18Dec2017b,6.1,53.79148314,0.0009684,2.55E-06,2.19E-09,0.001,a1,0.12,a12,5795948.306,99.5025605,15541588.65,101.5605206,0.000968415,118082.4074,100.3711972,120051.9126,6158955.332,105.7345223,15572089.2,101.7598343
18Dec2017b,6.1,53.79148314,0.0009684,2.55E-06,2.19E-09,0.001,a1,0.38,b38,5399138.678,92.6902889,15333807.03,100.202718,0.000968206,118119.9478,100.403107,125042.4298,6299324.286,108.1443213,15580668.75,101.8158996
18Dec2017b,6.1,53.79148314,0.0009684,2.55E-06,2.19E-09,0.001,a1,1.21,c121,6265407.108,107.5620445,14401867.44,94.11271836,0.000968492,118657.5267,100.8600542,92516.48263,5656398.537,97.10682496,15929549.63,104.0957518
18Dec2017b,6.1,53.79148314,0.0009684,2.55E-06,2.19E-09,0.1,c100,3.83,f383,4111846.62,70.59056525,11946965.84,78.07053046,0.00096847,118430.0906,100.6667313,78148.6959,3682252.35,63.21545982,14754162.79,96.4148832
18Dec2017b,6.1,53.79148314,0.0009684,2.55E-06,2.19E-09,0.316,d316,3.83,f383,4914767.438,84.374794,13998197.1,91.47483033,0.000968448,118964.6598,101.1211204,101541.727,4767015.775,81.83825157,15247323.35,99.63756807
18Dec2017b,6.1,53.79148314,0.0009684,2.55E-06,2.19E-09,1,e1000,3.83,f383,5707007.738,97.97566382,15311672.37,100.0580733,0.000968471,118637.0491,100.8426481,115665.7739,5683763.189,97.57661054,15512623.38,101.3712396
18Dec2017b,6.1,53.79148314,0.0009684,2.55E-06,2.19E-09,3.162,f3162,3.83,f383,5914976.757,101.5459941,15540108.91,101.5508509,0.000968509,118516.3142,100.7400223,117489.6822,5927608.059,101.7628433,15606496.73,101.9846792
18Dec2017b,6.1,53.79148314,0.0009684,2.55E-06,2.19E-09,10,g10000,3.83,f383,5736267.512,98.47798411,15537783.18,101.5356528,0.000968438,118514.2284,100.7382493,116904.642,5736267.512,98.47798411,15537783.18,101.5356528
18Dec2017b,6.1,53.79148314,0.0009684,2.55E-06,2.19E-09,0.1,c100,0.12,a12,6033327.383,103.5777911,15658388.65,102.3237803,0.000968411,118295.5353,100.552358,118027.2376,6055249.752,103.9541457,15696037.61,102.5698072
18Dec2017b,6.1,53.79148314,0.0009684,2.55E-06,2.19E-09,0.1,c100,0.38,b38,5827888.663,100.0509,15423134.83,100.7864536,0.00096839,117700.5594,100.0466227,115674.4693,5786595.315,99.34199204,15537205.82,101.5318799
18Dec2017b,6.1,53.79148314,0.0009684,2.55E-06,2.19E-09,0.1,c100,1.21,c121,5693780.005,97.7485753,15005122.74,98.05484569,0.000968487,117484.9838,99.86338138,106551.3145,5494494.301,94.32731673,15631928.72,102.1508711
18Dec2017b,6.1,53.79148314,0.0009684,2.55E-06,2.19E-09,0.316,d316,0.12,a12,5971079.479,102.5091436,15500746,101.2936238,0.000968277,116923.6059,99.38620467,116891.049,5971873.375,102.5227729,15535195.48,101.5187428
18Dec2017b,6.1,53.79148314,0.0009684,2.55E-06,2.19E-09,0.316,d316,0.38,b38,5639588.862,96.81824307,15382130.01,100.518497,0.000968389,116889.0933,99.35686857,116061.0881,5646776.12,96.94163109,15418976.58,100.7592804
18Dec2017b,6.1,53.79148314,0.0009684,2.55E-06,2.19E-09,0.316,d316,1.21,c121,5714501.034,98.10430578,15337923.51,100.2296182,0.00096851,116408.0456,98.94797338,114546.275,5688320.463,97.65484802,15466450.5,101.069511
18Dec2017b,6.1,53.79148314,0.0009684,2.55E-06,2.19E-09,1,e1000,0.12,a12,5873253.313,100.8297024,15397822.74,100.6210452,0.000968483,116176.951,98.75154072,115912.552,5866007.767,100.7053138,15441293.83,100.9051183
18Dec2017b,6.1,53.79148314,0.0009684,2.55E-06,2.19E-09,1,e1000,0.38,b38,5857198.827,100.5540854,15292385.41,99.93203774,0.000968488,115984.6019,98.58804206,115314.2303,5854258.654,100.5036096,15322667.74,100.1299254
18Dec2017b,6.1,53.79148314,0.0009684,2.55E-06,2.19E-09,1,e1000,1.21,c121,5714377.192,98.1021797,15310172.87,100.0482745,0.000968558,115334.6834,98.03560505,115088.1416,5709114.704,98.01183538,15325256.72,100.1468438
18Dec2017b,6.1,53.79148314,0.0009684,2.55E-06,2.19E-09,3.162,f3162,0.12,a12,5783713.566,99.2925193,15276113.75,99.8257064,0.000968441,115425.1413,98.11249515,114775.347,5788386.288,99.37273875,15335762.31,100.2154953
18Dec2017b,6.1,53.79148314,0.0009684,2.55E-06,2.19E-09,3.162,f3162,0.38,b38,5617743.103,96.44320367,15151350,99.0104055,0.000968381,114655.9842,97.45870408,114033.6193,5615069.789,96.39730928,15198744.16,99.32011482
18Dec2017b,6.1,53.79148314,0.0009684,2.55E-06,2.19E-09,3.162,f3162,1.21,c121,5660491.898,97.17709817,15157688.84,99.05182824,0.000968479,114138.5528,97.01888234,113764.0335,5661697.686,97.19779866,15196663.01,99.30651501
18Dec2017b,6.1,53.79148314,0.0009684,2.55E-06,2.19E-09,10,g10000,0.12,a12,5632494.012,96.69644147,15000827.95,98.02678029,0.000968227,113786.9906,96.72005108,112273.6032,5632494.012,96.69644147,15000827.95,98.02678029
18Dec2017b,6.1,53.79148314,0.0009684,2.55E-06,2.19E-09,10,g10000,0.38,b38,5745824.318,98.64205159,14957671.08,97.74476061,0.000968493,113114.9627,96.14882079,112046.7884,5745824.318,98.64205159,14957671.08,97.74476061
18Dec2017b,6.1,53.79148314,0.0009684,2.55E-06,2.19E-09,10,g10000,1.21,c121,5709461.583,98.01779047,14883962.37,97.26309206,0.000968505,112533.0775,95.65421276,111215.9969,5709461.583,98.01779047,14883962.37,97.26309206
19Dec2017a,9,1.964958239,0.00077,2.60E-06,2.94E-09,0.001,a1,3.83,f383,81432.84588,128.206261,267397.8987,94.29510246,0.000769946,2405.050389,104.5038585,1994.023302,76130.68063,119.858637,287891.0517,101.5218009
19Dec2017a,9,1.964958239,0.00077,2.60E-06,2.94E-09,0.001,a1,0,zero,63517.05855,100,283575.5959,100,0.000769974,2301.39865,100,2315.085953,63517.05855,100,283575.5959,100
19Dec2017a,9,1.964958239,0.00077,2.60E-06,2.94E-09,0.001,a1,0.12,a12,79134.19436,124.5873096,297887.9602,105.0471072,0.000769915,2386.767813,103.709447,2412.380548,79134.19436,124.5873096,297887.9602,105.0471072
19Dec2017a,9,1.964958239,0.00077,2.60E-06,2.94E-09,0.001,a1,0.38,b38,74184.12897,116.7940246,278404.265,98.17638368,0.000770233,2222.19705,96.55854495,2293.8365,74184.12897,116.7940246,278404.265,98.17638368
19Dec2017a,9,1.964958239,0.00077,2.60E-06,2.94E-09,0.001,a1,1.21,c121,89191.5711,140.4214445,277442.9798,97.83739638,0.000770021,2297.239429,99.81927418,2148.813563,82654.13019,130.1290269,286279.4906,100.9535005
19Dec2017a,9,1.964958239,0.00077,2.60E-06,2.94E-09,0.1,c100,3.83,f383,64909.95385,102.1929468,261989.3417,92.38783079,0.000770065,2212.03773,96.11710381,2049.866726,51314.34408,80.78828782,271355.3622,95.69066104
19Dec2017a,9,1.964958239,0.00077,2.60E-06,2.94E-09,0.316,d316,3.83,f383,67435.33484,106.1688566,273263.9031,96.36368824,0.000769975,2266.112488,98.46675142,2194.108963,77263.52166,121.6421595,274769.252,96.89453393
19Dec2017a,9,1.964958239,0.00077,2.60E-06,2.94E-09,1,e1000,3.83,f383,55487.98168,87.35918027,275007.3173,96.97848522,0.000770193,2282.466708,99.17737231,2289.888892,55487.98168,87.35918027,275007.3173,96.97848522
19Dec2017a,9,1.964958239,0.00077,2.60E-06,2.94E-09,3.162,f3162,3.83,f383,63378.40524,99.78170697,283867.7317,100.1030187,0.00077009,2321.362401,100.8674616,2342.232286,63378.40524,99.78170697,283867.7317,100.1030187
19Dec2017a,9,1.964958239,0.00077,2.60E-06,2.94E-09,10,g10000,3.83,f383,72067.09885,113.4610143,278086.7555,98.06441722,0.00077021,2299.947477,99.93694383,2221.434401,72067.09885,113.4610143,278086.7555,98.06441722
19Dec2017a,9,1.964958239,0.00077,2.60E-06,2.94E-09,0.1,c100,0.12,a12,68254.20345,107.4580672,283001.7902,99.79765335,0.000769942,2321.924356,100.8918796,2305.793371,68254.20345,107.4580672,283001.7902,99.79765335
19Dec2017a,9,1.964958239,0.00077,2.60E-06,2.94E-09,0.1,c100,0.38,b38,76431.81862,120.3327427,266315.3963,93.91336918,0.000769798,2142.004658,93.07403813,2135.620262,76431.81862,120.3327427,266315.3963,93.91336918
19Dec2017a,9,1.964958239,0.00077,2.60E-06,2.94E-09,0.1,c100,1.21,c121,58587.07197,92.23832669,276727.9834,97.58526031,0.000769796,2265.570257,98.44319049,2239.916858,46876.63852,73.80165202,277108.8944,97.71958464
19Dec2017a,9,1.964958239,0.00077,2.60E-06,2.94E-09,0.316,d316,0.12,a12,74244.02868,116.8883295,285691.5947,100.7461851,0.000769998,2317.203306,100.6867413,2320.831066,74244.02868,116.8883295,285691.5947,100.7461851
19Dec2017a,9,1.964958239,0.00077,2.60E-06,2.94E-09,0.316,d316,0.38,b38,71013.53715,111.8023076,271898.2065,95.88208947,0.000769973,2201.057524,95.6399937,2260.349893,71013.53715,111.8023076,271898.2065,95.88208947
19Dec2017a,9,1.964958239,0.00077,2.60E-06,2.94E-09,0.316,d316,1.21,c121,67527.49059,106.3139448,275968.2355,97.31734309,0.000770044,2242.822733,97.45476876,2248.872116,67527.49059,106.3139448,275968.2355,97.31734309
19Dec2017a,9,1.964958239,0.00077,2.60E-06,2.94E-09,1,e1000,0.12,a12,72766.04293,114.561418,269465.1301,95.02409023,0.000770142,2178.276586,94.65012008,2158.36395,72766.04293,114.561418,269465.1301,95.02409023
19Dec2017a,9,1.964958239,0.00077,2.60E-06,2.94E-09,1,e1000,0.38,b38,71170.58685,112.0495635,277581.4449,97.88622469,0.000770036,2291.85119,99.5851453,2276.047061,71170.58685,112.0495635,277581.4449,97.88622469
19Dec2017a,9,1.964958239,0.00077,2.60E-06,2.94E-09,1,e1000,1.21,c121,63249.98024,99.5795172,269557.1165,95.05652831,0.000769788,2183.173685,94.86290804,2221.414482,63249.98024,99.5795172,269557.1165,95.05652831
19Dec2017a,9,1.964958239,0.00077,2.60E-06,2.94E-09,3.162,f3162,0.12,a12,57998.01657,91.31092953,266848.3395,94.10130612,0.000770156,2161.522939,93.92214334,2191.134543,57998.01657,91.31092953,266848.3395,94.10130612
19Dec2017a,9,1.964958239,0.00077,2.60E-06,2.94E-09,3.162,f3162,0.38,b38,79656.6719,125.4098879,274950.7246,96.95852838,0.000769985,2157.262379,93.73701418,2221.30399,79656.6719,125.4098879,274950.7246,96.95852838
19Dec2017a,9,1.964958239,0.00077,2.60E-06,2.94E-09,3.162,f3162,1.21,c121,65644.84252,103.349941,274112.7352,96.66302009,0.000770174,2245.426485,97.56790659,2265.548127,65644.84252,103.349941,274112.7352,96.66302009
19Dec2017a,9,1.964958239,0.00077,2.60E-06,2.94E-09,10,g10000,0.12,a12,66962.26229,105.4240606,271968.4442,95.90685806,0.000770039,2207.602299,95.92437619,2246.354061,66962.26229,105.4240606,271968.4442,95.90685806
19Dec2017a,9,1.964958239,0.00077,2.60E-06,2.94E-09,10,g10000,0.38,b38,58850.76195,92.65347498,271545.4142,95.75768089,0.000770054,2157.431575,93.74436605,2210.410533,58850.76195,92.65347498,271545.4142,95.75768089
19Dec2017a,9,1.964958239,0.00077,2.60E-06,2.94E-09,10,g10000,1.21,c121,86384.79268,136.0025081,301017.844,106.1508283,0.000770058,2568.277546,111.5963784,2527.238664,86384.79268,136.0025081,301017.844,106.1508283
19Dec2017a,6.6,4.102166608,0.00077,2.60E-06,2.94E-09,0.001,a1,3.83,f383,150622.8917,82.07074413,379472.87,67.12671868,0.00077008,5318.829904,101.634975,2528.217661,86697.04075,47.23910535,573327.5364,101.4185711
19Dec2017a,6.6,4.102166608,0.00077,2.60E-06,2.94E-09,0.001,a1,0,zero,183528.1175,100,565308.2371,100,0.000769898,5233.26729,100,5227.68905,183528.1175,100,565308.2371,100
19Dec2017a,6.6,4.102166608,0.00077,2.60E-06,2.94E-09,0.001,a1,0.12,a12,166645.2545,90.80093927,571199.5199,101.0421364,0.000769999,5298.861883,101.2534157,5377.300364,183927.096,100.2173937,570533.8267,100.9243788
19Dec2017a,6.6,4.102166608,0.00077,2.60E-06,2.94E-09,0.001,a1,0.38,b38,188424.0582,102.6676788,570140.5109,100.8548034,0.000769685,5355.281226,102.3315059,5397.544438,200437.4903,109.2135053,583800.8383,103.2712421
19Dec2017a,6.6,4.102166608,0.00077,2.60E-06,2.94E-09,0.001,a1,1.21,c121,212369.2276,115.7148183,505393.6962,89.40143855,0.000770116,5374.379685,102.6964492,3907.02434,162655.0053,88.62674969,585030.6335,103.4887863
19Dec2017a,6.6,4.102166608,0.00077,2.60E-06,2.94E-09,0.1,c100,3.83,f383,130717.9408,71.22502131,438199.4424,77.51513486,0.000769766,5317.724041,101.6138436,3576.933647,119639.2723,65.18852478,566416.5933,100.1960623
19Dec2017a,6.6,4.102166608,0.00077,2.60E-06,2.94E-09,0.316,d316,3.83,f383,153909.619,83.86160176,510073.8545,90.22933349,0.000769964,5351.269165,102.2548413,4560.25024,140749.9415,76.69121411,569276.8934,100.7020341
19Dec2017a,6.6,4.102166608,0.00077,2.60E-06,2.94E-09,1,e1000,3.83,f383,176677.8282,96.26744428,572042.3657,101.1912313,0.000769955,5417.607158,103.5224623,5321.382542,158038.5386,86.11134945,578832.4741,102.3923651
19Dec2017a,6.6,4.102166608,0.00077,2.60E-06,2.94E-09,3.162,f3162,3.83,f383,180673.8277,98.44476706,576650.6696,102.0064156,0.000770046,5331.564498,101.8783143,5365.682956,180673.8277,98.44476706,576650.6696,102.0064156
19Dec2017a,6.6,4.102166608,0.00077,2.60E-06,2.94E-09,10,g10000,3.83,f383,182957.6252,99.68915266,576176.6866,101.9225705,0.000770016,5259.350828,100.4984178,5303.771449,182957.6252,99.68915266,576176.6866,101.9225705
19Dec2017a,6.6,4.102166608,0.00077,2.60E-06,2.94E-09,0.1,c100,0.12,a12,168545.6437,91.83641505,569831.6411,100.800166,0.000770177,5271.9055,100.7383191,5287.980434,168545.6437,91.83641505,569831.6411,100.800166
19Dec2017a,6.6,4.102166608,0.00077,2.60E-06,2.94E-09,0.1,c100,0.38,b38,177576.1256,96.75690466,565041.0682,99.95273925,0.00076978,5305.625283,101.3826543,5194.644389,173197.5018,94.37109919,567477.8032,100.3837846
19Dec2017a,6.6,4.102166608,0.00077,2.60E-06,2.94E-09,0.1,c100,1.21,c121,174972.7828,95.33840659,513855.2558,90.89824314,0.000770076,5156.504644,98.53317933,4479.315061,165172.2909,89.99835729,553700.531,97.94665896
19Dec2017a,6.6,4.102166608,0.00077,2.60E-06,2.94E-09,0.316,d316,0.12,a12,173222.9511,94.38496594,574191.9267,101.5714771,0.000769992,5357.129,102.3668141,5359.472448,173222.9511,94.38496594,574191.9267,101.5714771
19Dec2017a,6.6,4.102166608,0.00077,2.60E-06,2.94E-09,0.316,d316,0.38,b38,164899.115,89.84951039,552366.0594,97.71059808,0.000769927,5128.143602,97.99124175,5095.90771,164899.115,89.84951039,552366.0594,97.71059808
19Dec2017a,6.6,4.102166608,0.00077,2.60E-06,2.94E-09,0.316,d316,1.21,c121,183004.2237,99.71454308,556478.4131,98.43805142,0.000769945,5369.901618,102.61088,5029.392288,177095.1303,96.49482201,568943.8205,100.6431152
19Dec2017a,6.6,4.102166608,0.00077,2.60E-06,2.94E-09,1,e1000,0.12,a12,169360.3353,92.28032065,563608.474,99.69932102,0.00076991,5203.404799,99.42937194,5225.274842,169360.3353,92.28032065,563608.474,99.69932102
19Dec2017a,6.6,4.102166608,0.00077,2.60E-06,2.94E-09,1,e1000,0.38,b38,175622.1606,95.69223672,561837.8973,99.38611547,0.00076978,5226.315126,99.86715442,5203.598754,175622.1606,95.69223672,561837.8973,99.38611547
19Dec2017a,6.6,4.102166608,0.00077,2.60E-06,2.94E-09,1,e1000,1.21,c121,153396.032,83.58176071,561612.3337,99.34621449,0.000770123,5169.867885,98.78853112,5288.223875,153396.032,83.58176071,561612.3337,99.34621449
19Dec2017a,6.6,4.102166608,0.00077,2.60E-06,2.94E-09,3.162,f3162,0.12,a12,155887.5075,84.93930505,564300.3092,99.82170296,0.000769865,5177.796291,98.94003122,5300.76451,155887.5075,84.93930505,564300.3092,99.82170296
19Dec2017a,6.6,4.102166608,0.00077,2.60E-06,2.94E-09,3.162,f3162,0.38,b38,179350.3409,97.72363132,568628.9727,100.5874204,0.000770057,5284.562387,100.9801735,5345.103884,179350.3409,97.72363132,568628.9727,100.5874204
19Dec2017a,6.6,4.102166608,0.00077,2.60E-06,2.94E-09,3.162,f3162,1.21,c121,162244.4141,88.40302859,548791.0328,97.07819501,0.000769936,4983.038975,95.21850688,5052.968354,162244.4141,88.40302859,548791.0328,97.07819501
19Dec2017a,6.6,4.102166608,0.00077,2.60E-06,2.94E-09,10,g10000,0.12,a12,155877.714,84.93396879,554755.8648,98.13334186,0.000770055,5087.195686,97.20878763,5165.17887,155877.714,84.93396879,554755.8648,98.13334186
19Dec2017a,6.6,4.102166608,0.00077,2.60E-06,2.94E-09,10,g10000,0.38,b38,148400.2,80.85965359,543975.1775,96.226296,0.000769926,4991.88659,95.38757173,5079.49134,148400.2,80.85965359,543975.1775,96.226296
19Dec2017a,6.6,4.102166608,0.00077,2.60E-06,2.94E-09,10,g10000,1.21,c121,170250.9365,92.76558757,544233.1943,96.27193779,0.000769981,5038.322914,96.27490122,4988.889994,170250.9365,92.76558757,544233.1943,96.27193779
19Dec2017a,6.3,36.81237733,0.00077,2.60E-06,2.94E-09,0.001,a1,3.83,f383,1427781.548,49.34321169,2598832.369,43.4007401,0.000770076,47982.29103,99.22502004,14207.47368,854366.9779,29.52637308,5008994.444,83.65066892
19Dec2017a,6.3,36.81237733,0.00077,2.60E-06,2.94E-09,0.001,a1,0,zero,2893572.386,100,5987990.902,100,0.000769986,48357.04847,100,48086.51813,2893572.386,100,5987990.902,100
19Dec2017a,6.3,36.81237733,0.00077,2.60E-06,2.94E-09,0.001,a1,0.12,a12,2793243.773,96.53270771,6069828.278,101.3666917,0.000769974,48680.36605,100.6686049,49770.60497,2988807.299,103.2912573,6077081.42,101.4878199
19Dec2017a,6.3,36.81237733,0.00077,2.60E-06,2.94E-09,0.001,a1,0.38,b38,2807487.692,97.02496838,5995571.626,100.1265988,0.00077016,48937.8806,101.2011323,51601.86297,3164384.522,109.3590932,6144512.283,102.6139215
19Dec2017a,6.3,36.81237733,0.00077,2.60E-06,2.94E-09,0.001,a1,1.21,c121,3125867.709,108.0279769,5326310.446,88.9498754,0.000770171,48940.95743,101.207495,31605.66127,2532944.925,87.53694697,6259654.027,104.5367992
19Dec2017a,6.3,36.81237733,0.00077,2.60E-06,2.94E-09,0.1,c100,3.83,f383,1436248.14,49.63581169,3433950.319,57.34728685,0.000770046,49197.22653,101.7374469,24820.46406,1319394.989,45.59744194,5318486.063,88.81920748
19Dec2017a,6.3,36.81237733,0.00077,2.60E-06,2.94E-09,0.316,d316,3.83,f383,1986580.92,68.65495849,4619849.614,77.15191439,0.000770196,49154.14363,101.6483536,34378.0372,1885279.277,65.15403888,5719990.196,95.52436351
19Dec2017a,6.3,36.81237733,0.00077,2.60E-06,2.94E-09,1,e1000,3.83,f383,2881485.322,99.58227886,6344786.59,105.9585209,0.000769701,49226.75608,101.7985126,49908.4259,2858836.743,98.79955852,6226221.222,103.9784683
19Dec2017a,6.3,36.81237733,0.00077,2.60E-06,2.94E-09,3.162,f3162,3.83,f383,3005190.529,103.8574512,6261131.601,104.5614748,0.000770161,49243.49861,101.8331353,49922.07004,3015865.834,104.2263829,6185455.368,103.2976748
19Dec2017a,6.3,36.81237733,0.00077,2.60E-06,2.94E-09,10,g10000,3.83,f383,2906396.841,100.4432049,6138407.884,102.5119775,0.000770005,49265.22066,101.8780555,49196.35741,2906396.841,100.4432049,6138407.884,102.5119775
19Dec2017a,6.3,36.81237733,0.00077,2.60E-06,2.94E-09,0.1,c100,0.12,a12,2955316.938,102.133852,6155006.953,102.7891835,0.000769973,49261.65454,101.8706809,49241.40413,2952479.733,102.0358,6162350.642,102.9118237
19Dec2017a,6.3,36.81237733,0.00077,2.60E-06,2.94E-09,0.1,c100,0.38,b38,2953006.816,102.0540157,6037305.809,100.8235635,0.000770267,48960.72725,101.248378,47839.0108,2926869.502,101.1507269,6093980.078,101.770029
19Dec2017a,6.3,36.81237733,0.00077,2.60E-06,2.94E-09,0.1,c100,1.21,c121,2618012.08,90.47681313,5637693.336,94.14999836,0.000769901,48910.16551,101.1438189,42246.73243,2537541.057,87.69578635,6091529.971,101.729112
19Dec2017a,6.3,36.81237733,0.00077,2.60E-06,2.94E-09,0.316,d316,0.12,a12,2914606.898,100.7269392,6111701.596,102.06598,0.000770106,48951.48646,101.2292686,49048.25393,2914606.898,100.7269392,6111701.596,102.06598
19Dec2017a,6.3,36.81237733,0.00077,2.60E-06,2.94E-09,0.316,d316,0.38,b38,2885864.839,99.73363213,6052516.795,101.0775884,0.000770125,48766.2649,100.8462395,48315.90548,2887718.652,99.79769871,6070037.945,101.3701932
19Dec2017a,6.3,36.81237733,0.00077,2.60E-06,2.94E-09,0.316,d316,1.21,c121,2699173.312,93.28169306,5875424.659,98.12013337,0.000770001,48729.94593,100.7711336,46287.41744,2676017.564,92.48144532,6082487.666,101.5781047
19Dec2017a,6.3,36.81237733,0.00077,2.60E-06,2.94E-09,1,e1000,0.12,a12,2863909.812,98.97488053,6082971.269,101.5861809,0.000770025,48643.08071,100.5915006,48742.58446,2863909.812,98.97488053,6082971.269,101.5861809
19Dec2017a,6.3,36.81237733,0.00077,2.60E-06,2.94E-09,1,e1000,0.38,b38,2863589.763,98.96381984,6049572.779,101.028423,0.000769914,48550.55545,100.4001629,48474.09734,2863589.763,98.96381984,6049572.779,101.028423
19Dec2017a,6.3,36.81237733,0.00077,2.60E-06,2.94E-09,1,e1000,1.21,c121,2820618.697,97.47876746,6111761.997,102.0669887,0.00076974,48337.56742,99.95971415,48885.78268,2820618.697,97.47876746,6111761.997,102.0669887
19Dec2017a,6.3,36.81237733,0.00077,2.60E-06,2.94E-09,3.162,f3162,0.12,a12,2848773.12,98.4517662,5974811.409,99.77990125,0.000770109,48071.7771,99.41007283,48080.2654,2848773.12,98.4517662,5974811.409,99.77990125
19Dec2017a,6.3,36.81237733,0.00077,2.60E-06,2.94E-09,3.162,f3162,0.38,b38,2841506.718,98.20064402,5927844.469,98.99554903,0.000770013,47900.29329,99.05545274,47674.17586,2841506.718,98.20064402,5927844.469,98.99554903
19Dec2017a,6.3,36.81237733,0.00077,2.60E-06,2.94E-09,3.162,f3162,1.21,c121,2827691.282,97.72319144,5960465.703,99.54032663,0.000770035,47940.56122,99.13872483,47890.39568,2827691.282,97.72319144,5960465.703,99.54032663
19Dec2017a,6.3,36.81237733,0.00077,2.60E-06,2.94E-09,10,g10000,0.12,a12,2763276.711,95.4970653,5831090.044,97.37974121,0.000770033,47495.65866,98.21868821,46857.61763,2763276.711,95.4970653,5831090.044,97.37974121
19Dec2017a,6.3,36.81237733,0.00077,2.60E-06,2.94E-09,10,g10000,0.38,b38,2769922.356,95.72673452,5764477.017,96.26729753,0.000770182,46907.21919,97.00182431,46475.17785,2769922.356,95.72673452,5764477.017,96.26729753
19Dec2017a,6.3,36.81237733,0.00077,2.60E-06,2.94E-09,10,g10000,1.21,c121,2685403.628,92.80582166,5712954.875,95.406873,0.000769917,46762.94095,96.70346399,46127.4042,2685403.628,92.80582166,5712954.875,95.406873
19Dec2017a,6.2,44.23945892,0.00077,2.60E-06,2.94E-09,0.001,a1,3.83,f383,1978586.207,58.59637608,3977456.898,53.25593112,0.000769979,58006.94568,97.93706834,20157.13034,1199803.578,35.53251377,6547606.554,87.6688026
19Dec2017a,6.2,44.23945892,0.00077,2.60E-06,2.94E-09,0.001,a1,0,zero,3376635.791,100,7468570.757,100,0.000769786,59228.79525,100,58692.57294,3376635.791,100,7468570.757,100
19Dec2017a,6.2,44.23945892,0.00077,2.60E-06,2.94E-09,0.001,a1,0.12,a12,3291454.691,97.47733822,7704617.172,103.1605299,0.000769947,60497.35613,102.1417976,61576.82384,3524014.493,104.3646609,7707678.971,103.2015257
19Dec2017a,6.2,44.23945892,0.00077,2.60E-06,2.94E-09,0.001,a1,0.38,b38,3040693.792,90.05098508,7613712.041,101.9433609,0.000770098,60700.21829,102.4843035,64332.71058,3510188.538,103.9552014,7768164.351,104.0113913
19Dec2017a,6.2,44.23945892,0.00077,2.60E-06,2.94E-09,0.001,a1,1.21,c121,3620129.106,107.2111216,7058794.964,94.51333052,0.000770161,61305.45879,103.5061722,43753.06014,3054496.463,90.45975498,7989299.168,106.9722632
19Dec2017a,6.2,44.23945892,0.00077,2.60E-06,2.94E-09,0.1,c100,3.83,f383,2134834.633,63.22371631,5462460.278,73.13929875,0.000769925,61339.12525,103.5630136,37608.88776,1941838.246,57.50807509,7203798.78,96.4548508
19Dec2017a,6.2,44.23945892,0.00077,2.60E-06,2.94E-09,0.316,d316,3.83,f383,2618732.908,77.55449713,6709327.906,89.83416138,0.000770047,61282.56016,103.4675109,49774.30704,2512097.04,74.39644651,7536409.443,100.9083222
19Dec2017a,6.2,44.23945892,0.00077,2.60E-06,2.94E-09,1,e1000,3.83,f383,3194453.199,94.6046123,7891548.184,105.663432,0.000769871,61253.27718,103.4180704,61864.94325,3171935.469,93.93774352,7818125.08,104.6803376
19Dec2017a,6.2,44.23945892,0.00077,2.60E-06,2.94E-09,3.162,f3162,3.83,f383,3370934.695,99.83116046,7803662.193,104.4866876,0.000769991,60793.08457,102.641096,61217.51626,3371445.792,99.84629674,7772892.477,104.0746982
19Dec2017a,6.2,44.23945892,0.00077,2.60E-06,2.94E-09,10,g10000,3.83,f383,3361470.312,99.55087016,7653533.839,102.4765526,0.000770046,60807.46883,102.6653819,59787.20839,3361470.312,99.55087016,7653533.839,102.4765526
19Dec2017a,6.2,44.23945892,0.00077,2.60E-06,2.94E-09,0.1,c100,0.12,a12,3382096.214,100.1617119,7689105.095,102.9528319,0.000770014,60194.33628,101.6301885,60062.59674,3380122.502,100.1032599,7694994.071,103.031682
19Dec2017a,6.2,44.23945892,0.00077,2.60E-06,2.94E-09,0.1,c100,0.38,b38,3292863.283,97.51905407,7563686.829,101.2735512,0.000770035,59949.2624,101.2164136,58658.40944,3276519.407,97.03502569,7622488.303,102.0608702
19Dec2017a,6.2,44.23945892,0.00077,2.60E-06,2.94E-09,0.1,c100,1.21,c121,3129322.312,92.67574312,7264068.191,97.26182461,0.000769984,59820.49476,100.9990065,53680.25943,3017430.678,89.36204152,7632396.139,102.1935306
19Dec2017a,6.2,44.23945892,0.00077,2.60E-06,2.94E-09,0.316,d316,0.12,a12,3290169.147,97.4392665,7612865.244,101.9320228,0.000769959,59614.37116,100.650994,59680.26669,3290169.147,97.4392665,7612865.244,101.9320228
19Dec2017a,6.2,44.23945892,0.00077,2.60E-06,2.94E-09,0.316,d316,0.38,b38,3247175.802,96.16600673,7515558.145,100.6291349,0.000769728,59312.4631,100.1412621,58889.14124,3228152.612,95.60262971,7531636.281,100.8444122
19Dec2017a,6.2,44.23945892,0.00077,2.60E-06,2.94E-09,0.316,d316,1.21,c121,3188938.396,94.4412899,7472337.406,100.0504333,0.000770026,59418.96562,100.3210776,57842.26736,3167855.768,93.81692204,7575189.92,101.4275712
19Dec2017a,6.2,44.23945892,0.00077,2.60E-06,2.94E-09,1,e1000,0.12,a12,3257238.958,96.46402988,7540964.554,100.9693126,0.0007701,59160.34644,99.88443322,59082.88702,3257238.958,96.46402988,7540964.554,100.9693126
19Dec2017a,6.2,44.23945892,0.00077,2.60E-06,2.94E-09,1,e1000,0.38,b38,3289941.296,97.43251861,7514356.419,100.6130445,0.000769654,59219.11763,99.98366062,58931.98182,3289941.296,97.43251861,7514356.419,100.6130445
19Dec2017a,6.2,44.23945892,0.00077,2.60E-06,2.94E-09,1,e1000,1.21,c121,3249231.982,96.22690107,7535813.922,100.9003485,0.0007703,58901.56267,99.44751101,58933.23838,3249231.982,96.22690107,7535813.922,100.9003485
19Dec2017a,6.2,44.23945892,0.00077,2.60E-06,2.94E-09,3.162,f3162,0.12,a12,3289658.659,97.42414825,7491081.321,100.3014039,0.00076996,58698.58109,99.1048034,58706.62726,3289658.659,97.42414825,7491081.321,100.3014039
19Dec2017a,6.2,44.23945892,0.00077,2.60E-06,2.94E-09,3.162,f3162,0.38,b38,3235430.301,95.81816048,7481775.852,100.1768089,0.000770094,58857.37332,99.37290312,58498.58909,3235430.301,95.81816048,7481775.852,100.1768089
19Dec2017a,6.2,44.23945892,0.00077,2.60E-06,2.94E-09,3.162,f3162,1.21,c121,3165327.277,93.74204008,7486214.678,100.2362423,0.000770068,58758.05891,99.20522385,58584.98438,3165327.277,93.74204008,7486214.678,100.2362423
19Dec2017a,6.2,44.23945892,0.00077,2.60E-06,2.94E-09,10,g10000,0.12,a12,3262308.361,96.61416164,7443537.598,99.66481996,0.000770189,58539.49831,98.83621314,58197.91042,3262308.361,96.61416164,7443537.598,99.66481996
19Dec2017a,6.2,44.23945892,0.00077,2.60E-06,2.94E-09,10,g10000,0.38,b38,3248256.038,96.1979982,7432032.758,99.51077656,0.000770163,58358.37247,98.53040607,58143.49319,3248256.038,96.1979982,7432032.758,99.51077656
19Dec2017a,6.2,44.23945892,0.00077,2.60E-06,2.94E-09,10,g10000,1.21,c121,3133023.529,92.7853557,7358186.119,98.52201123,0.000770113,58079.72266,98.05994267,57551.83581,3133023.529,92.7853557,7358186.119,98.52201123
6Aug2018a,9,0.275943096,0.000943,2.59E-06,1.58E-09,0.001,a1,3.83,f383,317439.5396,114.1987751,886336.6833,94.70324287,0.000942677,7330.891916,108.9373348,5636.888526,232026.7826,83.47156248,990376.378,105.8196692
6Aug2018a,9,0.275943096,0.000943,2.59E-06,1.58E-09,0.001,a1,0.12,a12,303623.4667,109.2284472,1000924.192,106.9466814,0.000943014,7051.182881,104.7808478,7238.06365,303623.4667,109.2284472,1000924.192,106.9466814
6Aug2018a,9,0.275943096,0.000943,2.59E-06,1.58E-09,0.001,a1,0.38,b38,278568.5879,100.2149624,961849.1069,102.7715893,0.000942638,6931.198872,102.9978809,7428.634019,289940.1278,104.3058703,967090.5873,103.3316306
6Aug2018a,9,0.275943096,0.000943,2.59E-06,1.58E-09,0.001,a1,1.21,c121,328332.3908,118.1174749,953354.6621,101.8639754,0.000942845,7073.652677,105.1147499,6381.084585,323910.7399,116.5267874,1001566.771,107.0153396
6Aug2018a,9,0.275943096,0.000943,2.59E-06,1.58E-09,0.001,a1,2.16,d216,293186.7984,105.473859,883897.4745,94.44261844,0.000942976,6985.23874,103.8009154,5786.415632,307927.8894,110.7769619,959128.1528,102.480861
6Aug2018a,9,0.275943096,0.000943,2.59E-06,1.58E-09,0.001,a1,2.88,e288,326334.0925,117.3985877,863342.9583,92.24641087,0.000943018,6874.22292,102.151216,5469.588356,254786.2471,91.65927273,948805.9478,101.3779547
6Aug2018a,9,0.275943096,0.000943,2.59E-06,1.58E-09,0.001,a1,6.82,g682,258006.0143,92.81758298,766717.3851,81.92216807,0.000943055,6764.323501,100.5181064,4670.371032,202883.2578,72.98718854,885482.2371,94.61194706
6Aug2018a,9,0.275943096,0.000943,2.59E-06,1.58E-09,0.001,a1,0,zero,277971.0547,100,935909.5385,100,0.000942755,6729.457746,100,6700.739458,277971.0547,100,935909.5385,100
6Aug2018a,9,0.275943096,0.000943,2.59E-06,1.58E-09,0.01,b10,3.83,f383,306363.4939,110.2141711,821772.0082,87.80464076,0.000943015,6792.823112,100.9416118,4866.85644,266843.3323,95.99680534,917215.7989,98.00261255
6Aug2018a,9,0.275943096,0.000943,2.59E-06,1.58E-09,0.1,c100,3.83,f383,268337.1455,96.53420417,857412.4897,91.61275256,0.000942867,6687.817856,99.38122963,5895.794302,262954.0566,94.59763965,910995.2094,97.33795543
6Aug2018a,9,0.275943096,0.000943,2.59E-06,1.58E-09,0.316,d316,3.83,f383,285933.062,102.8643297,877851.9346,93.79666501,0.000942956,6561.616869,97.50587813,6219.993152,267214.5476,96.13034995,900777.506,96.24621493
6Aug2018a,9,0.275943096,0.000943,2.59E-06,1.58E-09,1,e1000,3.83,f383,281342.7212,101.212956,902498.0401,96.43005045,0.000943048,6602.446646,98.11261019,6527.601152,281342.7212,101.212956,902498.0401,96.43005045
6Aug2018a,9,0.275943096,0.000943,2.59E-06,1.58E-09,3.162,f3162,3.83,f383,291031.2348,104.6983957,933754.7088,99.76976089,0.000943018,6839.270346,101.6318194,6828.986036,291031.2348,104.6983957,933754.7088,99.76976089
6Aug2018a,9,0.275943096,0.000943,2.59E-06,1.58E-09,10,g10000,3.83,f383,301008.3411,108.2876566,933523.1121,99.74501527,0.000943046,6695.799313,99.4998344,6663.761937,301008.3411,108.2876566,933523.1121,99.74501527
6Aug2018a,9,0.275943096,0.000943,2.59E-06,1.58E-09,0.01,b10,0.12,a12,292708.4912,105.3017882,926656.9661,99.01138176,0.000942985,6560.670194,97.4918105,6609.738371,292708.4912,105.3017882,926656.9661,99.01138176
6Aug2018a,9,0.275943096,0.000943,2.59E-06,1.58E-09,0.01,b10,0.38,b38,329485.8715,118.5324393,912794.9448,97.53025343,0.000942974,6676.681051,99.21573629,6346.774535,333388.2258,119.93631,917567.4967,98.04019074
6Aug2018a,9,0.275943096,0.000943,2.59E-06,1.58E-09,0.01,b10,1.21,c121,318549.4604,114.5980688,891829.5229,95.29014143,0.00094307,6592.351256,97.96259231,5711.372079,290929.8649,104.6619279,935699.4379,99.97755118
6Aug2018a,9,0.275943096,0.000943,2.59E-06,1.58E-09,0.01,b10,2.16,d216,295617.2047,106.348197,831198.934,88.81188831,0.000943038,6504.733743,96.6605927,5091.745056,265909.5703,95.66088476,900227.7335,96.18747287
6Aug2018a,9,0.275943096,0.000943,2.59E-06,1.58E-09,0.01,b10,2.88,e288,306725.9545,110.3445662,827123.22,88.37640669,0.000943052,6570.104496,97.6320046,5022.625936,287299.4951,103.3559035,904923.5182,96.68920777
6Aug2018a,9,0.275943096,0.000943,2.59E-06,1.58E-09,0.01,b10,6.82,g682,279641.6635,100.601001,760057.6905,81.21059346,0.000943206,6625.111481,98.4494105,4521.671716,227561.9862,81.86535336,870902.0453,93.05408369
6Aug2018a,9,0.275943096,0.000943,2.59E-06,1.58E-09,0.1,c100,0.12,a12,311806.6186,112.1723335,930554.7636,99.42785336,0.000943049,6678.216632,99.23855508,6596.580816,311806.6186,112.1723335,930554.7636,99.42785336
6Aug2018a,9,0.275943096,0.000943,2.59E-06,1.58E-09,0.1,c100,0.38,b38,287071.7216,103.2739621,900608.2536,96.22813066,0.000943085,6562.081234,97.51277861,6504.327779,287071.7216,103.2739621,900608.2536,96.22813066
6Aug2018a,9,0.275943096,0.000943,2.59E-06,1.58E-09,0.1,c100,1.21,c121,274226.0587,98.65273888,882622.2244,94.30636062,0.000943057,6350.795875,94.37307009,6142.070942,284942.4366,102.5079525,902357.9764,96.41508493
6Aug2018a,9,0.275943096,0.000943,2.59E-06,1.58E-09,0.1,c100,2.16,d216,308471.1215,110.9723895,869112.5964,92.86288478,0.000943116,6637.886298,98.63924476,5846.016056,316826.2464,113.9781431,902921.602,96.47530716
6Aug2018a,9,0.275943096,0.000943,2.59E-06,1.58E-09,0.1,c100,2.88,e288,294655.4522,106.0022068,864971.7831,92.42044743,0.000943118,6657.894318,98.93656471,5883.555328,262492.6295,94.43164137,904925.1638,96.6893836
6Aug2018a,9,0.275943096,0.000943,2.59E-06,1.58E-09,0.1,c100,6.82,g682,255017.4049,91.74243166,799778.0278,85.45462942,0.000943039,6511.019111,96.7539935,5469.852078,223833.7362,80.52411659,866832.7309,92.61928587
6Aug2018a,9,0.275943096,0.000943,2.59E-06,1.58E-09,0.316,d316,0.12,a12,288585.5166,103.8185494,917544.471,98.03773049,0.000943013,6560.480006,97.4889843,6593.76627,288585.5166,103.8185494,917544.471,98.03773049
6Aug2018a,9,0.275943096,0.000943,2.59E-06,1.58E-09,0.316,d316,0.38,b38,306945.5858,110.4235785,895264.264,95.65713641,0.000942995,6505.929623,96.67836353,6460.304458,306945.5858,110.4235785,895264.264,95.65713641
6Aug2018a,9,0.275943096,0.000943,2.59E-06,1.58E-09,0.316,d316,1.21,c121,314711.2889,113.2172878,906622.5541,96.87074624,0.000943008,6513.074793,96.78454102,6333.945501,314711.2889,113.2172878,906622.5541,96.87074624
6Aug2018a,9,0.275943096,0.000943,2.59E-06,1.58E-09,0.316,d316,2.16,d216,273993.4695,98.56906498,871621.691,93.13097635,0.000943071,6430.046674,95.55073999,6250.422749,261686.893,94.14177793,883299.3067,94.37870546
6Aug2018a,9,0.275943096,0.000943,2.59E-06,1.58E-09,0.316,d316,2.88,e288,287261.4151,103.3422043,861894.5211,92.09164836,0.00094302,6363.489662,94.56170025,6092.996242,318650.4209,114.6343893,878265.7895,93.84088455
6Aug2018a,9,0.275943096,0.000943,2.59E-06,1.58E-09,0.316,d316,6.82,g682,259238.3968,93.26093217,836432.5373,89.37108801,0.000943036,6493.009508,96.48637012,6031.187859,278745.5903,100.278639,872271.4146,93.20039798
6Aug2018a,9,0.275943096,0.000943,2.59E-06,1.58E-09,1,e1000,0.12,a12,279984.4355,100.7243131,911567.8592,97.39914187,0.000942968,6476.584079,96.24228762,6485.687058,279984.4355,100.7243131,911567.8592,97.39914187
6Aug2018a,9,0.275943096,0.000943,2.59E-06,1.58E-09,1,e1000,0.38,b38,303504.1178,109.1855115,896036.2189,95.73961821,0.000943139,6516.268692,96.83200248,6404.561083,303504.1178,109.1855115,896036.2189,95.73961821
6Aug2018a,9,0.275943096,0.000943,2.59E-06,1.58E-09,1,e1000,1.21,c121,285977.8696,102.8804492,896654.0463,95.80563178,0.000943117,6345.502066,94.29440388,6438.273576,285977.8696,102.8804492,896654.0463,95.80563178
6Aug2018a,9,0.275943096,0.000943,2.59E-06,1.58E-09,1,e1000,2.16,d216,290027.6292,104.3373489,876484.3078,93.6505369,0.00094288,6378.741911,94.78834924,6302.060802,290027.6292,104.3373489,876484.3078,93.6505369
6Aug2018a,9,0.275943096,0.000943,2.59E-06,1.58E-09,1,e1000,2.88,e288,278178.6692,100.0746893,871294.4595,93.09601234,0.000943021,6304.600552,93.6866058,6178.431165,278178.6692,100.0746893,871294.4595,93.09601234
6Aug2018a,9,0.275943096,0.000943,2.59E-06,1.58E-09,1,e1000,6.82,g682,241559.788,86.90105821,839011.3978,89.64663391,0.000943098,6137.419532,91.20228944,6110.198504,239833.6642,86.28008568,854511.6636,91.30280528
6Aug2018a,9,0.275943096,0.000943,2.59E-06,1.58E-09,3.162,f3162,0.12,a12,284267.8124,102.2652566,891459.5473,95.2506103,0.000943036,6254.448603,92.94134593,6368.0399,284267.8124,102.2652566,891459.5473,95.2506103
6Aug2018a,9,0.275943096,0.000943,2.59E-06,1.58E-09,3.162,f3162,0.38,b38,278869.8326,100.3233351,864627.5058,92.38366211,0.000943071,6124.300907,91.00734618,6204.100559,278869.8326,100.3233351,864627.5058,92.38366211
6Aug2018a,9,0.275943096,0.000943,2.59E-06,1.58E-09,3.162,f3162,1.21,c121,285694.6551,102.7785628,897172.8822,95.86106833,0.000942854,6350.578452,94.36983916,6399.361823,285694.6551,102.7785628,897172.8822,95.86106833
6Aug2018a,9,0.275943096,0.000943,2.59E-06,1.58E-09,3.162,f3162,2.16,d216,287099.7103,103.284031,877165.1197,93.72328025,0.000942955,6321.192185,93.93315811,6254.663255,287099.7103,103.284031,877165.1197,93.72328025
6Aug2018a,9,0.275943096,0.000943,2.59E-06,1.58E-09,3.162,f3162,2.88,e288,284881.7369,102.4861158,881338.1798,94.1691631,0.000943052,6310.788855,93.77856423,6355.167519,284881.7369,102.4861158,881338.1798,94.1691631
6Aug2018a,9,0.275943096,0.000943,2.59E-06,1.58E-09,3.162,f3162,6.82,g682,273463.0909,98.37826143,870528.2756,93.01414718,0.000943063,6305.522612,93.70030765,6231.611187,273463.0909,98.37826143,870528.2756,93.01414718
6Aug2018a,9,0.275943096,0.000943,2.59E-06,1.58E-09,10,g10000,0.12,a12,292075.4376,105.0740474,906695.5369,96.8785443,0.000943001,6375.106411,94.73432558,6384.489365,292075.4376,105.0740474,906695.5369,96.8785443
6Aug2018a,9,0.275943096,0.000943,2.59E-06,1.58E-09,10,g10000,0.38,b38,293369.6956,105.5396563,870472.042,93.00813873,0.000942995,6143.364505,91.29063198,6176.059847,293369.6956,105.5396563,870472.042,93.00813873
6Aug2018a,9,0.275943096,0.000943,2.59E-06,1.58E-09,10,g10000,1.21,c121,296331.0015,106.6049851,903595.2218,96.54728204,0.000942721,6359.531676,94.50288441,6480.584571,296331.0015,106.6049851,903595.2218,96.54728204
6Aug2018a,9,0.275943096,0.000943,2.59E-06,1.58E-09,10,g10000,2.16,d216,274950.0437,98.91319225,888835.9748,94.970287,0.000943007,6359.893707,94.50826422,6473.950995,274950.0437,98.91319225,888835.9748,94.970287
6Aug2018a,9,0.275943096,0.000943,2.59E-06,1.58E-09,10,g10000,2.88,e288,279169.8563,100.4312685,877706.5608,93.78113212,0.000943042,6138.415149,91.21708435,6156.536321,279169.8563,100.4312685,877706.5608,93.78113212
6Aug2018a,9,0.275943096,0.000943,2.59E-06,1.58E-09,10,g10000,6.82,g682,274437.8132,98.72891747,895140.0961,95.64386933,0.000942944,6416.249223,95.34570934,6417.3903,274437.8132,98.72891747,895140.0961,95.64386933
6Aug2018a,6.6,7.450601685,0.000943,2.59E-06,1.58E-09,0.001,a1,0,zero,637607.1099,100,1815721.102,100,0.000942686,17010.49172,100,16880.6017,637607.1099,100,1815721.102,100
6Aug2018a,6.6,7.450601685,0.000943,2.59E-06,1.58E-09,0.001,a1,3.83,f383,622090.4073,97.56641632,1191232.858,65.60659879,0.000942962,16841.51869,99.00665404,7226.779929,443866.4291,69.61441023,1749999.582,96.38041772
6Aug2018a,6.6,7.450601685,0.000943,2.59E-06,1.58E-09,0.001,a1,0.12,a12,598079.3557,93.80060956,1823872.418,100.44893,0.000943008,16981.87929,99.83179537,17105.04223,598079.3557,93.80060956,1823872.418,100.44893
6Aug2018a,6.6,7.450601685,0.000943,2.59E-06,1.58E-09,0.001,a1,0.38,b38,620549.7756,97.32478919,1786647.992,98.39881196,0.000943139,16948.05926,99.63297673,17429.44543,728766.4098,114.2970959,1820119.843,100.2422587
6Aug2018a,6.6,7.450601685,0.000943,2.59E-06,1.58E-09,0.001,a1,1.21,c121,772281.4843,121.1218433,1620984.661,89.27498057,0.000943174,17113.18405,100.6036999,12218.07231,610097.9062,95.68555569,1843648.248,101.5380747
6Aug2018a,6.6,7.450601685,0.000943,2.59E-06,1.58E-09,0.001,a1,2.16,d216,675450.8319,105.9352729,1370095,75.45734854,0.00094297,16862.32269,99.12895505,9058.723124,482273.6115,75.63805422,1755198.96,96.66677106
6Aug2018a,6.6,7.450601685,0.000943,2.59E-06,1.58E-09,0.001,a1,2.88,e288,632907.3818,99.26291158,1295460.463,71.34688592,0.000943147,17022.44043,100.0702431,8132.226114,443485.9514,69.55473747,1745744.173,96.146053
6Aug2018a,6.6,7.450601685,0.000943,2.59E-06,1.58E-09,0.001,a1,6.82,g682,474964.6289,74.49173974,1024326.536,56.41431029,0.000942745,16643.12188,97.84033381,5768.848225,360220.7418,56.49572224,1590958.814,87.62132097
6Aug2018a,6.6,7.450601685,0.000943,2.59E-06,1.58E-09,0.01,b10,3.83,f383,583855.9162,91.56985659,1238251.724,68.19614107,0.00094291,17351.90416,102.0070698,7653.649611,421737.2972,66.14375698,1764688.285,97.18939123
6Aug2018a,6.6,7.450601685,0.000943,2.59E-06,1.58E-09,0.1,c100,3.83,f383,546282.4625,85.67697161,1444539.466,79.55734306,0.000943077,17157.27589,100.8629037,11534.38901,491657.5501,77.10979732,1766032.755,97.26343728
6Aug2018a,6.6,7.450601685,0.000943,2.59E-06,1.58E-09,0.316,d316,3.83,f383,621765.3781,97.51543991,1670796.76,92.01835888,0.000943003,17072.90028,100.3668828,15039.13006,582262.7995,91.31999793,1784073.772,98.25703797
6Aug2018a,6.6,7.450601685,0.000943,2.59E-06,1.58E-09,1,e1000,3.83,f383,606868.7742,95.17911026,1799836.663,99.12517191,0.00094313,17085.89866,100.4432966,16949.3633,606868.7742,95.17911026,1799836.663,99.12517191
6Aug2018a,6.6,7.450601685,0.000943,2.59E-06,1.58E-09,3.162,f3162,3.83,f383,637448.387,99.97510648,1793135.578,98.75611272,0.000942784,16755.79024,98.5026801,16674.45111,637448.387,99.97510648,1793135.578,98.75611272
6Aug2018a,6.6,7.450601685,0.000943,2.59E-06,1.58E-09,10,g10000,3.83,f383,657713.1261,103.1533551,1804320.896,99.37213893,0.000943054,16791.89967,98.71495747,16834.51016,657713.1261,103.1533551,1804320.896,99.37213893
6Aug2018a,6.6,7.450601685,0.000943,2.59E-06,1.58E-09,0.01,b10,0.12,a12,677993.4255,106.3340441,1825771.741,100.5535343,0.000942953,17062.48648,100.3056629,17012.38493,677993.4255,106.3340441,1825771.741,100.5535343
6Aug2018a,6.6,7.450601685,0.000943,2.59E-06,1.58E-09,0.01,b10,0.38,b38,710146.5186,111.3768193,1771930.893,97.58827453,0.000943154,16931.84634,99.53766544,15832.29889,650824.2386,102.0729268,1803972.732,99.352964
6Aug2018a,6.6,7.450601685,0.000943,2.59E-06,1.58E-09,0.01,b10,1.21,c121,709534.1096,111.2807713,1571597.795,86.55502179,0.000942833,16551.51213,97.30178529,11782.4698,592452.6519,92.91813762,1772527.285,97.62112052
6Aug2018a,6.6,7.450601685,0.000943,2.59E-06,1.58E-09,0.01,b10,2.16,d216,658718.4617,103.3110283,1345317.99,74.09276616,0.000942964,16363.148,96.1944444,8645.516298,502394.1622,78.79368884,1703832.12,93.83776609
6Aug2018a,6.6,7.450601685,0.000943,2.59E-06,1.58E-09,0.01,b10,2.88,e288,619650.3828,97.18373167,1285191.829,70.78134566,0.000942929,16650.68713,97.88480781,7912.374735,437892.0268,68.67740651,1707009.746,94.01277234
6Aug2018a,6.6,7.450601685,0.000943,2.59E-06,1.58E-09,0.01,b10,6.82,g682,475730.218,74.61181197,1035155.154,57.0106914,0.000943057,16224.2191,95.3777196,5871.06941,359375.0567,56.36308804,1573722.184,86.67202154
6Aug2018a,6.6,7.450601685,0.000943,2.59E-06,1.58E-09,0.1,c100,0.12,a12,618616.5807,97.02159388,1791138.593,98.64612972,0.000943174,16673.85554,98.02100854,16717.91923,618616.5807,97.02159388,1791138.593,98.64612972
6Aug2018a,6.6,7.450601685,0.000943,2.59E-06,1.58E-09,0.1,c100,0.38,b38,607924.7758,95.34472974,1723672.658,94.93047455,0.000943075,16167.64101,95.04511257,15937.12343,620457.574,97.31032862,1727958.397,95.16650965
6Aug2018a,6.6,7.450601685,0.000943,2.59E-06,1.58E-09,0.1,c100,1.21,c121,578061.7103,90.66111425,1683643.589,92.72589205,0.000943014,16699.7526,98.1732502,15030.64039,556609.9144,87.29669192,1781143.34,98.09564577
6Aug2018a,6.6,7.450601685,0.000943,2.59E-06,1.58E-09,0.1,c100,2.16,d216,557351.7822,87.41304378,1546306.824,85.16213326,0.000943022,16750.63564,98.47237757,12983.7987,500287.1909,78.46323905,1742011.344,95.94046917
6Aug2018a,6.6,7.450601685,0.000943,2.59E-06,1.58E-09,0.1,c100,2.88,e288,547282.3849,85.83379583,1461478.163,80.490234,0.000942813,16438.56064,96.63777454,11744.5698,481255.1157,75.47831701,1705240.074,93.91530851
6Aug2018a,6.6,7.450601685,0.000943,2.59E-06,1.58E-09,0.1,c100,6.82,g682,527560.5609,82.74069606,1284096.365,70.72101348,0.000943162,16274.34001,95.67236667,9702.225,456859.2476,71.65215702,1628576.744,89.69311104
6Aug2018a,6.6,7.450601685,0.000943,2.59E-06,1.58E-09,0.316,d316,0.12,a12,580023.4901,90.96879271,1745711.642,96.14426141,0.000943003,16154.60936,94.96850309,16234.57473,580023.4901,90.96879271,1745711.642,96.14426141
6Aug2018a,6.6,7.450601685,0.000943,2.59E-06,1.58E-09,0.316,d316,0.38,b38,625041.5155,98.02925749,1750917.605,96.43097742,0.000942957,16393.6718,96.37388542,16325.93387,625041.5155,98.02925749,1750917.605,96.43097742
6Aug2018a,6.6,7.450601685,0.000943,2.59E-06,1.58E-09,0.316,d316,1.21,c121,615304.6744,96.50216644,1729225.276,95.23628242,0.000943058,16316.9117,95.92263388,15869.70122,650047.1673,101.9510537,1752477.288,96.51687621
6Aug2018a,6.6,7.450601685,0.000943,2.59E-06,1.58E-09,0.316,d316,2.16,d216,564165.8917,88.48174415,1633419.835,89.95984204,0.000942873,15884.74801,93.3820625,14832.86092,576133.7242,90.35873585,1691200.592,93.14209053
6Aug2018a,6.6,7.450601685,0.000943,2.59E-06,1.58E-09,0.316,d316,2.88,e288,584264.6761,91.63396503,1656939.659,91.25518547,0.000942901,16444.00351,96.66977167,14983.81663,574659.5145,90.12752611,1735774.238,95.59696347
6Aug2018a,6.6,7.450601685,0.000943,2.59E-06,1.58E-09,0.316,d316,6.82,g682,554223.1748,86.92236429,1563785.225,86.12474811,0.000942782,16468.5862,96.81428658,13889.99038,536933.3394,84.21068884,1702752.191,93.77828948
6Aug2018a,6.6,7.450601685,0.000943,2.59E-06,1.58E-09,1,e1000,0.12,a12,574634.88,90.12366254,1738477.18,95.74582671,0.000942958,16095.60831,94.62165219,16103.6393,574634.88,90.12366254,1738477.18,95.74582671
6Aug2018a,6.6,7.450601685,0.000943,2.59E-06,1.58E-09,1,e1000,0.38,b38,659360.7507,103.4117626,1750697.937,96.41887926,0.000943055,16361.74077,96.18617167,16158.9623,659360.7507,103.4117626,1750697.937,96.41887926
6Aug2018a,6.6,7.450601685,0.000943,2.59E-06,1.58E-09,1,e1000,1.21,c121,585847.1168,91.88214932,1734262.158,95.51368637,0.00094305,16067.40323,94.45584225,16097.78872,585847.1168,91.88214932,1734262.158,95.51368637
6Aug2018a,6.6,7.450601685,0.000943,2.59E-06,1.58E-09,1,e1000,2.16,d216,610180.0611,95.69844056,1758445.023,96.84554645,0.000942988,16537.47224,97.21924863,16429.4839,610180.0611,95.69844056,1758445.023,96.84554645
6Aug2018a,6.6,7.450601685,0.000943,2.59E-06,1.58E-09,1,e1000,2.88,e288,565397.882,88.67496507,1708839.007,94.11351807,0.000943092,15955.46632,93.79779596,15976.47229,565397.882,88.67496507,1708839.007,94.11351807
6Aug2018a,6.6,7.450601685,0.000943,2.59E-06,1.58E-09,1,e1000,6.82,g682,583446.1036,91.50558307,1691551.526,93.16141805,0.000942953,16065.67546,94.44568517,15694.49102,609162.3682,95.53882928,1716525.772,94.53686311
6Aug2018a,6.6,7.450601685,0.000943,2.59E-06,1.58E-09,3.162,f3162,0.12,a12,632816.4137,99.24864448,1720054.804,94.73122289,0.000942763,15821.18375,93.00838572,15691.89974,632816.4137,99.24864448,1720054.804,94.73122289
6Aug2018a,6.6,7.450601685,0.000943,2.59E-06,1.58E-09,3.162,f3162,0.38,b38,606414.4074,95.10784902,1703743.131,93.83286508,0.000943116,15793.72855,92.84698412,15811.08659,606414.4074,95.10784902,1703743.131,93.83286508
6Aug2018a,6.6,7.450601685,0.000943,2.59E-06,1.58E-09,3.162,f3162,1.21,c121,558697.6844,87.62413024,1707543.219,94.04215313,0.000943053,15702.71515,92.3119414,15890.57972,558697.6844,87.62413024,1707543.219,94.04215313
6Aug2018a,6.6,7.450601685,0.000943,2.59E-06,1.58E-09,3.162,f3162,2.16,d216,624707.3328,97.97684547,1699360.48,93.5914926,0.000943036,15740.1851,92.53221691,15795.3447,624707.3328,97.97684547,1699360.48,93.5914926
6Aug2018a,6.6,7.450601685,0.000943,2.59E-06,1.58E-09,3.162,f3162,2.88,e288,570298.2689,89.44352409,1699359.382,93.59143208,0.000942766,15725.53555,92.44609625,15861.57187,570298.2689,89.44352409,1699359.382,93.59143208
6Aug2018a,6.6,7.450601685,0.000943,2.59E-06,1.58E-09,3.162,f3162,6.82,g682,590470.8397,92.60731735,1694846.267,93.34287439,0.00094318,15791.32488,92.8328536,15613.45553,590470.8397,92.60731735,1694846.267,93.34287439
6Aug2018a,6.6,7.450601685,0.000943,2.59E-06,1.58E-09,10,g10000,0.12,a12,540803.6479,84.81769408,1696367.12,93.42663466,0.000942979,15524.68986,91.26537969,15793.53267,540803.6479,84.81769408,1696367.12,93.42663466
6Aug2018a,6.6,7.450601685,0.000943,2.59E-06,1.58E-09,10,g10000,0.38,b38,594590.3479,93.25340615,1681752.142,92.62172153,0.000943078,15462.6119,90.90044046,15555.36875,594590.3479,93.25340615,1681752.142,92.62172153
6Aug2018a,6.6,7.450601685,0.000943,2.59E-06,1.58E-09,10,g10000,1.21,c121,611601.7378,95.92141122,1688235.567,92.97879315,0.000943123,15405.12004,90.56246163,15352.26472,611601.7378,95.92141122,1688235.567,92.97879315
6Aug2018a,6.6,7.450601685,0.000943,2.59E-06,1.58E-09,10,g10000,2.16,d216,628013.2051,98.49532656,1692848.079,93.23282508,0.000943028,15582.77719,91.60685916,15481.89549,628013.2051,98.49532656,1692848.079,93.23282508
6Aug2018a,6.6,7.450601685,0.000943,2.59E-06,1.58E-09,10,g10000,2.88,e288,617023.4234,96.77172883,1694713.285,93.33555048,0.00094292,15579.91544,91.59003569,15559.56194,617023.4234,96.77172883,1694713.285,93.33555048
6Aug2018a,6.6,7.450601685,0.000943,2.59E-06,1.58E-09,10,g10000,6.82,g682,607863.0409,95.33504746,1700430.151,93.65040421,0.000942828,15662.9475,92.07815831,15645.26762,607863.0409,95.33504746,1700430.151,93.65040421
6Aug2018a,6.6,7.450601685,0.000943,2.59E-06,1.58E-09,0.001,a1,3.83,f383,505054.4902,79.21092509,1115812.493,61.45285708,0.000943045,15394.50437,90.50005502,6699.762021,329683.673,51.70639848,1674579.217,92.22667601
6Aug2018a,6.6,7.450601685,0.000943,2.59E-06,1.58E-09,0.001,a1,0.12,a12,571517.8094,89.63479242,1633827.968,89.98231979,0.000942807,14918.65012,87.70263887,15003.73096,571517.8094,89.63479242,1633827.968,89.98231979
6Aug2018a,6.6,7.450601685,0.000943,2.59E-06,1.58E-09,0.001,a1,0.38,b38,505891.6949,79.34222925,1655262.011,91.16278982,0.000943008,15573.71018,91.55355666,16191.13799,611420.186,95.89293729,1688733.862,93.00623652
6Aug2018a,6.6,7.450601685,0.000943,2.59E-06,1.58E-09,0.001,a1,1.21,c121,684164.5845,107.3019064,1432850.424,78.9135745,0.000943076,14785.4423,86.91954674,10503.98907,522197.9791,81.89964807,1655514.012,91.17666863
6Aug2018a,6.6,7.450601685,0.000943,2.59E-06,1.58E-09,0.001,a1,2.16,d216,600925.7291,94.24702451,1269355.064,69.90914314,0.000942996,15191.53677,89.30686438,8425.843727,410044.3234,64.30987312,1654459.024,91.11856567
6Aug2018a,6.6,7.450601685,0.000943,2.59E-06,1.58E-09,0.001,a1,2.88,e288,568604.9389,89.17794831,1175478.529,64.73893637,0.000943097,14961.50242,87.9545557,7102.49228,376789.7281,59.09434231,1625762.238,89.53810344
6Aug2018a,6.6,7.450601685,0.000943,2.59E-06,1.58E-09,0.001,a1,6.82,g682,475698.922,74.60690363,982740.9056,54.12400091,0.000943099,15055.09198,88.50474301,5415.130492,361969.0518,56.76992089,1549373.184,85.3310116
6Aug2018a,6.6,7.450601685,0.000943,2.59E-06,1.58E-09,0.01,b10,3.83,f383,481310.5759,75.48701519,1106345.029,60.93144083,0.00094266,14954.38401,87.91270854,6619.716786,319871.2427,50.16745229,1632781.59,89.92469098
6Aug2018a,6.6,7.450601685,0.000943,2.59E-06,1.58E-09,0.1,c100,3.83,f383,491006.7725,77.0077317,1283754.785,70.70220111,0.00094297,14704.64719,86.44457447,9930.328996,435928.5664,68.36946445,1605248.074,88.40829533
6Aug2018a,6.6,7.450601685,0.000943,2.59E-06,1.58E-09,0.316,d316,3.83,f383,541125.4019,84.86815681,1475090.649,81.23993533,0.000943069,14678.03246,86.28811381,12932.25203,502311.2076,78.78067855,1588367.661,87.47861442
6Aug2018a,6.6,7.450601685,0.000943,2.59E-06,1.58E-09,1,e1000,3.83,f383,535298.9559,83.95435803,1606325.909,88.46765662,0.00094275,14950.73624,87.89126429,14871.66914,535298.9559,83.95435803,1606325.909,88.46765662
6Aug2018a,6.6,7.450601685,0.000943,2.59E-06,1.58E-09,3.162,f3162,3.83,f383,571493.0636,89.63091138,1615755.086,88.98696419,0.000943073,14906.20053,87.62945115,14873.14525,571493.0636,89.63091138,1615755.086,88.98696419
6Aug2018a,6.6,7.450601685,0.000943,2.59E-06,1.58E-09,10,g10000,3.83,f383,590226.105,92.56893405,1600981.488,88.17331511,0.000943199,14609.31075,85.88411781,14554.55965,590226.105,92.56893405,1600981.488,88.17331511
6Aug2018a,6.6,7.450601685,0.000943,2.59E-06,1.58E-09,0.01,b10,0.12,a12,583208.4507,91.46831044,1613665.509,88.8718817,0.000943054,14692.86299,86.37529841,14567.67868,583208.4507,91.46831044,1613665.509,88.8718817
6Aug2018a,6.6,7.450601685,0.000943,2.59E-06,1.58E-09,0.01,b10,0.38,b38,640854.3688,100.5092884,1556730.078,85.73618912,0.000943036,14528.43589,85.40867678,13446.28784,581873.3438,91.2589171,1588771.917,87.50087859
6Aug2018a,6.6,7.450601685,0.000943,2.59E-06,1.58E-09,0.01,b10,1.21,c121,633001.4958,99.2776721,1407634.142,77.52479942,0.000943003,14433.10896,84.84827598,10324.71518,519001.837,81.39837667,1608563.632,88.59089815
6Aug2018a,6.6,7.450601685,0.000943,2.59E-06,1.58E-09,0.01,b10,2.16,d216,589545.9116,92.46225497,1231194.724,67.80748009,0.00094302,14483.05334,85.14188526,7729.291844,427547.3064,67.05497787,1589708.855,87.55248003
6Aug2018a,6.6,7.450601685,0.000943,2.59E-06,1.58E-09,0.01,b10,2.88,e288,530899.4102,83.26434915,1170746.386,64.47831578,0.00094318,14599.76698,85.8280126,7169.891159,349296.6529,54.78242754,1592564.302,87.70974247
6Aug2018a,6.6,7.450601685,0.000943,2.59E-06,1.58E-09,0.01,b10,6.82,g682,433793.5529,68.03461665,979724.5616,53.95787716,0.000942868,14434.34384,84.85553548,5587.426403,319324.781,50.08174721,1518291.592,83.6192073
6Aug2018a,6.6,7.450601685,0.000943,2.59E-06,1.58E-09,0.1,c100,0.12,a12,553990.9662,86.88594553,1589144.286,87.52138666,0.000943087,14459.23996,85.00189294,14539.51113,553990.9662,86.88594553,1589144.286,87.52138666
6Aug2018a,6.6,7.450601685,0.000943,2.59E-06,1.58E-09,0.1,c100,0.38,b38,546645.5288,85.73391361,1572549.872,86.60745698,0.000943174,14554.52594,85.56205297,14405.01424,558604.883,87.6095756,1576835.611,86.84349208
6Aug2018a,6.6,7.450601685,0.000943,2.59E-06,1.58E-09,0.1,c100,1.21,c121,520221.7436,81.58970243,1501996.381,82.72175612,0.000943134,14506.45595,85.27946274,13024.80613,499201.4398,78.29295377,1599496.133,88.09150984
6Aug2018a,6.6,7.450601685,0.000943,2.59E-06,1.58E-09,0.1,c100,2.16,d216,487019.9759,76.38245689,1354367.539,74.59116589,0.000942919,14167.44805,83.28652858,11018.04851,431369.7934,67.65448295,1550072.058,85.3695018
6Aug2018a,6.6,7.450601685,0.000943,2.59E-06,1.58E-09,0.1,c100,2.88,e288,488328.1066,76.5876194,1323709.836,72.90270709,0.000942724,14390.55905,84.59813676,10378.4013,424213.2811,66.53208135,1567471.747,86.3277816
6Aug2018a,6.6,7.450601685,0.000943,2.59E-06,1.58E-09,0.1,c100,6.82,g682,414003.1644,64.93076347,1175835.792,64.75861248,0.000943185,14233.65043,83.67571417,8835.1552,344974.5069,54.10455774,1520316.171,83.73071005
6Aug2018a,6.6,7.450601685,0.000943,2.59E-06,1.58E-09,0.316,d316,0.12,a12,548849.1621,86.07952352,1584496.455,87.2654095,0.000943072,14413.31604,84.73191881,14404.13064,548849.1621,86.07952352,1584496.455,87.2654095
6Aug2018a,6.6,7.450601685,0.000943,2.59E-06,1.58E-09,0.316,d316,0.38,b38,568179.2016,89.11117721,1548317.145,85.27285075,0.000942886,14163.41793,83.26283664,13984.11158,568179.2016,89.11117721,1548317.145,85.27285075
6Aug2018a,6.6,7.450601685,0.000943,2.59E-06,1.58E-09,0.316,d316,1.21,c121,537847.4826,84.35405978,1533906.968,84.4792169,0.000943092,14116.68705,82.98811866,13743.06366,572092.8808,89.72498454,1557158.979,85.75981069
6Aug2018a,6.6,7.450601685,0.000943,2.59E-06,1.58E-09,0.316,d316,2.16,d216,553941.6028,86.87820356,1487640.695,81.93112334,0.000942933,14179.91447,83.35981522,13078.05708,565209.0919,88.64535592,1545421.453,85.11337183
6Aug2018a,6.6,7.450601685,0.000943,2.59E-06,1.58E-09,0.316,d316,2.88,e288,500670.4155,78.52334262,1477518.226,81.37363301,0.000943045,14255.1341,83.80201075,13092.76086,491015.477,77.00909689,1556352.805,85.715411
6Aug2018a,6.6,7.450601685,0.000943,2.59E-06,1.58E-09,0.316,d316,6.82,g682,514216.3516,80.6478384,1399808.059,77.09378154,0.000942944,14290.70406,84.01111672,12188.51621,497042.0797,77.95428753,1538775.025,84.74732292
6Aug2018a,6.6,7.450601685,0.000943,2.59E-06,1.58E-09,1,e1000,0.12,a12,553903.3823,86.87220919,1544611.248,85.06875017,0.000942937,13942.36008,81.96329832,13861.1822,553903.3823,86.87220919,1544611.248,85.06875017
6Aug2018a,6.6,7.450601685,0.000943,2.59E-06,1.58E-09,1,e1000,0.38,b38,562964.417,88.2933092,1560974.075,85.96992533,0.000942838,14303.77746,84.08797168,14282.12793,562964.417,88.2933092,1560974.075,85.96992533
6Aug2018a,6.6,7.450601685,0.000943,2.59E-06,1.58E-09,1,e1000,1.21,c121,506877.7823,79.49688365,1578309.654,86.92467434,0.000942652,14322.10536,84.19571632,14583.36877,506877.7823,79.49688365,1578309.654,86.92467434
6Aug2018a,6.6,7.450601685,0.000943,2.59E-06,1.58E-09,1,e1000,2.16,d216,525009.8567,82.34065282,1541535.917,84.89937778,0.000943049,14122.97506,83.02508409,14136.00279,525009.8567,82.34065282,1541535.917,84.89937778
6Aug2018a,6.6,7.450601685,0.000943,2.59E-06,1.58E-09,1,e1000,2.88,e288,551788.695,86.54054926,1551953.428,85.47311736,0.00094282,14203.9989,83.50140098,14017.4727,551788.695,86.54054926,1551953.428,85.47311736
6Aug2018a,6.6,7.450601685,0.000943,2.59E-06,1.58E-09,1,e1000,6.82,g682,523718.3551,82.13809836,1504372.939,82.8526439,0.000942859,13981.07465,82.19089065,13636.09475,549376.1454,86.16217367,1529347.185,84.22808896
6Aug2018a,6.6,7.450601685,0.000943,2.59E-06,1.58E-09,3.162,f3162,0.12,a12,504863.6941,79.18100131,1539437.794,84.78382458,0.000943085,13857.58057,81.46490295,14029.83812,504863.6941,79.18100131,1539437.794,84.78382458
6Aug2018a,6.6,7.450601685,0.000943,2.59E-06,1.58E-09,3.162,f3162,0.38,b38,560387.2065,87.8891088,1522970.605,83.87690176,0.000942876,13823.37684,81.26382859,13709.13557,560387.2065,87.8891088,1522970.605,83.87690176
6Aug2018a,6.6,7.450601685,0.000943,2.59E-06,1.58E-09,3.162,f3162,1.21,c121,514125.6578,80.63361431,1535388.736,84.56082461,0.000943082,13795.83552,81.10192079,13896.96444,514125.6578,80.63361431,1535388.736,84.56082461
6Aug2018a,6.6,7.450601685,0.000943,2.59E-06,1.58E-09,3.162,f3162,2.16,d216,542069.9926,85.01630302,1544706.649,85.07400437,0.000942971,14086.36907,82.80988756,14085.67996,542069.9926,85.01630302,1544706.649,85.07400437
6Aug2018a,6.6,7.450601685,0.000943,2.59E-06,1.58E-09,3.162,f3162,2.88,e288,543600.3414,85.25631741,1535453.515,84.56439226,0.000943065,13914.84245,81.80152978,13901.97616,543600.3414,85.25631741,1535453.515,84.56439226
6Aug2018a,6.6,7.450601685,0.000943,2.59E-06,1.58E-09,3.162,f3162,6.82,g682,511323.1869,80.19408488,1507226.095,83.00978018,0.000943067,13721.8504,80.66698262,13596.67349,511323.1869,80.19408488,1507226.095,83.00978018
6Aug2018a,6.6,7.450601685,0.000943,2.59E-06,1.58E-09,10,g10000,0.12,a12,545333.8502,85.52819467,1545939.195,85.14188625,0.000942817,13811.45461,81.19374111,13808.78257,545333.8502,85.52819467,1545939.195,85.14188625
6Aug2018a,6.6,7.450601685,0.000943,2.59E-06,1.58E-09,10,g10000,0.38,b38,515162.9731,80.7963031,1529143.227,84.21685608,0.000943061,13828.72386,81.29526225,13943.31834,515162.9731,80.7963031,1529143.227,84.21685608
6Aug2018a,6.6,7.450601685,0.000943,2.59E-06,1.58E-09,10,g10000,1.21,c121,490051.271,76.85787429,1557769.89,85.79345631,0.000943088,13994.07971,82.26734379,14247.32997,490051.271,76.85787429,1557769.89,85.79345631
6Aug2018a,6.6,7.450601685,0.000943,2.59E-06,1.58E-09,10,g10000,2.16,d216,558185.7783,87.54384473,1524858.843,83.98089561,0.000943136,13762.22623,80.90434099,13665.73975,558185.7783,87.54384473,1524858.843,83.98089561
6Aug2018a,6.6,7.450601685,0.000943,2.59E-06,1.58E-09,10,g10000,2.88,e288,557289.8403,87.40332904,1512446.077,83.29726827,0.000943102,13549.20294,79.65203572,13447.87873,557289.8403,87.40332904,1512446.077,83.29726827
6Aug2018a,6.6,7.450601685,0.000943,2.59E-06,1.58E-09,10,g10000,6.82,g682,499668.402,78.36619044,1503842.558,82.82343345,0.000943043,13533.22614,79.55811249,13575.72659,499668.402,78.36619044,1503842.558,82.82343345
6Aug2018a,6.4,11.01217256,0.000943,2.59E-06,1.58E-09,0.001,a1,0,zero,944292.6005,100,2594335.51,100,0.000942909,25212.45611,100,25048.14437,944292.6005,100,2594335.51,100
6Aug2018a,6.4,11.01217256,0.000943,2.59E-06,1.58E-09,0.001,a1,3.83,f383,915177.0376,96.91667997,1594159.877,61.4477145,0.000943042,25220.00757,100.0299513,9491.187435,533393.8402,56.48607645,2588546.605,99.77686368
6Aug2018a,6.4,11.01217256,0.000943,2.59E-06,1.58E-09,0.001,a1,0.12,a12,874567.8869,92.61619613,2632597.994,101.4748472,0.000942968,25502.2938,101.1495813,25836.45669,893256.5916,94.59531835,2632042.41,101.4534319
6Aug2018a,6.4,11.01217256,0.000943,2.59E-06,1.58E-09,0.001,a1,0.38,b38,899934.2486,95.30247808,2572813.645,99.17042862,0.000943085,25431.1491,100.8674006,26122.48127,1122266.894,118.8473672,2632592.26,101.4746261
6Aug2018a,6.4,11.01217256,0.000943,2.59E-06,1.58E-09,0.001,a1,1.21,c121,1271167.619,134.6158615,2247291.906,86.62302534,0.00094308,25283.553,100.2819911,16961.95084,970971.3729,102.8252654,2640329.786,101.7728731
6Aug2018a,6.4,11.01217256,0.000943,2.59E-06,1.58E-09,0.001,a1,2.16,d216,1083329.295,114.7238996,1931629.301,74.45564743,0.000943171,25685.44303,101.8760049,12990.44736,729969.1237,77.3032769,2614658.52,100.7833609
6Aug2018a,6.4,11.01217256,0.000943,2.59E-06,1.58E-09,0.001,a1,2.88,e288,1021006.187,108.1239211,1777729.989,68.52351911,0.000942993,25549.86153,101.3382489,11167.74552,673896.3568,71.36520571,2590896.373,99.86743667
6Aug2018a,6.4,11.01217256,0.000943,2.59E-06,1.58E-09,0.001,a1,6.82,g682,755030.1413,79.9572231,1370369.504,52.82159915,0.000942664,25121.68831,99.63998826,7359.567178,447388.8964,47.37820631,2435514.583,93.87816545
6Aug2018a,6.4,11.01217256,0.000943,2.59E-06,1.58E-09,0.01,b10,3.83,f383,897640.2755,95.05954775,1657025.13,63.87088806,0.00094303,25533.99763,101.275328,10061.67402,551822.8842,58.43770076,2588609.285,99.77927971
6Aug2018a,6.4,11.01217256,0.000943,2.59E-06,1.58E-09,0.1,c100,3.83,f383,804772.8565,85.22494575,2013280.934,77.60295174,0.000942992,25130.6859,99.67567537,16923.27981,686629.1063,72.71359598,2553093.158,98.41029226
6Aug2018a,6.4,11.01217256,0.000943,2.59E-06,1.58E-09,0.316,d316,3.83,f383,967663.1919,102.4749311,2433104.441,93.78526528,0.000943167,25161.65644,99.79851363,22852.0374,969458.0638,102.6650069,2559539.599,98.65877366
6Aug2018a,6.4,11.01217256,0.000943,2.59E-06,1.58E-09,1,e1000,3.83,f383,900631.3986,95.37630583,2611221.148,100.6508656,0.000943083,25062.76916,99.40629764,25612.62119,898634.5618,95.16484206,2569104.527,99.02745874
6Aug2018a,6.4,11.01217256,0.000943,2.59E-06,1.58E-09,3.162,f3162,3.83,f383,956208.2566,101.2618606,2588031.977,99.75702708,0.000943069,25136.01413,99.69680869,25023.38861,956208.2566,101.2618606,2588031.977,99.75702708
6Aug2018a,6.4,11.01217256,0.000943,2.59E-06,1.58E-09,10,g10000,3.83,f383,927018.2308,98.17065497,2576228.975,99.30207425,0.000943052,24929.77464,98.87880234,24920.53494,927018.2308,98.17065497,2576228.975,99.30207425
6Aug2018a,6.4,11.01217256,0.000943,2.59E-06,1.58E-09,0.01,b10,0.12,a12,885693.3621,93.79437704,2573898.705,99.21225282,0.000942943,24936.05328,98.90370527,25048.73056,885693.3621,93.79437704,2573898.705,99.21225282
6Aug2018a,6.4,11.01217256,0.000943,2.59E-06,1.58E-09,0.01,b10,0.38,b38,1139819.893,120.7062188,2499422.698,96.3415367,0.000943025,24786.04363,98.30872296,22526.4201,1004911.434,106.4194969,2557506.65,98.58041258
6Aug2018a,6.4,11.01217256,0.000943,2.59E-06,1.58E-09,0.01,b10,1.21,c121,1118588.669,118.4578454,2214024.093,85.34070031,0.000943173,24850.96493,98.56621991,17082.57142,818620.07,86.69135706,2561095.464,98.71874528
6Aug2018a,6.4,11.01217256,0.000943,2.59E-06,1.58E-09,0.01,b10,2.16,d216,1015327.872,107.5225912,1887335.638,72.74832535,0.000942944,24725.87713,98.07008497,12583.24298,686168.7694,72.66484658,2514440.176,96.92039316
6Aug2018a,6.4,11.01217256,0.000943,2.59E-06,1.58E-09,0.01,b10,2.88,e288,912144.8327,96.59557135,1741300.697,67.11933328,0.00094311,24615.78884,97.6334425,10988.6578,586558.0277,62.11613089,2497219.616,96.2566178
6Aug2018a,6.4,11.01217256,0.000943,2.59E-06,1.58E-09,0.01,b10,6.82,g682,669326.8884,70.88130184,1409010.198,54.31102462,0.000943063,24587.27106,97.52033262,8220.258023,382702.8038,40.52798927,2416364.985,93.14003432
6Aug2018a,6.4,11.01217256,0.000943,2.59E-06,1.58E-09,0.1,c100,0.12,a12,851058.2913,90.12654456,2520257.561,97.14462726,0.000942965,24347.06526,96.56760594,24442.6096,851058.2913,90.12654456,2520257.561,97.14462726
6Aug2018a,6.4,11.01217256,0.000943,2.59E-06,1.58E-09,0.1,c100,0.38,b38,936704.7223,99.19644842,2509494.697,96.7297671,0.000942976,24565.81248,97.4352216,24041.9468,961083.3496,101.7781299,2524638.242,97.31348287
6Aug2018a,6.4,11.01217256,0.000943,2.59E-06,1.58E-09,0.1,c100,1.21,c121,877713.093,92.9492715,2353422.237,90.71387367,0.000943077,24316.47751,96.44628595,21823.37159,860231.7961,91.09801301,2507003.927,96.6337591
6Aug2018a,6.4,11.01217256,0.000943,2.59E-06,1.58E-09,0.1,c100,2.16,d216,825610.8911,87.43168068,2158213.72,83.18946073,0.00094309,24389.90858,96.7375351,19106.00894,755168.699,79.97189628,2483951.89,95.74520645
6Aug2018a,6.4,11.01217256,0.000943,2.59E-06,1.58E-09,0.1,c100,2.88,e288,781360.6827,82.74561108,2052184.429,79.10250701,0.000943051,24229.13627,96.09986494,17675.96944,670284.8235,70.98274657,2464957.051,95.01304058
6Aug2018a,6.4,11.01217256,0.000943,2.59E-06,1.58E-09,0.1,c100,6.82,g682,732594.3404,77.58128572,1790366.427,69.01059713,0.000943078,24104.12219,95.60402242,14361.20328,621764.4275,65.84446676,2415505.21,93.10689388
6Aug2018a,6.4,11.01217256,0.000943,2.59E-06,1.58E-09,0.316,d316,0.12,a12,868831.0157,92.00866503,2508561.935,96.69381333,0.000942961,24233.46437,96.11703147,24198.24085,868831.0157,92.00866503,2508561.935,96.69381333
6Aug2018a,6.4,11.01217256,0.000943,2.59E-06,1.58E-09,0.316,d316,0.38,b38,866610.9459,91.77356102,2474048.374,95.36347033,0.000942898,23977.80205,95.10299969,23954.96553,866610.9459,91.77356102,2474048.374,95.36347033
6Aug2018a,6.4,11.01217256,0.000943,2.59E-06,1.58E-09,0.316,d316,1.21,c121,853681.1249,90.40430101,2449953.935,94.43473774,0.000943075,23858.47838,94.62972698,23555.34625,827088.5722,87.58816619,2465155.132,95.02067572
6Aug2018a,6.4,11.01217256,0.000943,2.59E-06,1.58E-09,0.316,d316,2.16,d216,905529.6585,95.89502851,2368748.518,91.30463305,0.000943074,23709.1914,94.037611,22400.11597,879089.1834,93.09499862,2429237.739,93.63622129
6Aug2018a,6.4,11.01217256,0.000943,2.59E-06,1.58E-09,0.316,d316,2.88,e288,880672.7495,93.26269729,2339727.021,90.18598448,0.000942987,23685.24147,93.94261857,22000.50801,847413.8015,89.74059535,2430569.308,93.68754728
6Aug2018a,6.4,11.01217256,0.000943,2.59E-06,1.58E-09,0.316,d316,6.82,g682,822783.9881,87.13231341,2233025.982,86.07313791,0.000943141,23833.69038,94.53141051,20831.6599,755573.0477,80.01471655,2425306.289,93.48468152
6Aug2018a,6.4,11.01217256,0.000943,2.59E-06,1.58E-09,1,e1000,0.12,a12,848692.0494,89.87596101,2446560.519,94.30393675,0.000943102,23620.06167,93.68409636,23666.77564,848692.0494,89.87596101,2446560.519,94.30393675
6Aug2018a,6.4,11.01217256,0.000943,2.59E-06,1.58E-09,1,e1000,0.38,b38,880498.6161,93.24425667,2422708.269,93.38453948,0.000942798,23375.15487,92.71272412,23292.17992,880498.6161,93.24425667,2422708.269,93.38453948
6Aug2018a,6.4,11.01217256,0.000943,2.59E-06,1.58E-09,1,e1000,1.21,c121,851335.4161,90.1558919,2462733.488,94.92733218,0.000942908,23475.38105,93.11025054,23853.19155,829557.7624,87.8496519,2440758.233,94.08028465
6Aug2018a,6.4,11.01217256,0.000943,2.59E-06,1.58E-09,1,e1000,2.16,d216,892837.0495,94.55088911,2438483.17,93.99259119,0.000943099,23334.45658,92.55130274,23515.81768,884866.7107,93.70683518,2409877.451,92.88996898
6Aug2018a,6.4,11.01217256,0.000943,2.59E-06,1.58E-09,1,e1000,2.88,e288,880233.5176,93.2161829,2458953.246,94.78162082,0.000942808,23513.81269,93.26268172,23853.11377,881206.4217,93.31921284,2433051.016,93.78320602
6Aug2018a,6.4,11.01217256,0.000943,2.59E-06,1.58E-09,1,e1000,6.82,g682,861045.367,91.18416967,2430408.878,93.68136342,0.000942669,23464.96995,93.06895709,23545.41561,861045.367,91.18416967,2430408.878,93.68136342
6Aug2018a,6.4,11.01217256,0.000943,2.59E-06,1.58E-09,3.162,f3162,0.12,a12,846502.9459,89.64413631,2421021.728,93.3195309,0.000942878,23293.06556,92.3871338,23317.84628,846502.9459,89.64413631,2421021.728,93.3195309
6Aug2018a,6.4,11.01217256,0.000943,2.59E-06,1.58E-09,3.162,f3162,0.38,b38,871611.7569,92.3031438,2413121.253,93.015003,0.000943142,23338.30336,92.56656019,23240.96152,871611.7569,92.3031438,2413121.253,93.015003
6Aug2018a,6.4,11.01217256,0.000943,2.59E-06,1.58E-09,3.162,f3162,1.21,c121,810197.5081,85.79941299,2405042.296,92.70359545,0.000942958,23078.28621,91.53525589,23277.07629,810197.5081,85.79941299,2405042.296,92.70359545
6Aug2018a,6.4,11.01217256,0.000943,2.59E-06,1.58E-09,3.162,f3162,2.16,d216,861824.5215,91.26668164,2416385.37,93.14082008,0.000942982,23401.82409,92.81850206,23371.59091,861824.5215,91.26668164,2416385.37,93.14082008
6Aug2018a,6.4,11.01217256,0.000943,2.59E-06,1.58E-09,3.162,f3162,2.88,e288,876821.1901,92.85481953,2407194.266,92.78654426,0.000943065,23167.88271,91.8906219,23149.89048,876821.1901,92.85481953,2407194.266,92.78654426
6Aug2018a,6.4,11.01217256,0.000943,2.59E-06,1.58E-09,3.162,f3162,6.82,g682,836062.7517,88.53852622,2418909.307,93.23810654,0.00094307,23420.44511,92.89235847,23412.80998,836062.7517,88.53852622,2418909.307,93.23810654
6Aug2018a,6.4,11.01217256,0.000943,2.59E-06,1.58E-09,10,g10000,0.12,a12,843452.2766,89.32107232,2393256.42,92.2493028,0.000943023,22931.43065,90.95278362,22945.73449,843452.2766,89.32107232,2393256.42,92.2493028
6Aug2018a,6.4,11.01217256,0.000943,2.59E-06,1.58E-09,10,g10000,0.38,b38,855433.2754,90.58985265,2384288.054,91.9036125,0.000942997,22922.85851,90.918784,22972.137,855433.2754,90.58985265,2384288.054,91.9036125
6Aug2018a,6.4,11.01217256,0.000943,2.59E-06,1.58E-09,10,g10000,1.21,c121,846450.7048,89.63860401,2404480.674,92.68194744,0.000943112,23035.17994,91.36428376,23149.9618,846450.7048,89.63860401,2404480.674,92.68194744
6Aug2018a,6.4,11.01217256,0.000943,2.59E-06,1.58E-09,10,g10000,2.16,d216,864466.3698,91.54645174,2388454.268,92.06420136,0.000943064,23028.50235,91.33779849,22908.21205,864466.3698,91.54645174,2388454.268,92.06420136
6Aug2018a,6.4,11.01217256,0.000943,2.59E-06,1.58E-09,10,g10000,2.88,e288,831217.4508,88.02541187,2391419.707,92.17850573,0.000942952,22984.68812,91.16401839,23058.11755,831217.4508,88.02541187,2391419.707,92.17850573
6Aug2018a,6.4,11.01217256,0.000943,2.59E-06,1.58E-09,10,g10000,6.82,g682,837613.2657,88.70272469,2366265.106,91.20890865,0.000942871,22773.73656,90.32732259,22752.48431,837613.2657,88.70272469,2366265.106,91.20890865
6Aug2018a,6.2,37.13483472,0.000943,2.59E-06,1.58E-09,0.001,a1,0,zero,3497502.95,100,8703114.958,100,0.000942638,82911.58012,100,82230.57545,3497502.95,100,8703114.958,100
6Aug2018a,6.2,37.13483472,0.000943,2.59E-06,1.58E-09,0.001,a1,3.83,f383,3454089.281,98.75872388,5270156.391,60.55482913,0.000942894,83378.96523,100.5637151,30905.83741,1978084.582,56.55705256,8371901.103,96.19430679
6Aug2018a,6.2,37.13483472,0.000943,2.59E-06,1.58E-09,0.001,a1,0.12,a12,3118176.767,89.1543713,8708069.914,100.0569331,0.000943152,83025.7048,100.1376462,84221.08495,3331639.542,95.2576621,8716187.04,100.1502
6Aug2018a,6.2,37.13483472,0.000943,2.59E-06,1.58E-09,0.001,a1,0.38,b38,3322803.539,95.00502462,8514569.775,97.83358966,0.000943106,83002.74899,100.1099592,85513.90109,3663683.852,104.7514156,8761995.851,100.6765496
6Aug2018a,6.2,37.13483472,0.000943,2.59E-06,1.58E-09,0.001,a1,1.21,c121,4641169.678,132.6995215,7610888.912,87.45017098,0.000942868,83391.48378,100.5788138,54434.36553,3317273.197,94.84690203,8848953.326,101.6757031
6Aug2018a,6.2,37.13483472,0.000943,2.59E-06,1.58E-09,0.001,a1,2.16,d216,4207779.453,120.308103,6339596.011,72.84283894,0.000943107,82683.53427,99.72495296,39765.95927,2606638.679,74.52856269,8459778.696,97.20403255
6Aug2018a,6.2,37.13483472,0.000943,2.59E-06,1.58E-09,0.001,a1,2.88,e288,3659958.495,104.6449009,5804770.857,66.69762361,0.00094297,82630.07845,99.66047968,34652.81925,2264613.682,64.74944308,8338535.698,95.81093366
6Aug2018a,6.2,37.13483472,0.000943,2.59E-06,1.58E-09,0.001,a1,6.82,g682,2800740.859,80.07829868,4509495.506,51.81472988,0.000943046,82800.49914,99.86602477,24530.05271,1616492.501,46.21847427,7883233.163,90.57944427
6Aug2018a,6.2,37.13483472,0.000943,2.59E-06,1.58E-09,0.01,b10,3.83,f383,3173605.086,90.73916824,5421960.189,62.29907585,0.000943091,82741.87221,99.79531459,33247.33444,1876470.279,53.65171398,8303918.208,95.41317389
6Aug2018a,6.2,37.13483472,0.000943,2.59E-06,1.58E-09,0.1,c100,3.83,f383,2937455.357,83.98721598,6859880.407,78.82097893,0.000943087,82482.01651,99.48190156,56806.79275,2584851.577,73.90562963,8519869.363,97.89448266
6Aug2018a,6.2,37.13483472,0.000943,2.59E-06,1.58E-09,0.316,d316,3.83,f383,3482519.445,99.57159421,8439074.101,96.96613387,0.00094303,82501.2027,99.50504209,74871.67107,3328075.167,95.15575008,8763427.443,100.6929988
6Aug2018a,6.2,37.13483472,0.000943,2.59E-06,1.58E-09,1,e1000,3.83,f383,3626410.685,103.6857077,9004891.257,103.4674516,0.000942999,82184.34535,99.12287914,83716.96979,3571345.638,102.1112974,8771078.555,100.7809112
6Aug2018a,6.2,37.13483472,0.000943,2.59E-06,1.58E-09,3.162,f3162,3.83,f383,3351510.65,95.82581338,8611983.994,98.95289256,0.000943067,82074.32467,98.99018273,81658.26269,3351510.65,95.82581338,8611983.994,98.95289256
6Aug2018a,6.2,37.13483472,0.000943,2.59E-06,1.58E-09,10,g10000,3.83,f383,3435250.093,98.22007707,8591119.078,98.71315178,0.000943057,81338.39038,98.10256934,81315.65558,3435250.093,98.22007707,8591119.078,98.71315178
6Aug2018a,6.2,37.13483472,0.000943,2.59E-06,1.58E-09,0.01,b10,0.12,a12,3115582.857,89.0802067,8533989.276,98.05672242,0.000943144,81531.6015,98.33560208,80917.14482,3130088.74,89.49495638,8546481.084,98.20025503
6Aug2018a,6.2,37.13483472,0.000943,2.59E-06,1.58E-09,0.01,b10,0.38,b38,3952406.237,113.0065162,8344751.607,95.88235531,0.000942959,81412.70648,98.19220231,74077.01503,3576729.276,102.2652254,8574269.406,98.51954671
6Aug2018a,6.2,37.13483472,0.000943,2.59E-06,1.58E-09,0.01,b10,1.21,c121,4046231.37,115.6891481,7436951.313,85.45160381,0.000942919,80865.71277,97.53247092,54553.73497,3076132.535,87.9522499,8511086.723,97.7935689
6Aug2018a,6.2,37.13483472,0.000943,2.59E-06,1.58E-09,0.01,b10,2.16,d216,3671132.722,104.9643924,6303055.091,72.42297869,0.00094288,80642.53042,97.26328977,40955.03767,2434961.902,69.62000996,8221946.695,94.47130981
6Aug2018a,6.2,37.13483472,0.000943,2.59E-06,1.58E-09,0.01,b10,2.88,e288,3354150.305,95.90128594,5823387.207,66.91152806,0.000942715,81046.38682,97.75038264,36857.26883,2164454.73,61.88571563,8152464.899,93.67295433
6Aug2018a,6.2,37.13483472,0.000943,2.59E-06,1.58E-09,0.01,b10,6.82,g682,2532674.727,72.41379816,4563947.242,52.44038788,0.000942941,80205.27759,96.73591732,26987.34277,1554184.071,44.4369624,7738498.403,88.91642177
6Aug2018a,6.2,37.13483472,0.000943,2.59E-06,1.58E-09,0.1,c100,0.12,a12,3028926.389,86.60253992,8367032.309,96.13836368,0.000943078,79829.74505,96.28298597,79451.76511,3028926.389,86.60253992,8367032.309,96.13836368
6Aug2018a,6.2,37.13483472,0.000943,2.59E-06,1.58E-09,0.1,c100,0.38,b38,3260168.675,93.2141794,8331554.506,95.73071878,0.000943139,79799.65524,96.24669453,77845.94723,3232617.038,92.42642776,8418808.221,96.7332761
6Aug2018a,6.2,37.13483472,0.000943,2.59E-06,1.58E-09,0.1,c100,1.21,c121,3059767.248,87.48433645,7910116.045,90.88833232,0.000943031,80097.91985,96.6064327,72412.33014,2955112.551,84.49206742,8436516.138,96.93674252
6Aug2018a,6.2,37.13483472,0.000943,2.59E-06,1.58E-09,0.1,c100,2.16,d216,3058563.255,87.44991207,7246119.709,83.25892216,0.000942945,79505.284,95.89165216,62954.30215,2828697.127,80.87761945,8276218.511,95.09490052
6Aug2018a,6.2,37.13483472,0.000943,2.59E-06,1.58E-09,0.1,c100,2.88,e288,2867713.578,81.99317108,6906924.246,79.36151917,0.000943093,79161.61528,95.47715189,58600.48217,2587140.226,73.9710663,8202623.665,94.24928552
6Aug2018a,6.2,37.13483472,0.000943,2.59E-06,1.58E-09,0.1,c100,6.82,g682,2555885.309,73.0774311,6157659.913,70.75236789,0.000943063,79139.14854,95.45005466,49477.47276,2174808.879,62.18175968,8057274.547,92.57920395
6Aug2018a,6.2,37.13483472,0.000943,2.59E-06,1.58E-09,0.316,d316,0.12,a12,3199376.498,91.47601999,8412046.681,96.65558506,0.000942604,79132.54195,95.44208643,79346.2969,3199376.498,91.47601999,8412046.681,96.65558506
6Aug2018a,6.2,37.13483472,0.000943,2.59E-06,1.58E-09,0.316,d316,0.38,b38,3355291.286,95.93390866,8374032.257,96.21879405,0.000943143,79139.16143,95.4500702,78432.21633,3355291.286,95.93390866,8374032.257,96.21879405
6Aug2018a,6.2,37.13483472,0.000943,2.59E-06,1.58E-09,0.316,d316,1.21,c121,3257840.237,93.14760512,8330316.222,95.71649074,0.000943017,78767.96886,95.00237331,75905.51935,3192453.302,91.27807317,8436327.307,96.93457283
6Aug2018a,6.2,37.13483472,0.000943,2.59E-06,1.58E-09,0.316,d316,2.16,d216,3396000.847,97.0978694,8131969.524,93.43745962,0.000943102,78492.02127,94.66955177,72984.15122,3294597.66,94.19856701,8341737.644,95.84772446
6Aug2018a,6.2,37.13483472,0.000943,2.59E-06,1.58E-09,0.316,d316,2.88,e288,3295064.362,94.21191088,8105638.348,93.13491074,0.000943205,78448.25098,94.61676025,72556.06756,3210047.848,91.7811334,8367677.212,96.1457737
6Aug2018a,6.2,37.13483472,0.000943,2.59E-06,1.58E-09,0.316,d316,6.82,g682,3227625.728,92.28371708,7962825.433,91.49397051,0.000942859,78118.37603,94.21889671,70850.01701,3086015.192,88.23481312,8326030.611,95.66724847
6Aug2018a,6.2,37.13483472,0.000943,2.59E-06,1.58E-09,1,e1000,0.12,a12,2874657.975,82.1917241,8198115.509,94.19748618,0.000943083,78405.77127,94.5655253,77847.45585,2874657.975,82.1917241,8198115.509,94.19748618
6Aug2018a,6.2,37.13483472,0.000943,2.59E-06,1.58E-09,1,e1000,0.38,b38,3145991.657,89.94964985,8133550.439,93.45562455,0.000943046,77965.85192,94.03493675,77702.17548,3145991.657,89.94964985,8133550.439,93.45562455
6Aug2018a,6.2,37.13483472,0.000943,2.59E-06,1.58E-09,1,e1000,1.21,c121,2910811.497,83.22541934,8195076.102,94.16256296,0.000943163,77772.33119,93.80153059,78008.26122,2910811.497,83.22541934,8195076.102,94.16256296
6Aug2018a,6.2,37.13483472,0.000943,2.59E-06,1.58E-09,1,e1000,2.16,d216,3200088.144,91.49636724,8348495.921,95.925378,0.000942999,77667.04379,93.67454303,78114.69563,3200088.144,91.49636724,8348495.921,95.925378
6Aug2018a,6.2,37.13483472,0.000943,2.59E-06,1.58E-09,1,e1000,2.88,e288,3238585.481,92.59707646,8408926.383,96.61973241,0.000942849,77424.83787,93.38241746,78544.11061,3235112.094,92.49776596,8212926.882,94.36767091
6Aug2018a,6.2,37.13483472,0.000943,2.59E-06,1.58E-09,1,e1000,6.82,g682,3305695.267,94.51586788,8487138.211,97.51839718,0.000943084,77646.12819,93.64931664,79076.43761,3317265.895,94.84669325,8317045.577,95.56400918
6Aug2018a,6.2,37.13483472,0.000943,2.59E-06,1.58E-09,3.162,f3162,0.12,a12,2987710.976,85.42411596,8123163.071,93.33627225,0.000942985,77205.85774,93.11830462,77348.25568,2987710.976,85.42411596,8123163.071,93.33627225
6Aug2018a,6.2,37.13483472,0.000943,2.59E-06,1.58E-09,3.162,f3162,0.38,b38,3132605.408,89.56691253,8013458.469,92.07575112,0.000943002,76483.60351,92.2471908,75985.39126,3132605.408,89.56691253,8013458.469,92.07575112
6Aug2018a,6.2,37.13483472,0.000943,2.59E-06,1.58E-09,3.162,f3162,1.21,c121,2902502.535,82.98785095,8102082.164,93.0940497,0.000943127,77112.86285,93.0061431,77836.22329,2902502.535,82.98785095,8102082.164,93.0940497
6Aug2018a,6.2,37.13483472,0.000943,2.59E-06,1.58E-09,3.162,f3162,2.16,d216,3108094.774,88.86610872,8057820.989,92.58548265,0.000943104,77103.80456,92.99521785,77168.69115,3108094.774,88.86610872,8057820.989,92.58548265
6Aug2018a,6.2,37.13483472,0.000943,2.59E-06,1.58E-09,3.162,f3162,2.88,e288,3033328.304,86.72839872,8035009.924,92.32338034,0.000943048,76332.98438,92.06552845,76493.33776,3033328.304,86.72839872,8035009.924,92.32338034
6Aug2018a,6.2,37.13483472,0.000943,2.59E-06,1.58E-09,3.162,f3162,6.82,g682,3178090.173,90.86740507,8135851.976,93.48206952,0.000942926,76790.74035,92.61762982,76686.10757,3178090.173,90.86740507,8135851.976,93.48206952
6Aug2018a,6.2,37.13483472,0.000943,2.59E-06,1.58E-09,10,g10000,0.12,a12,2969847.07,84.91335424,8097040.016,93.03611472,0.000943114,76980.00815,92.8459065,77207.31319,2969847.07,84.91335424,8097040.016,93.03611472
6Aug2018a,6.2,37.13483472,0.000943,2.59E-06,1.58E-09,10,g10000,0.38,b38,3103954.228,88.74772294,7980214.206,91.69376993,0.000942749,76610.04814,92.3996962,76094.95999,3103954.228,88.74772294,7980214.206,91.69376993
6Aug2018a,6.2,37.13483472,0.000943,2.59E-06,1.58E-09,10,g10000,1.21,c121,2958606.492,84.59196559,8056025.155,92.56484826,0.000943182,76386.05104,92.12953237,76486.74018,2958606.492,84.59196559,8056025.155,92.56484826
6Aug2018a,6.2,37.13483472,0.000943,2.59E-06,1.58E-09,10,g10000,2.16,d216,3080999.468,88.09140441,8010079.189,92.03692274,0.000943083,75964.00309,91.62049858,75522.2923,3080999.468,88.09140441,8010079.189,92.03692274
6Aug2018a,6.2,37.13483472,0.000943,2.59E-06,1.58E-09,10,g10000,2.88,e288,3065668.288,87.65305796,8060652.571,92.61801791,0.000943034,75980.83216,91.64079619,76070.41143,3065668.288,87.65305796,8060652.571,92.61801791
6Aug2018a,6.2,37.13483472,0.000943,2.59E-06,1.58E-09,10,g10000,6.82,g682,2987763.58,85.42562001,8015452.606,92.09866404,0.000942843,75758.94839,91.37318126,75345.87523,2987763.58,85.42562001,8015452.606,92.09866404
6Aug2018a,6,59.9627037,0.000943,2.59E-06,1.58E-09,0.001,a1,0,zero,6518706.47,100,15597622.88,100,0.000942802,135869.1218,100,134770.7767,6518706.47,100,15597622.88,100
6Aug2018a,6,59.9627037,0.000943,2.59E-06,1.58E-09,0.001,a1,3.83,f383,5966601.289,91.53044882,10301309.97,66.04410205,0.000943149,136175.3027,100.2253498,53944.07102,3333458.051,51.13680246,14732712.66,94.45485874
6Aug2018a,6,59.9627037,0.000943,2.59E-06,1.58E-09,0.001,a1,0.12,a12,6139408.209,94.18138763,15617390.99,100.126738,0.000942915,136113.7208,100.1800255,137395.8658,6139408.209,94.18138763,15617390.99,100.126738
6Aug2018a,6,59.9627037,0.000943,2.59E-06,1.58E-09,0.001,a1,0.38,b38,5878626.278,90.18087108,15367358.83,98.52372347,0.000942897,136288.3805,100.3085754,143792.6405,7213773.08,110.6626462,15621269.23,100.1516023
6Aug2018a,6,59.9627037,0.000943,2.59E-06,1.58E-09,0.001,a1,1.21,c121,7898131.873,121.1610296,14254579.34,91.3894345,0.00094316,136857.2438,100.7272601,95259.45857,6344247.775,97.3237222,15998030.96,102.5671096
6Aug2018a,6,59.9627037,0.000943,2.59E-06,1.58E-09,0.001,a1,2.16,d216,7264503.546,111.4408753,12408203.94,79.55189096,0.000942987,137523.1578,101.2173745,71215.27979,4969378.057,76.23257896,15505396.93,99.40871793
6Aug2018a,6,59.9627037,0.000943,2.59E-06,1.58E-09,0.001,a1,2.88,e288,6508006.778,99.83586174,11562079.24,74.12718801,0.000943001,137637.2998,101.3013833,63029.65825,4215409.804,64.66635403,15264240.64,97.8626087
6Aug2018a,6,59.9627037,0.000943,2.59E-06,1.58E-09,0.001,a1,6.82,g682,5421195.598,83.16367094,9469443.093,60.71080938,0.000942846,138226.9999,101.735404,48219.67987,3234368.806,49.6167272,14490022.19,92.89891353
6Aug2018a,6,59.9627037,0.000943,2.59E-06,1.58E-09,0.01,b10,3.83,f383,5738301.007,88.02821593,11053292.49,70.86523743,0.000943133,137883.782,101.4827948,61940.4535,3488078.192,53.5087476,15089634.12,96.74316553
6Aug2018a,6,59.9627037,0.000943,2.59E-06,1.58E-09,0.1,c100,3.83,f383,5412176.58,83.025315,13588973.27,87.12207863,0.000943091,137983.3203,101.5560552,105732.3714,4845766.094,74.33631375,15555074.41,99.72721185
6Aug2018a,6,59.9627037,0.000943,2.59E-06,1.58E-09,0.316,d316,3.83,f383,6052419.923,92.84694673,15431959.74,98.93789496,0.000943059,137976.9927,101.551398,130625.972,5909655.969,90.65688103,15777689.58,101.1544497
6Aug2018a,6,59.9627037,0.000943,2.59E-06,1.58E-09,1,e1000,3.83,f383,6207090.69,95.21966849,15744294.28,100.9403446,0.000943067,137890.6037,101.4878155,136197.5381,6207090.69,95.21966849,15744294.28,100.9403446
6Aug2018a,6,59.9627037,0.000943,2.59E-06,1.58E-09,3.162,f3162,3.83,f383,6397930.201,98.14723567,15786253.81,101.2093569,0.000942857,137456.6525,101.1684264,136808.7807,6397930.201,98.14723567,15786253.81,101.2093569
6Aug2018a,6,59.9627037,0.000943,2.59E-06,1.58E-09,10,g10000,3.83,f383,6386304.19,97.96888723,15741979.98,100.925507,0.000942862,137302.9032,101.0552666,136396.5726,6386304.19,97.96888723,15741979.98,100.925507
6Aug2018a,6,59.9627037,0.000943,2.59E-06,1.58E-09,0.01,b10,0.12,a12,6201174.033,95.1289042,15845553.3,101.5895398,0.000943141,137345.9537,101.0869518,137175.1996,6201174.033,95.1289042,15845553.3,101.5895398
6Aug2018a,6,59.9627037,0.000943,2.59E-06,1.58E-09,0.01,b10,0.38,b38,7060908.49,108.3176321,15513511.61,99.46074304,0.000943046,137430.1924,101.1489517,128006.7906,6605168.946,101.3263747,15776795.62,101.1487182
6Aug2018a,6,59.9627037,0.000943,2.59E-06,1.58E-09,0.01,b10,1.21,c121,7200392.438,110.4573809,14495437.03,92.93362932,0.000943059,137240.0524,101.0090082,99628.90754,5835471.561,89.51885758,16000972.98,102.5859717
6Aug2018a,6,59.9627037,0.000943,2.59E-06,1.58E-09,0.01,b10,2.16,d216,6573912.1,100.8468801,12760894.78,81.8130742,0.000943092,136911.5413,100.7672233,76022.88919,4519074.032,69.32470502,15515363.39,99.47261524
6Aug2018a,6,59.9627037,0.000943,2.59E-06,1.58E-09,0.01,b10,2.88,e288,6131553.084,94.06088634,11942028.66,76.56313242,0.000942994,137004.4936,100.8356364,68614.65114,4072032.712,62.46688252,15281175.96,97.97118496
6Aug2018a,6,59.9627037,0.000943,2.59E-06,1.58E-09,0.01,b10,6.82,g682,4888629.348,74.99385607,9903017.915,63.49055874,0.000943187,137137.3337,100.933407,54715.17697,3080058.544,47.24953575,14554866.71,93.31464688
6Aug2018a,6,59.9627037,0.000943,2.59E-06,1.58E-09,0.1,c100,0.12,a12,6147998.511,94.31316687,15753374.39,100.9985593,0.000942761,136517.7374,100.4773827,136112.6667,6147998.511,94.31316687,15753374.39,100.9985593
6Aug2018a,6,59.9627037,0.000943,2.59E-06,1.58E-09,0.1,c100,0.38,b38,6075042.18,93.19398271,15563911.01,99.78386538,0.000942909,136541.9709,100.4952186,134109.6614,6012520.426,92.23486981,15603939.01,100.0404942
6Aug2018a,6,59.9627037,0.000943,2.59E-06,1.58E-09,0.1,c100,1.21,c121,6077493.834,93.23159222,15342283.57,98.36296008,0.000942854,136325.4138,100.335832,127600.7371,5876341.914,90.14582788,15817375.66,101.4088864
6Aug2018a,6,59.9627037,0.000943,2.59E-06,1.58E-09,0.1,c100,2.16,d216,5693408.541,87.33954455,14419405.07,92.44617067,0.000943092,136143.2044,100.2017254,115708.4808,5262980.904,80.73658369,15512104.69,99.45172294
6Aug2018a,6,59.9627037,0.000943,2.59E-06,1.58E-09,0.1,c100,2.88,e288,5431960.185,83.32880472,13997997.91,89.74443106,0.000943036,136028.7203,100.1174649,110439.1372,4948460.788,75.91169829,15484430.75,99.27429887
6Aug2018a,6,59.9627037,0.000943,2.59E-06,1.58E-09,0.1,c100,6.82,g682,4872481.515,74.74614079,12649383.96,81.0981523,0.000943023,135754.4607,99.91560917,96294.79584,4259310.027,65.33980395,15102799.3,96.82757059
6Aug2018a,6,59.9627037,0.000943,2.59E-06,1.58E-09,0.316,d316,0.12,a12,5986826.586,91.84071432,15694169.78,100.6189847,0.000942764,135326.2384,99.60043651,135483.1428,5986826.586,91.84071432,15694169.78,100.6189847
6Aug2018a,6,59.9627037,0.000943,2.59E-06,1.58E-09,0.316,d316,0.38,b38,6138659.46,94.16990147,15533854.6,99.59116669,0.000942654,135030.8175,99.38300603,133980.3614,6138659.46,94.16990147,15533854.6,99.59116669
6Aug2018a,6,59.9627037,0.000943,2.59E-06,1.58E-09,0.316,d316,1.21,c121,6029273.408,92.49186837,15565820.51,99.79610759,0.000942921,134405.5803,98.92282992,133016.2738,5982490.211,91.7741923,15602312.74,100.0300678
6Aug2018a,6,59.9627037,0.000943,2.59E-06,1.58E-09,0.316,d316,2.16,d216,5827195.339,89.39189647,15258963.02,97.82877264,0.000943136,134346.5989,98.87941949,129655.9401,5743995.41,88.11557073,15427835.96,98.91145643
6Aug2018a,6,59.9627037,0.000943,2.59E-06,1.58E-09,0.316,d316,2.88,e288,5778730.577,88.64842441,15203261.35,97.47165619,0.000943098,134306.354,98.84979916,128811.3131,5688460.905,87.2636455,15453861.97,99.07831525
6Aug2018a,6,59.9627037,0.000943,2.59E-06,1.58E-09,0.316,d316,6.82,g682,5534806.51,84.90651535,14822344.18,95.02950738,0.000943077,134264.4421,98.8189519,125437.6061,5334493.95,81.83362719,15290846.72,98.03318645
6Aug2018a,6,59.9627037,0.000943,2.59E-06,1.58E-09,1,e1000,0.12,a12,5926846.716,90.92059512,15364845.61,98.50761064,0.000942999,133924.7037,98.56890363,133707.0191,5926846.716,90.92059512,15364845.61,98.50761064
6Aug2018a,6,59.9627037,0.000943,2.59E-06,1.58E-09,1,e1000,0.38,b38,5938487.332,91.09916759,15169981.89,97.25829383,0.000943004,133257.4795,98.07782501,132109.2822,5938487.332,91.09916759,15169981.89,97.25829383
6Aug2018a,6,59.9627037,0.000943,2.59E-06,1.58E-09,1,e1000,1.21,c121,5914298.436,90.72809864,15270672.45,97.90384452,0.000942919,133377.1793,98.16592431,132513.115,5914298.436,90.72809864,15270672.45,97.90384452
6Aug2018a,6,59.9627037,0.000943,2.59E-06,1.58E-09,1,e1000,2.16,d216,5850074.021,89.74286614,15147631.54,97.11500052,0.000943107,133131.8333,97.98534906,130886.5204,5850074.021,89.74286614,15147631.54,97.11500052
6Aug2018a,6,59.9627037,0.000943,2.59E-06,1.58E-09,1,e1000,2.88,e288,5761172.709,88.37907851,15215158.84,97.54793378,0.000943064,132883.594,97.80264436,131468.1516,5761172.709,88.37907851,15215158.84,97.54793378
6Aug2018a,6,59.9627037,0.000943,2.59E-06,1.58E-09,1,e1000,6.82,g682,5846260.571,89.68436603,15251007.19,97.77776595,0.000943042,132574.685,97.57528662,131822.1318,5846260.571,89.68436603,15251007.19,97.77776595
6Aug2018a,6,59.9627037,0.000943,2.59E-06,1.58E-09,3.162,f3162,0.12,a12,5977835.173,91.70278184,15241102.6,97.71426531,0.000942995,131706.1305,96.93602838,131682.9436,5977835.173,91.70278184,15241102.6,97.71426531
6Aug2018a,6,59.9627037,0.000943,2.59E-06,1.58E-09,3.162,f3162,0.38,b38,6005596.395,92.12865195,15145461.78,97.10108968,0.000942776,132036.0215,97.178829,131312.6292,6005596.395,92.12865195,15145461.78,97.10108968
6Aug2018a,6,59.9627037,0.000943,2.59E-06,1.58E-09,3.162,f3162,1.21,c121,5963307.794,91.47992506,15188179.45,97.37496266,0.000943068,131585.33,96.84711894,131918.115,5963307.794,91.47992506,15188179.45,97.37496266
6Aug2018a,6,59.9627037,0.000943,2.59E-06,1.58E-09,3.162,f3162,2.16,d216,5916243.474,90.75793643,15062565.88,96.56962471,0.000943045,131240.932,96.59364117,130792.4231,5916243.474,90.75793643,15062565.88,96.56962471
6Aug2018a,6,59.9627037,0.000943,2.59E-06,1.58E-09,3.162,f3162,2.88,e288,5921121.132,90.83276199,15092624.86,96.76233987,0.000943036,131373.8389,96.691461,131110.1839,5921121.132,90.83276199,15092624.86,96.76233987
6Aug2018a,6,59.9627037,0.000943,2.59E-06,1.58E-09,3.162,f3162,6.82,g682,5871483.141,90.07129202,14990198.57,96.10566104,0.000942986,130784.6162,96.25779169,130737.367,5871483.141,90.07129202,14990198.57,96.10566104
6Aug2018a,6,59.9627037,0.000943,2.59E-06,1.58E-09,10,g10000,0.12,a12,5849291.507,89.73086201,15063514.83,96.57570866,0.000943015,130660.4549,96.16640864,130215.9418,5849291.507,89.73086201,15063514.83,96.57570866
6Aug2018a,6,59.9627037,0.000943,2.59E-06,1.58E-09,10,g10000,0.38,b38,5760083.011,88.36236203,14908072.27,95.57913013,0.000943048,129974.1882,95.6613147,128877.4889,5760083.011,88.36236203,14908072.27,95.57913013
6Aug2018a,6,59.9627037,0.000943,2.59E-06,1.58E-09,10,g10000,1.21,c121,5793532.434,88.8754918,15063110.52,96.57311657,0.000943127,130076.8399,95.7368666,130116.0957,5793532.434,88.8754918,15063110.52,96.57311657
6Aug2018a,6,59.9627037,0.000943,2.59E-06,1.58E-09,10,g10000,2.16,d216,5874474.123,90.1171751,14882627.66,95.41599881,0.000942867,129583.6316,95.3738641,128561.6225,5874474.123,90.1171751,14882627.66,95.41599881
6Aug2018a,6,59.9627037,0.000943,2.59E-06,1.58E-09,10,g10000,2.88,e288,5844137.496,89.65179707,14936810.75,95.76337922,0.000943057,129446.5702,95.27298661,128706.7971,5844137.496,89.65179707,14936810.75,95.76337922
6Aug2018a,6,59.9627037,0.000943,2.59E-06,1.58E-09,10,g10000,6.82,g682,5717057.572,87.70233173,14796140.86,94.86151175,0.000943178,129422.6591,95.25538796,128017.6604,5717057.572,87.70233173,14796140.86,94.86151175
6Aug2018b,9,0.633303227,0.001011,2.60E-06,2.82E-09,0.001,a1,3.83,f383,197784.9537,96.11573497,579100.3475,97.89575319,0.001011091,4385.395384,111.819036,3538.683154,174888.1343,84.98877827,625941.3619,105.8141328
6Aug2018b,9,0.633303227,0.001011,2.60E-06,2.82E-09,0.001,a1,0.12,a12,210251.2079,102.1738459,647077.8913,109.3872207,0.001011212,4214.188982,107.4536064,4288.506807,228410.027,110.9983202,646344.6599,109.2632694
6Aug2018b,9,0.633303227,0.001011,2.60E-06,2.82E-09,0.001,a1,0.38,b38,180222.5956,87.58111733,630664.6791,106.6126001,0.001010762,4240.997992,108.1371839,4591.929533,206356.3411,100.2810933,631635.2211,106.7766683
6Aug2018b,9,0.633303227,0.001011,2.60E-06,2.82E-09,0.001,a1,1.21,c121,229165.5729,111.3654859,619078.2805,104.6539427,0.001011118,4187.689534,106.7779221,3905.326694,230306.3353,111.9198517,636789.6153,107.6480083
6Aug2018b,9,0.633303227,0.001011,2.60E-06,2.82E-09,0.001,a1,2.16,d216,201685.4673,98.01123171,577044.0766,97.54814472,0.001010778,4088.418006,104.2466916,3617.910217,218351.8633,106.1104469,608300.0804,102.8319095
6Aug2018b,9,0.633303227,0.001011,2.60E-06,2.82E-09,0.001,a1,2.88,e288,192307.4993,93.45390686,564217.105,95.37977088,0.001010951,4059.235601,103.5025971,3472.362199,205826.4912,100.023607,601253.8555,101.6407593
6Aug2018b,9,0.633303227,0.001011,2.60E-06,2.82E-09,0.001,a1,6.82,g682,184574.3433,89.69589614,485353.575,82.04804918,0.00101104,3924.277102,100.0614184,2746.699675,142573.2534,69.28501276,546708.9126,92.42004604
6Aug2018b,9,0.633303227,0.001011,2.60E-06,2.82E-09,0.001,a1,0,zero,205777.9132,100,591547.9769,100,0.001011063,3921.868353,100,3845.426192,205777.9132,100,591547.9769,100
6Aug2018b,9,0.633303227,0.001011,2.60E-06,2.82E-09,0.01,b10,3.83,f383,186980.4475,90.86516848,531380.0283,89.82872887,0.001011112,3956.754535,100.8895297,3042.99985,166076.3525,80.70659768,574443.3606,97.1084989
6Aug2018b,9,0.633303227,0.001011,2.60E-06,2.82E-09,0.1,c100,3.83,f383,186976.898,90.86344358,573795.1508,96.99892032,0.001010956,4162.664779,106.1398396,3705.2042,168529.3798,81.89867281,596231.1359,100.7916786
6Aug2018b,9,0.633303227,0.001011,2.60E-06,2.82E-09,0.316,d316,3.83,f383,178949.0157,86.96220743,580436.5806,98.12164072,0.001011144,4053.319452,103.3517469,3909.834491,162472.8097,78.95541713,590073.3522,99.75071766
6Aug2018b,9,0.633303227,0.001011,2.60E-06,2.82E-09,1,e1000,3.83,f383,182218.9275,88.55125638,586808.9022,99.19886891,0.001011084,4004.472608,102.1062475,3951.035503,182218.9275,88.55125638,586808.9022,99.19886891
6Aug2018b,9,0.633303227,0.001011,2.60E-06,2.82E-09,3.162,f3162,3.83,f383,174011.8698,84.56294806,584450.9429,98.80026062,0.001011097,3901.079985,99.46993715,3947.758305,174011.8698,84.56294806,584450.9429,98.80026062
6Aug2018b,9,0.633303227,0.001011,2.60E-06,2.82E-09,10,g10000,3.83,f383,199609.8685,97.00257207,598704.1344,101.2097341,0.001011006,3953.90649,100.8169101,3953.63866,199609.8685,97.00257207,598704.1344,101.2097341
6Aug2018b,9,0.633303227,0.001011,2.60E-06,2.82E-09,0.01,b10,0.12,a12,184139.1447,89.48440669,599154.8012,101.2859184,0.001011076,3911.231444,99.72877956,3984.27858,181334.6875,88.12155042,598350.0735,101.1498808
6Aug2018b,9,0.633303227,0.001011,2.60E-06,2.82E-09,0.01,b10,0.38,b38,209848.759,101.9782715,596662.6736,100.8646292,0.001010905,4058.545591,103.4850032,3965.004996,196813.4589,95.64362663,598047.8361,101.0987882
6Aug2018b,9,0.633303227,0.001011,2.60E-06,2.82E-09,0.01,b10,1.21,c121,217316.0315,105.6070733,578357.6607,97.77020347,0.001010963,3848.570873,98.1310571,3470.820978,203296.7394,98.7942468,593610.5593,100.3486754
6Aug2018b,9,0.633303227,0.001011,2.60E-06,2.82E-09,0.01,b10,2.16,d216,214799.3246,104.3840523,549204.1008,92.8418526,0.001011063,3863.982918,98.52403422,3214.047361,180329.4029,87.6330215,577981.3021,97.70658082
6Aug2018b,9,0.633303227,0.001011,2.60E-06,2.82E-09,0.01,b10,2.88,e288,221293.1305,107.5397875,544136.9723,91.98526469,0.001010893,3877.713118,98.87412758,3051.243821,210602.832,102.3447214,579146.1092,97.90348911
6Aug2018b,9,0.633303227,0.001011,2.60E-06,2.82E-09,0.01,b10,6.82,g682,176647.0867,85.84356019,493670.5055,83.45400961,0.001010975,3955.899572,100.8677298,2799.093058,145457.0185,70.68640954,550419.3063,93.04728067
6Aug2018b,9,0.633303227,0.001011,2.60E-06,2.82E-09,0.1,c100,0.12,a12,177909.4274,86.45700829,589245.196,99.6107195,0.001011155,3829.428015,97.64295154,3915.883751,182570.0379,88.72188229,589127.2566,99.59078208
6Aug2018b,9,0.633303227,0.001011,2.60E-06,2.82E-09,0.1,c100,0.38,b38,196085.5889,95.28991031,587149.4364,99.25643555,0.001010988,3968.789047,101.1963863,3911.448327,196085.5889,95.28991031,587149.4364,99.25643555
6Aug2018b,9,0.633303227,0.001011,2.60E-06,2.82E-09,0.1,c100,1.21,c121,183920.2413,89.37802824,584857.3588,98.86896441,0.001010979,3889.017375,99.1623641,3781.742261,181582.1741,88.2418192,591756.3971,100.035233
6Aug2018b,9,0.633303227,0.001011,2.60E-06,2.82E-09,0.1,c100,2.16,d216,185306.8838,90.05188211,564705.7234,95.46237084,0.001011064,3900.520619,99.45567438,3627.625258,186685.1932,90.72168645,578516.0101,97.79697213
6Aug2018b,9,0.633303227,0.001011,2.60E-06,2.82E-09,0.1,c100,2.88,e288,186257.3751,90.51378364,559427.0208,94.57001674,0.001011053,3864.040066,98.52549139,3571.859887,190608.3359,92.62818005,575827.7381,97.34252514
6Aug2018b,9,0.633303227,0.001011,2.60E-06,2.82E-09,0.1,c100,6.82,g682,175391.7318,85.23350691,516792.1443,87.3626763,0.001010925,3859.473104,98.40904276,3284.800154,166592.4575,80.95740447,551459.4152,93.22310899
6Aug2018b,9,0.633303227,0.001011,2.60E-06,2.82E-09,0.316,d316,0.12,a12,205376.9296,99.80513769,594265.8728,100.4594549,0.001011051,3916.816735,99.87119358,3869.111408,205376.9296,99.80513769,594265.8728,100.4594549
6Aug2018b,9,0.633303227,0.001011,2.60E-06,2.82E-09,0.316,d316,0.38,b38,186021.033,90.39893064,575809.9255,97.33951395,0.00101095,3849.525841,98.15540693,3846.677251,186021.033,90.39893064,575809.9255,97.33951395
6Aug2018b,9,0.633303227,0.001011,2.60E-06,2.82E-09,0.316,d316,1.21,c121,191330.7719,92.97925563,582310.754,98.43846598,0.001010873,3819.24606,97.38333152,3812.474957,191330.7719,92.97925563,582310.754,98.43846598
6Aug2018b,9,0.633303227,0.001011,2.60E-06,2.82E-09,0.316,d316,2.16,d216,200234.5437,97.30613974,557928.9045,94.31676318,0.001010796,3714.588994,94.71478031,3592.351162,210372.2198,102.232653,563310.1018,95.22644381
6Aug2018b,9,0.633303227,0.001011,2.60E-06,2.82E-09,0.316,d316,2.88,e288,190002.2439,92.33364307,557761.7289,94.28850248,0.001011044,3724.00247,94.95480558,3590.662155,189931.9957,92.29950521,563922.0739,95.32989645
6Aug2018b,9,0.633303227,0.001011,2.60E-06,2.82E-09,0.316,d316,6.82,g682,171405.8882,83.29654312,538110.8531,90.96656131,0.001011002,3832.033518,97.70938679,3577.219066,171823.4522,83.49946285,556965.5234,94.15390553
6Aug2018b,9,0.633303227,0.001011,2.60E-06,2.82E-09,1,e1000,0.12,a12,182261.4856,88.57193796,583742.8472,98.68055846,0.00101112,3796.133416,96.79400416,3816.642162,182261.4856,88.57193796,583742.8472,98.68055846
6Aug2018b,9,0.633303227,0.001011,2.60E-06,2.82E-09,1,e1000,0.38,b38,179602.3021,87.27967904,570782.3855,96.48961838,0.001010999,3768.574302,96.09130044,3798.393023,179602.3021,87.27967904,570782.3855,96.48961838
6Aug2018b,9,0.633303227,0.001011,2.60E-06,2.82E-09,1,e1000,1.21,c121,198414.3089,96.42157695,585361.0195,98.95410725,0.00101093,3819.942886,97.40109924,3836.316854,198414.3089,96.42157695,585361.0195,98.95410725
6Aug2018b,9,0.633303227,0.001011,2.60E-06,2.82E-09,1,e1000,2.16,d216,181966.2876,88.42848333,563737.2931,95.29865964,0.001010992,3721.414652,94.88882127,3684.375033,181966.2876,88.42848333,563737.2931,95.29865964
6Aug2018b,9,0.633303227,0.001011,2.60E-06,2.82E-09,1,e1000,2.88,e288,167287.737,81.29528306,562147.7904,95.0299574,0.001011005,3661.819702,93.3692662,3706.056683,167287.737,81.29528306,562147.7904,95.0299574
6Aug2018b,9,0.633303227,0.001011,2.60E-06,2.82E-09,1,e1000,6.82,g682,194029.7163,94.29083683,556969.8553,94.15463784,0.001011018,3811.322653,97.18130008,3633.584268,187161.8074,90.95330228,563928.6435,95.33100704
6Aug2018b,9,0.633303227,0.001011,2.60E-06,2.82E-09,3.162,f3162,0.12,a12,196869.0602,95.67064665,580519.4976,98.13565768,0.001010948,3728.904705,95.07980303,3750.175879,196869.0602,95.67064665,580519.4976,98.13565768
6Aug2018b,9,0.633303227,0.001011,2.60E-06,2.82E-09,3.162,f3162,0.38,b38,175846.1361,85.45432957,575011.9369,97.20461558,0.001010915,3817.84753,97.34767174,3840.626139,175846.1361,85.45432957,575011.9369,97.20461558
6Aug2018b,9,0.633303227,0.001011,2.60E-06,2.82E-09,3.162,f3162,1.21,c121,184195.4069,89.51174793,578059.5925,97.71981564,0.001010995,3709.714211,94.59048284,3773.034406,184195.4069,89.51174793,578059.5925,97.71981564
6Aug2018b,9,0.633303227,0.001011,2.60E-06,2.82E-09,3.162,f3162,2.16,d216,187286.0682,91.01368816,565411.1306,95.58161851,0.001011078,3716.364431,94.76005049,3718.082246,187286.0682,91.01368816,565411.1306,95.58161851
6Aug2018b,9,0.633303227,0.001011,2.60E-06,2.82E-09,3.162,f3162,2.88,e288,185630.0417,90.2089242,574502.0292,97.1184167,0.001010907,3753.113496,95.69708003,3771.620602,185630.0417,90.2089242,574502.0292,97.1184167
6Aug2018b,9,0.633303227,0.001011,2.60E-06,2.82E-09,3.162,f3162,6.82,g682,185133.5303,89.9676391,565860.5148,95.657586,0.001010877,3761.839317,95.91957145,3734.457529,185133.5303,89.9676391,565860.5148,95.657586
6Aug2018b,9,0.633303227,0.001011,2.60E-06,2.82E-09,10,g10000,0.12,a12,192969.2614,93.77549732,578340.1152,97.76723745,0.001011065,3623.799159,92.39981644,3689.957153,192969.2614,93.77549732,578340.1152,97.76723745
6Aug2018b,9,0.633303227,0.001011,2.60E-06,2.82E-09,10,g10000,0.38,b38,195744.8614,95.1243301,573662.489,96.97649412,0.001010873,3704.822907,94.46576412,3776.212842,195744.8614,95.1243301,573662.489,96.97649412
6Aug2018b,9,0.633303227,0.001011,2.60E-06,2.82E-09,10,g10000,1.21,c121,194410.7223,94.47599082,594042.6163,100.4217138,0.001010853,3830.477054,97.66969998,3902.596091,194410.7223,94.47599082,594042.6163,100.4217138
6Aug2018b,9,0.633303227,0.001011,2.60E-06,2.82E-09,10,g10000,2.16,d216,194014.5722,94.28347739,575254.5878,97.24563523,0.001011,3736.951176,95.28497237,3780.384739,194014.5722,94.28347739,575254.5878,97.24563523
6Aug2018b,9,0.633303227,0.001011,2.60E-06,2.82E-09,10,g10000,2.88,e288,184064.3334,89.44805131,573836.6962,97.00594349,0.00101091,3655.168842,93.19968222,3721.351299,184064.3334,89.44805131,573836.6962,97.00594349
6Aug2018b,9,0.633303227,0.001011,2.60E-06,2.82E-09,10,g10000,6.82,g682,181586.6897,88.2440136,571212.1274,96.5622654,0.001010883,3666.594085,93.49100366,3754.240564,181586.6897,88.2440136,571212.1274,96.5622654
6Aug2018b,9,0.633303227,0.001011,2.60E-06,2.82E-09,0.001,a1,3.83,f383,170967.4579,83.08348317,502557.0622,84.95626422,0.00101094,3668.799943,93.54724874,2967.388184,147484.0999,71.67149168,549398.0766,92.87464383
6Aug2018b,9,0.633303227,0.001011,2.60E-06,2.82E-09,0.001,a1,0.12,a12,178395.0316,86.69299287,580863.2719,98.19377203,0.001011166,3724.161619,94.95886359,3844.810791,196579.2718,95.52982086,580130.0405,98.06982072
6Aug2018b,9,0.633303227,0.001011,2.60E-06,2.82E-09,0.001,a1,0.38,b38,170179.3294,82.70048361,560536.9207,94.75764309,0.001010791,3655.942064,93.21939787,3969.156058,196532.0114,95.50685415,561507.4626,94.92171126
6Aug2018b,9,0.633303227,0.001011,2.60E-06,2.82E-09,0.001,a1,1.21,c121,204545.183,99.40094144,569847.8318,96.33163395,0.001011086,3782.031738,96.43443883,3550.974305,205695.7879,99.96009034,587559.1665,99.3256996
6Aug2018b,9,0.633303227,0.001011,2.60E-06,2.82E-09,0.001,a1,2.16,d216,189289.7252,91.98738693,524357.6329,88.641607,0.001010865,3621.863201,92.35045329,3201.659652,206787.2848,100.490515,555613.6367,93.9253718
6Aug2018b,9,0.633303227,0.001011,2.60E-06,2.82E-09,0.001,a1,2.88,e288,206480.3861,100.3413743,521791.9371,88.20788127,0.001011093,3665.018201,93.45082169,3020.726617,219907.5638,106.8664564,558828.6876,94.46886972
6Aug2018b,9,0.633303227,0.001011,2.60E-06,2.82E-09,0.001,a1,6.82,g682,202693.8526,98.50126746,453422.0101,76.65008212,0.00101098,3518.802355,89.72260257,2347.953602,161478.6984,78.47231802,514777.3476,87.02207898
6Aug2018b,9,0.633303227,0.001011,2.60E-06,2.82E-09,0.01,b10,3.83,f383,176670.8886,85.85512694,502951.391,85.02292471,0.001010972,3679.213221,93.81276703,2894.824445,156285.9021,75.94882253,546014.7233,92.30269474
6Aug2018b,9,0.633303227,0.001011,2.60E-06,2.82E-09,0.1,c100,3.83,f383,191644.3491,93.13164186,542382.6287,91.68869641,0.001011078,3859.152366,98.40086455,3485.496856,172730.8563,83.94042567,564818.6138,95.48145473
6Aug2018b,9,0.633303227,0.001011,2.60E-06,2.82E-09,0.316,d316,3.83,f383,163379.1177,79.39584728,533249.8939,90.14482591,0.001011066,3570.931944,91.05180548,3454.137709,147138.745,71.50366271,542886.6656,91.77390284
6Aug2018b,9,0.633303227,0.001011,2.60E-06,2.82E-09,1,e1000,3.83,f383,177108.4629,86.0677709,543146.7072,91.81786236,0.001010787,3589.757272,91.53181466,3523.017132,177108.4629,86.0677709,543146.7072,91.81786236
6Aug2018b,9,0.633303227,0.001011,2.60E-06,2.82E-09,3.162,f3162,3.83,f383,187225.1845,90.98410109,553067.4579,93.49494537,0.001010883,3599.546577,91.78142287,3591.645181,187225.1845,90.98410109,553067.4579,93.49494537
6Aug2018b,9,0.633303227,0.001011,2.60E-06,2.82E-09,10,g10000,3.83,f383,181468.4813,88.18656898,557196.1004,94.19288412,0.001011057,3554.744053,90.63904581,3574.686323,181468.4813,88.18656898,557196.1004,94.19288412
6Aug2018b,9,0.633303227,0.001011,2.60E-06,2.82E-09,0.01,b10,0.12,a12,175751.6743,85.40842483,584281.3259,98.7715872,0.001010906,3819.922678,97.40058398,3858.148206,173001.5693,84.07198159,583476.5982,98.6355496
6Aug2018b,9,0.633303227,0.001011,2.60E-06,2.82E-09,0.01,b10,0.38,b38,195796.2108,95.1492839,541474.0233,91.53509849,0.001011152,3486.181928,88.89084525,3387.116849,182843.7523,88.85489675,542859.1858,91.76925743
6Aug2018b,9,0.633303227,0.001011,2.60E-06,2.82E-09,0.01,b10,1.21,c121,217606.4458,105.7482032,551003.3882,93.14601854,0.001011091,3580.482633,91.29532943,3222.768225,203776.4376,99.02736131,566256.2868,95.72449048
6Aug2018b,9,0.633303227,0.001011,2.60E-06,2.82E-09,0.01,b10,2.16,d216,181562.5657,88.23229031,528832.2803,89.39803718,0.001010982,3664.09123,93.42718574,3099.3504,147438.4273,71.64929657,557609.4817,94.2627654
6Aug2018b,9,0.633303227,0.001011,2.60E-06,2.82E-09,0.01,b10,2.88,e288,213396.2421,103.7022093,521407.7182,88.14292984,0.001010969,3643.197725,92.89444206,2845.011337,203037.7887,98.6684069,556416.8551,94.06115426
6Aug2018b,9,0.633303227,0.001011,2.60E-06,2.82E-09,0.01,b10,6.82,g682,172544.5555,83.8498908,462637.9361,78.20801594,0.001010715,3548.846878,90.48867936,2508.311359,141896.2245,68.95600326,519386.7369,87.80128699
6Aug2018b,9,0.633303227,0.001011,2.60E-06,2.82E-09,0.1,c100,0.12,a12,198966.0279,96.68969076,577869.3035,97.68764768,0.00101086,3773.974203,96.22898739,3723.418353,203555.0476,98.91977445,577751.3641,97.66771026
6Aug2018b,9,0.633303227,0.001011,2.60E-06,2.82E-09,0.1,c100,0.38,b38,178157.8794,86.57774622,561082.6643,94.84989995,0.00101091,3721.614273,94.89391123,3698.366811,178157.8794,86.57774622,561082.6643,94.84989995
6Aug2018b,9,0.633303227,0.001011,2.60E-06,2.82E-09,0.1,c100,1.21,c121,193277.7751,93.92542287,563305.8795,95.22573003,0.001010997,3664.91072,93.44808112,3546.572899,190976.0357,92.80686773,570204.9178,96.39199863
6Aug2018b,9,0.633303227,0.001011,2.60E-06,2.82E-09,0.1,c100,2.16,d216,170603.8657,82.90679162,547757.4433,92.59729805,0.001011121,3743.516129,95.45236587,3520.184641,172004.8379,83.58760923,561567.73,94.93189934
6Aug2018b,9,0.633303227,0.001011,2.60E-06,2.82E-09,0.1,c100,2.88,e288,169673.3317,82.45458857,518002.8368,87.56734145,0.001011047,3399.13699,86.67136895,3169.248412,174096.585,84.60411633,534403.5541,90.33984984
6Aug2018b,9,0.633303227,0.001011,2.60E-06,2.82E-09,0.1,c100,6.82,g682,167397.9735,81.34885366,496992.0625,84.01551216,0.00101101,3602.001153,91.84400977,3122.301808,158248.6794,76.90265539,531659.3334,89.87594484
6Aug2018b,9,0.633303227,0.001011,2.60E-06,2.82E-09,0.316,d316,0.12,a12,179663.0186,87.30918484,560574.7958,94.7640458,0.001010951,3566.361777,90.93527513,3628.266836,179663.0186,87.30918484,560574.7958,94.7640458
6Aug2018b,9,0.633303227,0.001011,2.60E-06,2.82E-09,0.316,d316,0.38,b38,182782.1459,88.82495846,540407.7371,91.35484495,0.001011104,3475.326173,88.61404464,3466.396,182782.1459,88.82495846,540407.7371,91.35484495
6Aug2018b,9,0.633303227,0.001011,2.60E-06,2.82E-09,0.316,d316,1.21,c121,176314.6304,85.68199944,563081.3714,95.18777739,0.001011128,3613.227017,92.13024743,3628.012933,176314.6304,85.68199944,563081.3714,95.18777739
6Aug2018b,9,0.633303227,0.001011,2.60E-06,2.82E-09,0.316,d316,2.16,d216,177217.3927,86.12070655,543251.8599,91.83563821,0.001010897,3586.257104,91.4425672,3508.766052,187465.9936,91.10112486,548633.0573,92.74531884
6Aug2018b,9,0.633303227,0.001011,2.60E-06,2.82E-09,0.316,d316,2.88,e288,183989.9928,89.41192471,532746.4617,90.05972169,0.001011041,3453.671393,88.06188997,3291.518568,184046.4894,89.43937986,538906.8067,91.10111567
6Aug2018b,9,0.633303227,0.001011,2.60E-06,2.82E-09,0.316,d316,6.82,g682,162619.2907,79.02660115,516015.3527,87.23136124,0.001011017,3574.665923,91.14701469,3337.77463,163100.4092,79.26040589,534870.0229,90.41870546
6Aug2018b,9,0.633303227,0.001011,2.60E-06,2.82E-09,1,e1000,0.12,a12,200667.4071,97.51649438,565879.9014,95.66086327,0.001010861,3621.886969,92.35105931,3644.905168,200667.4071,97.51649438,565879.9014,95.66086327
6Aug2018b,9,0.633303227,0.001011,2.60E-06,2.82E-09,1,e1000,0.38,b38,176712.8687,85.87552762,540164.2891,91.31369055,0.001011116,3495.206353,89.12095049,3462.052786,176712.8687,85.87552762,540164.2891,91.31369055
6Aug2018b,9,0.633303227,0.001011,2.60E-06,2.82E-09,1,e1000,1.21,c121,188396.8338,91.55347671,555657.2302,93.9327412,0.001011153,3528.776196,89.97691608,3510.477629,188396.8338,91.55347671,555657.2302,93.9327412
6Aug2018b,9,0.633303227,0.001011,2.60E-06,2.82E-09,1,e1000,2.16,d216,185850.2673,90.31594521,558291.9065,94.37812794,0.001010924,3706.294706,94.50329212,3670.214412,185850.2673,90.31594521,558291.9065,94.37812794
6Aug2018b,9,0.633303227,0.001011,2.60E-06,2.82E-09,1,e1000,2.88,e288,170824.9296,83.01422003,550519.4396,93.064208,0.001011116,3572.835272,91.10033665,3610.576395,170824.9296,83.01422003,550519.4396,93.064208
6Aug2018b,9,0.633303227,0.001011,2.60E-06,2.82E-09,1,e1000,6.82,g682,170371.6263,82.79393237,538675.7052,91.06204842,0.001011137,3640.504416,92.82576794,3547.17508,163507.1443,79.45806318,545634.4934,92.23841762
6Aug2018b,9,0.633303227,0.001011,2.60E-06,2.82E-09,3.162,f3162,0.12,a12,188273.9274,91.49374901,560895.4833,94.81825738,0.001010764,3531.13266,90.0370013,3572.09936,188273.9274,91.49374901,560895.4833,94.81825738
6Aug2018b,9,0.633303227,0.001011,2.60E-06,2.82E-09,3.162,f3162,0.38,b38,165545.4575,80.44860352,560400.1649,94.7345248,0.001011085,3672.448812,93.64028777,3782.028181,165545.4575,80.44860352,560400.1649,94.7345248
6Aug2018b,9,0.633303227,0.001011,2.60E-06,2.82E-09,3.162,f3162,1.21,c121,186602.6772,90.6815869,562060.6137,95.01522034,0.001010952,3562.819335,90.84494977,3617.438948,186602.6772,90.6815869,562060.6137,95.01522034
6Aug2018b,9,0.633303227,0.001011,2.60E-06,2.82E-09,3.162,f3162,2.16,d216,173542.5746,84.33488898,540328.1516,91.34139118,0.001011061,3415.034953,87.07673604,3490.250077,173542.5746,84.33488898,540328.1516,91.34139118
6Aug2018b,9,0.633303227,0.001011,2.60E-06,2.82E-09,3.162,f3162,2.88,e288,192299.9091,93.45021831,545755.4569,92.25886627,0.001011058,3473.298307,88.562338,3425.144436,192299.9091,93.45021831,545755.4569,92.25886627
6Aug2018b,9,0.633303227,0.001011,2.60E-06,2.82E-09,3.162,f3162,6.82,g682,183438.4635,89.1439031,551691.8968,93.26240954,0.001010966,3604.564404,91.90936768,3579.49936,183438.4635,89.1439031,551691.8968,93.26240954
6Aug2018b,9,0.633303227,0.001011,2.60E-06,2.82E-09,10,g10000,0.12,a12,177989.9722,86.49614989,555141.4159,93.84554383,0.001011019,3406.530579,86.85989108,3508.658878,177989.9722,86.49614989,555141.4159,93.84554383
6Aug2018b,9,0.633303227,0.001011,2.60E-06,2.82E-09,10,g10000,0.38,b38,189943.2799,92.3049889,561197.3159,94.86928158,0.001010971,3623.559484,92.3937052,3610.522573,189943.2799,92.3049889,561197.3159,94.86928158
6Aug2018b,9,0.633303227,0.001011,2.60E-06,2.82E-09,10,g10000,1.21,c121,190707.9203,92.67657414,573633.2134,96.97154514,0.001011177,3637.265844,92.74319066,3700.441255,190707.9203,92.67657414,573633.2134,96.97154514
6Aug2018b,9,0.633303227,0.001011,2.60E-06,2.82E-09,10,g10000,2.16,d216,175075.0739,85.07962355,566926.5478,95.83779675,0.001011034,3693.080421,94.16635361,3771.834538,175075.0739,85.07962355,566926.5478,95.83779675
6Aug2018b,9,0.633303227,0.001011,2.60E-06,2.82E-09,10,g10000,2.88,e288,190807.4604,92.72494677,554098.7354,93.66928077,0.001010849,3454.577879,88.08500359,3528.047617,190807.4604,92.72494677,554098.7354,93.66928077
6Aug2018b,9,0.633303227,0.001011,2.60E-06,2.82E-09,10,g10000,6.82,g682,187213.2485,90.97830067,562552.5993,95.09838953,0.001010992,3611.512793,92.08653805,3658.583656,187213.2485,90.97830067,562552.5993,95.09838953
6Aug2018b,6.6,8.967155518,0.001011,2.60E-06,2.82E-09,0.001,a1,0,zero,255319.6946,100,708961.8795,100,0.001011048,5047.379781,100,4969.090856,255319.6946,100,708961.8795,100
6Aug2018b,6.6,8.967155518,0.001011,2.60E-06,2.82E-09,0.001,a1,3.83,f383,227346.8531,89.04399382,572939.2991,80.8138372,0.001010825,5103.678116,101.1153972,3220.789036,149090.7156,58.39373881,702405.105,99.07515839
6Aug2018b,6.6,8.967155518,0.001011,2.60E-06,2.82E-09,0.001,a1,0.12,a12,239338.8274,93.74084041,712345.9493,100.4773275,0.001011019,5051.503163,100.0816935,5126.366262,239338.8274,93.74084041,712345.9493,100.4773275
6Aug2018b,6.6,8.967155518,0.001011,2.60E-06,2.82E-09,0.001,a1,0.38,b38,224300.1963,87.85072246,697395.6372,98.3685664,0.001011088,5079.280055,100.6320165,5363.579509,249473.9328,97.71041485,698566.0149,98.5336497
6Aug2018b,6.6,8.967155518,0.001011,2.60E-06,2.82E-09,0.001,a1,1.21,c121,265051.1867,103.811493,723777.8987,102.0898189,0.001011069,5679.624914,112.5262049,4875.011521,241837.6122,94.71952901,775195.8285,109.3423851
6Aug2018b,6.6,8.967155518,0.001011,2.60E-06,2.82E-09,0.001,a1,2.16,d216,266996.2496,104.5733076,621030.4156,87.59715205,0.001011087,5137.594167,101.7873509,3677.759423,193900.8723,75.94434602,711072.527,100.2977096
6Aug2018b,6.6,8.967155518,0.001011,2.60E-06,2.82E-09,0.001,a1,2.88,e288,236025.9193,92.4432875,594742.4581,83.88920128,0.001011014,5073.13272,100.5102239,3383.716175,187975.7612,73.62368247,704991.0358,99.43990731
6Aug2018b,6.6,8.967155518,0.001011,2.60E-06,2.82E-09,0.001,a1,6.82,g682,214822.1539,84.13849714,527131.7241,74.35261886,0.001011083,5194.796555,102.9206595,2811.837121,171711.9244,67.25369332,674730.6365,95.17163842
6Aug2018b,6.6,8.967155518,0.001011,2.60E-06,2.82E-09,0.01,b10,3.83,f383,202613.4054,79.35674752,565067.3819,79.70349298,0.001010967,5048.910432,100.0303257,3101.854458,149043.3984,58.37520628,685830.7912,96.73732976
6Aug2018b,6.6,8.967155518,0.001011,2.60E-06,2.82E-09,0.1,c100,3.83,f383,201553.341,78.94155653,621925.7627,87.72344194,0.001011012,5120.236272,101.4434517,4056.25441,183919.3987,72.03494388,693522.1526,97.82220633
6Aug2018b,6.6,8.967155518,0.001011,2.60E-06,2.82E-09,0.316,d316,3.83,f383,214934.1401,84.18235829,665740.3774,93.90355062,0.001011038,5167.898771,102.3877535,4752.980218,198981.9139,77.93441638,695730.3668,98.13367784
6Aug2018b,6.6,8.967155518,0.001011,2.60E-06,2.82E-09,1,e1000,3.83,f383,244872.7363,95.90828342,688000.1842,97.04332548,0.001010935,5119.459681,101.4280657,4992.571974,242980.9519,95.16733613,694854.2178,98.01009587
6Aug2018b,6.6,8.967155518,0.001011,2.60E-06,2.82E-09,3.162,f3162,3.83,f383,235590.9247,92.27291497,699274.9711,98.63364891,0.001011079,5119.001269,101.4189835,5046.352561,235590.9247,92.27291497,699274.9711,98.63364891
6Aug2018b,6.6,8.967155518,0.001011,2.60E-06,2.82E-09,10,g10000,3.83,f383,242890.3779,95.13186138,701673.7954,98.97200621,0.001011047,5049.770849,100.0473725,5059.76065,242890.3779,95.13186138,701673.7954,98.97200621
6Aug2018b,6.6,8.967155518,0.001011,2.60E-06,2.82E-09,0.01,b10,0.12,a12,219429.7573,85.94313795,699670.1053,98.68938311,0.001010872,4977.862027,98.6226962,5094.184931,219429.7573,85.94313795,699670.1053,98.68938311
6Aug2018b,6.6,8.967155518,0.001011,2.60E-06,2.82E-09,0.01,b10,0.38,b38,271903.5653,106.4953355,683540.3008,96.41425308,0.001011017,4982.384094,98.71228857,4690.938876,238259.8372,93.31823681,684876.8509,96.60277523
6Aug2018b,6.6,8.967155518,0.001011,2.60E-06,2.82E-09,0.01,b10,1.21,c121,270127.3404,105.7996489,674564.697,95.14823244,0.001011158,5142.245066,101.8794957,4204.034228,249282.8064,97.6355572,720858.7879,101.6780745
6Aug2018b,6.6,8.967155518,0.001011,2.60E-06,2.82E-09,0.01,b10,2.16,d216,255273.4153,99.98187398,613213.2796,86.4945348,0.001011017,5055.593641,100.1627351,3460.444668,192438.3999,75.37154557,696086.4021,98.18389708
6Aug2018b,6.6,8.967155518,0.001011,2.60E-06,2.82E-09,0.01,b10,2.88,e288,246781.9969,96.65607554,606691.1515,85.57458012,0.001010784,5168.573777,102.401127,3336.230136,216076.6799,84.62985212,709832.0152,100.1227338
6Aug2018b,6.6,8.967155518,0.001011,2.60E-06,2.82E-09,0.01,b10,6.82,g682,220363.9438,86.30902687,528641.8143,74.56561906,0.001010861,5102.844588,101.0988832,2712.63272,178205.0283,69.79682027,667860.904,94.20265368
6Aug2018b,6.6,8.967155518,0.001011,2.60E-06,2.82E-09,0.1,c100,0.12,a12,234406.2985,91.80893739,700693.8996,98.83379063,0.001010852,5009.179197,99.2431601,5037.797199,234406.2985,91.80893739,700693.8996,98.83379063
6Aug2018b,6.6,8.967155518,0.001011,2.60E-06,2.82E-09,0.1,c100,0.38,b38,221926.9509,86.92120335,692884.6942,97.732292,0.001010919,5081.367866,100.6733808,5061.026059,221926.9509,86.92120335,692884.6942,97.732292
6Aug2018b,6.6,8.967155518,0.001011,2.60E-06,2.82E-09,0.1,c100,1.21,c121,234413.3781,91.81171022,690634.3047,97.41487161,0.001010992,5117.59615,101.391145,4761.784223,233594.9151,91.49114622,713793.4865,100.6815045
6Aug2018b,6.6,8.967155518,0.001011,2.60E-06,2.82E-09,0.1,c100,2.16,d216,214791.1589,84.12635745,655302.4117,92.43126191,0.001011071,5145.964251,101.9531812,4397.789817,179066.2518,70.13413205,700161.2311,98.75865705
6Aug2018b,6.6,8.967155518,0.001011,2.60E-06,2.82E-09,0.1,c100,2.88,e288,209179.1267,81.92831622,626951.8306,88.43237539,0.001011194,4937.331469,97.81969425,4065.513479,197106.4238,77.19985099,685406.7277,96.67751505
6Aug2018b,6.6,8.967155518,0.001011,2.60E-06,2.82E-09,0.1,c100,6.82,g682,205075.2809,80.32098003,573381.3303,80.87618628,0.001011045,4944.472347,97.96117117,3601.277989,193019.4694,75.59913062,661901.8308,93.3621186
6Aug2018b,6.6,8.967155518,0.001011,2.60E-06,2.82E-09,0.316,d316,0.12,a12,245961.6232,96.33476321,686350.5383,96.81064077,0.001011153,4820.567181,95.50632983,4792.782446,245961.6232,96.33476321,686350.5383,96.81064077
6Aug2018b,6.6,8.967155518,0.001011,2.60E-06,2.82E-09,0.316,d316,0.38,b38,233664.0824,91.51823668,700470.658,98.80230211,0.001011046,5159.653192,102.22439,5125.839442,233664.0824,91.51823668,700470.658,98.80230211
6Aug2018b,6.6,8.967155518,0.001011,2.60E-06,2.82E-09,0.316,d316,1.21,c121,240940.1409,94.36802017,699354.4501,98.64485953,0.001011079,5066.504184,100.3788977,4961.184634,246834.0484,96.67646235,704851.9066,99.42028296
6Aug2018b,6.6,8.967155518,0.001011,2.60E-06,2.82E-09,0.316,d316,2.16,d216,212096.1663,83.07082095,668309.1293,94.26587643,0.001011004,4989.412469,98.85153654,4762.801171,199847.2275,78.27333017,682896.932,96.32350508
6Aug2018b,6.6,8.967155518,0.001011,2.60E-06,2.82E-09,0.316,d316,2.88,e288,242239.9055,94.87709358,672029.1869,94.79059543,0.001011044,5042.180961,99.89699963,4649.474238,234701.2882,91.92447475,695353.4062,98.08050705
6Aug2018b,6.6,8.967155518,0.001011,2.60E-06,2.82E-09,0.316,d316,6.82,g682,204619.1262,80.14231983,617405.5777,87.08586394,0.001011094,4862.195835,96.33108754,4239.954492,203031.0213,79.5203134,661204.2427,93.26372289
6Aug2018b,6.6,8.967155518,0.001011,2.60E-06,2.82E-09,1,e1000,0.12,a12,210074.6575,82.27906502,710119.7246,100.1633156,0.001010987,5114.45233,101.3288588,5151.582218,210074.6575,82.27906502,710119.7246,100.1633156
6Aug2018b,6.6,8.967155518,0.001011,2.60E-06,2.82E-09,1,e1000,0.38,b38,221663.9629,86.81819994,697875.0586,98.43618942,0.001010802,5097.992731,101.0027569,5113.821534,221663.9629,86.81819994,697875.0586,98.43618942
6Aug2018b,6.6,8.967155518,0.001011,2.60E-06,2.82E-09,1,e1000,1.21,c121,215826.5168,84.53187175,695975.5759,98.1682649,0.001011068,4957.379647,98.21689396,5058.400146,215826.5168,84.53187175,695975.5759,98.1682649
6Aug2018b,6.6,8.967155518,0.001011,2.60E-06,2.82E-09,1,e1000,2.16,d216,218218.2239,85.46862169,679130.7144,95.79227516,0.001010815,4945.472531,97.98098708,4875.159295,218218.2239,85.46862169,679130.7144,95.79227516
6Aug2018b,6.6,8.967155518,0.001011,2.60E-06,2.82E-09,1,e1000,2.88,e288,234693.249,91.92132609,688912.9571,97.17207329,0.001010706,5038.503462,99.82414006,4918.768994,244317.9138,95.69097841,694505.6902,97.9609356
6Aug2018b,6.6,8.967155518,0.001011,2.60E-06,2.82E-09,1,e1000,6.82,g682,215440.0729,84.3805149,666635.5241,94.02981224,0.001010953,5007.555643,99.21099382,4829.218045,202841.8482,79.44622075,680758.1059,96.02182087
6Aug2018b,6.6,8.967155518,0.001011,2.60E-06,2.82E-09,3.162,f3162,0.12,a12,225060.4723,88.1484966,708911.5066,99.99289484,0.001011046,5074.956209,100.5463514,5127.455713,225060.4723,88.1484966,708911.5066,99.99289484
6Aug2018b,6.6,8.967155518,0.001011,2.60E-06,2.82E-09,3.162,f3162,0.38,b38,226690.7292,88.78701252,685233.3289,96.65305692,0.001010851,4934.873957,97.77100538,4931.155304,226690.7292,88.78701252,685233.3289,96.65305692
6Aug2018b,6.6,8.967155518,0.001011,2.60E-06,2.82E-09,3.162,f3162,1.21,c121,230228.9199,90.17280093,694821.5683,98.00549062,0.001011087,4911.720222,97.31227755,4956.496717,230228.9199,90.17280093,694821.5683,98.00549062
6Aug2018b,6.6,8.967155518,0.001011,2.60E-06,2.82E-09,3.162,f3162,2.16,d216,226123.838,88.56498063,677375.4687,95.54469546,0.001010995,4832.967621,95.75201056,4852.968581,226123.838,88.56498063,677375.4687,95.54469546
6Aug2018b,6.6,8.967155518,0.001011,2.60E-06,2.82E-09,3.162,f3162,2.88,e288,207395.7191,81.22981639,678379.2929,95.68628617,0.001011245,4801.33554,95.12530756,4864.803618,207395.7191,81.22981639,678379.2929,95.68628617
6Aug2018b,6.6,8.967155518,0.001011,2.60E-06,2.82E-09,3.162,f3162,6.82,g682,220135.5818,86.21958529,672852.3434,94.90670272,0.001011025,4853.94278,96.16757587,4849.88844,220135.5818,86.21958529,672852.3434,94.90670272
6Aug2018b,6.6,8.967155518,0.001011,2.60E-06,2.82E-09,10,g10000,0.12,a12,226689.602,88.78657103,707302.7531,99.76597806,0.001010693,4989.453562,98.85235071,5101.780898,226689.602,88.78657103,707302.7531,99.76597806
6Aug2018b,6.6,8.967155518,0.001011,2.60E-06,2.82E-09,10,g10000,0.38,b38,245678.3897,96.22383032,683955.269,96.47278489,0.00101099,4835.610088,95.80436381,4831.874719,245678.3897,96.22383032,683955.269,96.47278489
6Aug2018b,6.6,8.967155518,0.001011,2.60E-06,2.82E-09,10,g10000,1.21,c121,237651.4565,93.07995489,702275.7722,99.05691583,0.001010887,4927.071087,97.61641288,4969.342669,237651.4565,93.07995489,702275.7722,99.05691583
6Aug2018b,6.6,8.967155518,0.001011,2.60E-06,2.82E-09,10,g10000,2.16,d216,228259.4798,89.40143853,688199.7628,97.07147629,0.001010895,4901.524728,97.11028178,4960.478292,228259.4798,89.40143853,688199.7628,97.07147629
6Aug2018b,6.6,8.967155518,0.001011,2.60E-06,2.82E-09,10,g10000,2.88,e288,232731.3641,91.15292281,687155.6438,96.92420195,0.001010838,4838.598703,95.86357502,4885.532503,232731.3641,91.15292281,687155.6438,96.92420195
6Aug2018b,6.6,8.967155518,0.001011,2.60E-06,2.82E-09,10,g10000,6.82,g682,222885.2459,87.29653475,682967.724,96.33349038,0.001010914,4837.349491,95.83882531,4853.491411,222885.2459,87.29653475,682967.724,96.33349038
6Aug2018b,6.2,19.48662529,0.001011,2.60E-06,2.82E-09,0.001,a1,0,zero,451825.0914,100,1304198.36,100,0.001010985,11313.54742,100,11190.79988,451825.0914,100,1304198.36,100
6Aug2018b,6.2,19.48662529,0.001011,2.60E-06,2.82E-09,0.001,a1,3.83,f383,433596.1652,95.9654905,895324.0365,68.64937605,0.00101082,11341.55547,100.2475621,5042.682042,253780.0108,56.16775509,1298996.657,99.60115707
6Aug2018b,6.2,19.48662529,0.001011,2.60E-06,2.82E-09,0.001,a1,0.12,a12,407367.7233,90.16049154,1298953.739,99.59786633,0.00101101,11197.86046,98.97744752,11386.3245,407367.7233,90.16049154,1298953.739,99.59786633
6Aug2018b,6.2,19.48662529,0.001011,2.60E-06,2.82E-09,0.001,a1,0.38,b38,436359.1386,96.57700443,1271312.713,97.47847811,0.001011066,11170.98006,98.73985272,11470.36299,453096.5427,100.2814034,1293503.853,99.17999386
6Aug2018b,6.2,19.48662529,0.001011,2.60E-06,2.82E-09,0.001,a1,1.21,c121,539241.834,119.3474741,1186130.425,90.94708758,0.001010965,11306.27715,99.93573835,8401.646692,438034.2474,96.94774718,1341306.496,102.8452832
6Aug2018b,6.2,19.48662529,0.001011,2.60E-06,2.82E-09,0.001,a1,2.16,d216,507160.7692,112.2471458,1040444.556,79.77655764,0.001011125,11329.622,100.1420826,6531.910445,316963.3875,70.15178959,1309579.167,100.4125758
6Aug2018b,6.2,19.48662529,0.001011,2.60E-06,2.82E-09,0.001,a1,2.88,e288,426300.4604,94.35077169,971768.3028,74.5107748,0.00101099,11298.54937,99.8674328,5824.386972,373852.4481,82.74273723,1302503.389,99.87003731
6Aug2018b,6.2,19.48662529,0.001011,2.60E-06,2.82E-09,0.001,a1,6.82,g682,390565.9363,86.44184303,788307.9315,60.44386773,0.001011035,11386.65633,100.6462068,4048.575617,319647.8055,70.74591729,1228816.312,94.22004732
6Aug2018b,6.2,19.48662529,0.001011,2.60E-06,2.82E-09,0.01,b10,3.83,f383,383781.8272,84.94035292,910501.1288,69.81308648,0.001010966,11345.45998,100.2820739,5278.979493,246679.4107,54.59621775,1290181.733,98.92526882
6Aug2018b,6.2,19.48662529,0.001011,2.60E-06,2.82E-09,0.1,c100,3.83,f383,354635.9626,78.48965658,1052552.462,80.70493683,0.001010931,11258.76889,99.51581475,7946.272675,303591.284,67.19221436,1277991.86,97.99060477
6Aug2018b,6.2,19.48662529,0.001011,2.60E-06,2.82E-09,0.316,d316,3.83,f383,402148.3802,89.00532259,1204860.561,92.3832293,0.001011108,11382.18689,100.6067016,10150.29846,349529.4831,77.35946712,1290448.87,98.94575167
6Aug2018b,6.2,19.48662529,0.001011,2.60E-06,2.82E-09,1,e1000,3.83,f383,393276.8151,87.04182716,1265486.109,97.03172067,0.00101104,11213.58532,99.11643898,10999.20127,393276.8151,87.04182716,1265486.109,97.03172067
6Aug2018b,6.2,19.48662529,0.001011,2.60E-06,2.82E-09,3.162,f3162,3.83,f383,405186.3873,89.67770826,1296857.547,99.43713989,0.001011008,11273.46141,99.64568132,11305.97259,405186.3873,89.67770826,1296857.547,99.43713989
6Aug2018b,6.2,19.48662529,0.001011,2.60E-06,2.82E-09,10,g10000,3.83,f383,440141.94,97.41423139,1309797.358,100.4293057,0.001010808,11234.38968,99.30032788,11313.37058,440141.94,97.41423139,1309797.358,100.4293057
6Aug2018b,6.2,19.48662529,0.001011,2.60E-06,2.82E-09,0.01,b10,0.12,a12,466873.7591,103.3306401,1325318.1,101.6193656,0.001011052,11433.41144,101.0594734,11333.37663,466873.7591,103.3306401,1325318.1,101.6193656
6Aug2018b,6.2,19.48662529,0.001011,2.60E-06,2.82E-09,0.01,b10,0.38,b38,527657.0987,116.7834874,1276496.367,97.87593715,0.001010712,11203.95983,99.03135963,10350.41205,461724.9116,102.1910736,1298669.391,99.57606382
6Aug2018b,6.2,19.48662529,0.001011,2.60E-06,2.82E-09,0.01,b10,1.21,c121,473895.6997,104.8847682,1191183.191,91.33451075,0.00101097,11304.52973,99.92029302,8425.802587,362770.1667,80.2899559,1330087.749,101.9850806
6Aug2018b,6.2,19.48662529,0.001011,2.60E-06,2.82E-09,0.01,b10,2.16,d216,430699.9505,95.324487,1041599.901,79.86514425,0.001010986,11209.84662,99.08339273,6525.349318,315649.256,69.86093999,1289730.859,98.89069784
6Aug2018b,6.2,19.48662529,0.001011,2.60E-06,2.82E-09,0.01,b10,2.88,e288,466549.9264,103.258968,986435.9487,75.63542319,0.001011129,11246.94573,99.41131033,5601.732285,360366.4156,79.75794669,1295318.19,99.31910897
6Aug2018b,6.2,19.48662529,0.001011,2.60E-06,2.82E-09,0.01,b10,6.82,g682,321430.4413,71.14045841,797655.1272,61.16056819,0.001011045,11193.72104,98.9408594,4351.395537,231477.0948,51.2315715,1215315.921,93.18489872
6Aug2018b,6.2,19.48662529,0.001011,2.60E-06,2.82E-09,0.1,c100,0.12,a12,435667.9849,96.42403513,1303101.999,99.91593603,0.001010858,11172.08961,98.74966,11202.6773,435667.9849,96.42403513,1303101.999,99.91593603
6Aug2018b,6.2,19.48662529,0.001011,2.60E-06,2.82E-09,0.1,c100,0.38,b38,406685.2968,90.00945377,1284979.862,98.52641295,0.001010995,11201.44802,99.00915783,11138.9545,406685.2968,90.00945377,1284979.862,98.52641295
6Aug2018b,6.2,19.48662529,0.001011,2.60E-06,2.82E-09,0.1,c100,1.21,c121,401264.0706,88.80960314,1227697.442,94.13425744,0.001011078,11005.16947,97.27425948,10098.44584,365662.4759,80.93009505,1289338.348,98.86060184
6Aug2018b,6.2,19.48662529,0.001011,2.60E-06,2.82E-09,0.1,c100,2.16,d216,402152.6693,89.00627187,1124324.898,86.2081208,0.001010895,10866.43376,96.04797999,8656.522541,338065.9689,74.82230964,1254480.884,96.18788999
6Aug2018b,6.2,19.48662529,0.001011,2.60E-06,2.82E-09,0.1,c100,2.88,e288,433251.9001,95.88929618,1114605.156,85.46285526,0.001011129,11227.91853,99.24312963,8317.690719,430965.0246,95.38315441,1288732.357,98.81413721
6Aug2018b,6.2,19.48662529,0.001011,2.60E-06,2.82E-09,0.1,c100,6.82,g682,355784.2375,78.74379804,944274.7551,72.40269458,0.001011108,10941.90174,96.71503845,6732.066261,327733.6794,72.53551997,1218207.695,93.40662682
6Aug2018b,6.2,19.48662529,0.001011,2.60E-06,2.82E-09,0.316,d316,0.12,a12,394143.4265,87.23362955,1296097.596,99.3788703,0.001010954,11090.8407,98.03150405,11242.56576,394143.4265,87.23362955,1296097.596,99.3788703
6Aug2018b,6.2,19.48662529,0.001011,2.60E-06,2.82E-09,0.316,d316,0.38,b38,440668.5672,97.53078693,1270488.788,97.41530331,0.001010969,10962.95468,96.90112464,10869.69139,440668.5672,97.53078693,1270488.788,97.41530331
6Aug2018b,6.2,19.48662529,0.001011,2.60E-06,2.82E-09,0.316,d316,1.21,c121,377215.7849,83.48712634,1277356.442,97.9418838,0.00101081,11060.31905,97.76172446,11047.42959,379792.5901,84.05743666,1292052.088,99.06867908
6Aug2018b,6.2,19.48662529,0.001011,2.60E-06,2.82E-09,0.316,d316,2.16,d216,456140.8702,100.9551879,1230555.203,94.35337757,0.001011011,11016.57835,97.37510206,10217.75123,423928.9623,93.82590086,1269470.679,97.33723937
6Aug2018b,6.2,19.48662529,0.001011,2.60E-06,2.82E-09,0.316,d316,2.88,e288,396820.9646,87.82623456,1191694.021,91.37367889,0.001011034,10787.26756,95.34823305,9925.544679,415215.8084,91.8974657,1251881.62,95.98859025
6Aug2018b,6.2,19.48662529,0.001011,2.60E-06,2.82E-09,0.316,d316,6.82,g682,388680.6306,86.02457854,1122028.999,86.03208176,0.0010108,11038.71241,97.57074422,9225.077932,422108.4761,93.42298251,1247808.586,95.67628854
6Aug2018b,6.2,19.48662529,0.001011,2.60E-06,2.82E-09,1,e1000,0.12,a12,381408.1097,84.41499087,1270551.412,97.42010505,0.001011154,10813.88404,95.58349511,11063.77128,381408.1097,84.41499087,1270551.412,97.42010505
6Aug2018b,6.2,19.48662529,0.001011,2.60E-06,2.82E-09,1,e1000,0.38,b38,405359.4648,89.71601455,1272485.928,97.5684349,0.001011079,10989.79156,97.1383347,11101.69087,405359.4648,89.71601455,1272485.928,97.5684349
6Aug2018b,6.2,19.48662529,0.001011,2.60E-06,2.82E-09,1,e1000,1.21,c121,436674.127,96.64671912,1270751.473,97.43544483,0.001011005,10820.36131,95.64074738,10807.15446,436674.127,96.64671912,1270751.473,97.43544483
6Aug2018b,6.2,19.48662529,0.001011,2.60E-06,2.82E-09,1,e1000,2.16,d216,403708.581,89.35063338,1259054.588,96.53858081,0.001010855,10945.14686,96.743722,10910.129,403708.581,89.35063338,1259054.588,96.53858081
6Aug2018b,6.2,19.48662529,0.001011,2.60E-06,2.82E-09,1,e1000,2.88,e288,448038.5824,99.16195247,1222454.741,93.73227103,0.001010972,10486.24776,92.68753089,10256.64127,448038.5824,99.16195247,1222454.741,93.73227103
6Aug2018b,6.2,19.48662529,0.001011,2.60E-06,2.82E-09,1,e1000,6.82,g682,377827.042,83.62241256,1198953.56,91.93030733,0.001011025,10678.79531,94.38945108,10315.63355,408393.2496,90.38746572,1231547.283,94.42944581
6Aug2018b,6.2,19.48662529,0.001011,2.60E-06,2.82E-09,3.162,f3162,0.12,a12,396848.3526,87.83229619,1263918.842,96.91154975,0.001010725,10714.88434,94.70844068,10854.92455,396848.3526,87.83229619,1263918.842,96.91154975
6Aug2018b,6.2,19.48662529,0.001011,2.60E-06,2.82E-09,3.162,f3162,0.38,b38,376673.6643,83.36714172,1244788.56,95.44472669,0.001011073,10629.55439,93.95421259,10755.74752,376673.6643,83.36714172,1244788.56,95.44472669
6Aug2018b,6.2,19.48662529,0.001011,2.60E-06,2.82E-09,3.162,f3162,1.21,c121,443192.2553,98.08934114,1246008.92,95.53829836,0.001010995,10486.22329,92.6873146,10430.35617,443192.2553,98.08934114,1246008.92,95.53829836
6Aug2018b,6.2,19.48662529,0.001011,2.60E-06,2.82E-09,3.162,f3162,2.16,d216,399605.0202,88.44241451,1252921.695,96.06833853,0.001010996,10766.0401,95.16060434,10818.33825,399605.0202,88.44241451,1252921.695,96.06833853
6Aug2018b,6.2,19.48662529,0.001011,2.60E-06,2.82E-09,3.162,f3162,2.88,e288,393513.5102,87.0942136,1238893.468,94.99271785,0.001010975,10537.06598,93.13671115,10611.88247,393513.5102,87.0942136,1238893.468,94.99271785
6Aug2018b,6.2,19.48662529,0.001011,2.60E-06,2.82E-09,3.162,f3162,6.82,g682,383543.8982,84.88769338,1234280.184,94.63899218,0.00101109,10702.08922,94.59534506,10717.92539,383543.8982,84.88769338,1234280.184,94.63899218
6Aug2018b,6.2,19.48662529,0.001011,2.60E-06,2.82E-09,10,g10000,0.12,a12,375697.1669,83.15101883,1252351.004,96.02458048,0.001010854,10488.28339,92.70552377,10724.80982,375697.1669,83.15101883,1252351.004,96.02458048
6Aug2018b,6.2,19.48662529,0.001011,2.60E-06,2.82E-09,10,g10000,0.38,b38,386681.2182,85.58205941,1247871.23,95.6810918,0.001011053,10606.42943,93.74981192,10774.12125,386681.2182,85.58205941,1247871.23,95.6810918
6Aug2018b,6.2,19.48662529,0.001011,2.60E-06,2.82E-09,10,g10000,1.21,c121,441651.1554,97.74825785,1235505.652,94.7329555,0.001011108,10297.88072,91.02256203,10300.77954,441651.1554,97.74825785,1235505.652,94.7329555
6Aug2018b,6.2,19.48662529,0.001011,2.60E-06,2.82E-09,10,g10000,2.16,d216,429005.5386,94.94947198,1225863.363,93.99362861,0.001011071,10332.11025,91.32511555,10357.37672,429005.5386,94.94947198,1225863.363,93.99362861
6Aug2018b,6.2,19.48662529,0.001011,2.60E-06,2.82E-09,10,g10000,2.88,e288,370738.8927,82.05363088,1237792.789,94.90832282,0.001011123,10427.13453,92.16503143,10635.50409,370738.8927,82.05363088,1237792.789,94.90832282
6Aug2018b,6.2,19.48662529,0.001011,2.60E-06,2.82E-09,10,g10000,6.82,g682,402598.7703,89.105005,1226456.639,94.03911838,0.001010884,10396.85049,91.89735192,10390.61965,402598.7703,89.105005,1226456.639,94.03911838
6Aug2018b,6,38.39764457,0.001011,2.60E-06,2.82E-09,0.001,a1,0,zero,804931.4728,100,2479180.701,100,0.001011009,21911.11856,100,21944.33943,804931.4728,100,2479180.701,100
6Aug2018b,6,38.39764457,0.001011,2.60E-06,2.82E-09,0.001,a1,3.83,f383,852733.8124,105.9386844,1637394.647,66.04579675,0.001010894,21856.00056,99.74844732,9430.541259,526120.398,65.36213526,2407244.736,97.09839768
6Aug2018b,6,38.39764457,0.001011,2.60E-06,2.82E-09,0.001,a1,0.12,a12,794568.5049,98.7125652,2509539.27,101.2245404,0.001011049,22065.88583,100.7063413,22352.31875,794568.5049,98.7125652,2509539.27,101.2245404
6Aug2018b,6,38.39764457,0.001011,2.60E-06,2.82E-09,0.001,a1,0.38,b38,757292.7766,94.08164572,2431949.574,98.09488971,0.001010932,21730.99608,99.17794026,22638.7135,896778.4062,111.4105283,2477945.777,99.95018823
6Aug2018b,6,38.39764457,0.001011,2.60E-06,2.82E-09,0.001,a1,1.21,c121,1044399.732,129.7501424,2293639.137,92.51601289,0.001010875,22338.79517,101.9518703,16567.18205,835698.1218,103.8222694,2573749.183,103.8145054
6Aug2018b,6,38.39764457,0.001011,2.60E-06,2.82E-09,0.001,a1,2.16,d216,988221.0458,122.7708295,1993683.017,80.417011,0.00101104,22219.75203,101.4085701,12622.10998,699804.8425,86.93967948,2500210.819,100.8482689
6Aug2018b,6,38.39764457,0.001011,2.60E-06,2.82E-09,0.001,a1,2.88,e288,905334.7687,112.473521,1857514.016,74.92451096,0.001010963,22228.28559,101.4475163,11194.77555,664466.9755,82.54950861,2476833.698,99.90533151
6Aug2018b,6,38.39764457,0.001011,2.60E-06,2.82E-09,0.001,a1,6.82,g682,683785.7319,84.94955844,1431310.506,57.73320619,0.001010815,22364.40341,102.0687435,7844.648386,451826.8014,56.13233134,2317852.118,93.49266544
6Aug2018b,6,38.39764457,0.001011,2.60E-06,2.82E-09,0.01,b10,3.83,f383,741014.7309,92.0593561,1703092.57,68.69578201,0.00101111,21999.79025,100.4046881,10128.87171,465439.7765,57.82352811,2422420.05,97.7105077
6Aug2018b,6,38.39764457,0.001011,2.60E-06,2.82E-09,0.1,c100,3.83,f383,663371.883,82.4134607,2024622.69,81.66499076,0.001011138,21956.51599,100.207189,15995.80593,563843.9167,70.0486856,2427358.461,97.909703
6Aug2018b,6,38.39764457,0.001011,2.60E-06,2.82E-09,0.316,d316,3.83,f383,744193.4283,92.45425895,2343971.258,94.54620462,0.001011086,22220.13588,101.410322,20327.8629,694717.0203,86.30759806,2473940.095,99.78861543
6Aug2018b,6,38.39764457,0.001011,2.60E-06,2.82E-09,1,e1000,3.83,f383,783188.0493,97.29872365,2464700.281,99.41591916,0.001011066,22035.00615,100.5654097,21742.58093,835140.5389,103.7529985,2487189.914,100.3230589
6Aug2018b,6,38.39764457,0.001011,2.60E-06,2.82E-09,3.162,f3162,3.83,f383,836813.2262,103.9608034,2521169.047,101.693638,0.001010896,22243.23563,101.5157468,22134.60553,836813.2262,103.9608034,2521169.047,101.693638
6Aug2018b,6,38.39764457,0.001011,2.60E-06,2.82E-09,10,g10000,3.83,f383,901453.8255,111.9913752,2549673.173,102.8433777,0.001010992,22289.72333,101.7279116,22123.18993,901453.8255,111.9913752,2549673.173,102.8433777
6Aug2018b,6,38.39764457,0.001011,2.60E-06,2.82E-09,0.01,b10,0.12,a12,852947.7744,105.9652658,2555502.669,103.0785158,0.001010668,22284.64815,101.7047491,22308.14678,852947.7744,105.9652658,2555502.669,103.0785158
6Aug2018b,6,38.39764457,0.001011,2.60E-06,2.82E-09,0.01,b10,0.38,b38,957000.53,118.8921743,2492913.569,100.5539277,0.001010793,22200.12616,101.3189997,20768.77842,895453.7169,111.2459566,2535100.225,102.2555647
6Aug2018b,6,38.39764457,0.001011,2.60E-06,2.82E-09,0.01,b10,1.21,c121,992533.8487,123.306627,2308440.452,93.11303734,0.001010886,22116.25669,100.9362284,16379.28635,872246.9028,108.3628771,2558752.312,103.2095931
6Aug2018b,6,38.39764457,0.001011,2.60E-06,2.82E-09,0.01,b10,2.16,d216,876825.5717,108.9317043,2046569.099,82.55021904,0.001011083,22290.82946,101.7329599,13161.81883,609913.9623,75.77215985,2509215.886,101.2114964
6Aug2018b,6,38.39764457,0.001011,2.60E-06,2.82E-09,0.01,b10,2.88,e288,789749.4532,98.11387427,1884944.129,76.03092941,0.001011125,21987.6694,100.3493698,11518.66905,582608.7761,72.37992249,2459710.367,99.21464646
6Aug2018b,6,38.39764457,0.001011,2.60E-06,2.82E-09,0.01,b10,6.82,g682,659408.7972,81.92110999,1460623.416,58.91556898,0.001011046,21925.20195,100.064275,8208.259113,403021.688,50.06906819,2300618.11,92.79751608
6Aug2018b,6,38.39764457,0.001011,2.60E-06,2.82E-09,0.1,c100,0.12,a12,869625.4188,108.0371992,2532878,102.1659292,0.00101109,22011.50348,100.458146,21928.47373,869625.4188,108.0371992,2532878,102.1659292
6Aug2018b,6,38.39764457,0.001011,2.60E-06,2.82E-09,0.1,c100,0.38,b38,881455.9704,109.5069581,2494477.727,100.6170194,0.001010986,21967.25516,100.2562014,21466.11166,881455.9704,109.5069581,2494477.727,100.6170194
6Aug2018b,6,38.39764457,0.001011,2.60E-06,2.82E-09,0.1,c100,1.21,c121,851108.6352,105.7367818,2415431.494,97.42861797,0.001011042,21770.06478,99.35624563,20000.33125,840150.7157,104.3754337,2509325.542,101.2159195
6Aug2018b,6,38.39764457,0.001011,2.60E-06,2.82E-09,0.1,c100,2.16,d216,744629.7024,92.50845911,2249521.022,90.73646877,0.001010829,21861.17854,99.77207909,18179.7402,637546.7835,79.20510069,2469245.481,99.5992539
6Aug2018b,6,38.39764457,0.001011,2.60E-06,2.82E-09,0.1,c100,2.88,e288,679663.3357,84.43741593,2152424.096,86.81997628,0.001011082,21849.508,99.718816,17128.84892,636075.3014,79.02229232,2456595.579,99.08900863
6Aug2018b,6,38.39764457,0.001011,2.60E-06,2.82E-09,0.1,c100,6.82,g682,665638.6701,82.69507312,1806138.341,72.85222658,0.001011102,21763.18918,99.32486613,13486.42687,564741.1313,70.16015032,2347419.532,94.68529386
6Aug2018b,6,38.39764457,0.001011,2.60E-06,2.82E-09,0.316,d316,0.12,a12,866721.6232,107.6764485,2484818.234,100.227395,0.001010992,21480.14834,98.03309802,21419.30301,866721.6232,107.6764485,2484818.234,100.227395
6Aug2018b,6,38.39764457,0.001011,2.60E-06,2.82E-09,0.316,d316,0.38,b38,852552.5977,105.9161713,2451508.91,98.88383326,0.001011044,21352.06911,97.44855812,21156.58585,852552.5977,105.9161713,2451508.91,98.88383326
6Aug2018b,6,38.39764457,0.001011,2.60E-06,2.82E-09,0.316,d316,1.21,c121,803855.4617,99.86632264,2470614.858,99.65448898,0.001011088,21521.61311,98.2223388,21464.6395,758491.7382,94.23059773,2479545.719,100.0147233
6Aug2018b,6,38.39764457,0.001011,2.60E-06,2.82E-09,0.316,d316,2.16,d216,838098.1687,104.1204372,2371107.473,95.64076842,0.001011155,21208.71227,96.79429287,20229.0724,854620.8314,106.1731166,2421052.784,97.65535779
6Aug2018b,6,38.39764457,0.001011,2.60E-06,2.82E-09,0.316,d316,2.88,e288,779696.3363,96.86493356,2346051.156,94.63009919,0.001010818,21341.80084,97.40169485,19975.8698,728246.0041,90.47304381,2427912.638,97.93205625
6Aug2018b,6,38.39764457,0.001011,2.60E-06,2.82E-09,0.316,d316,6.82,g682,740879.5988,92.04256807,2131839.884,85.98969343,0.001011059,21163.63632,96.58857105,17855.08472,752097.9507,93.4362708,2355165.526,94.99773555
6Aug2018b,6,38.39764457,0.001011,2.60E-06,2.82E-09,1,e1000,0.12,a12,822220.0095,102.1478271,2470331.732,99.64306881,0.001010997,21333.55814,97.36407604,21344.3797,822220.0095,102.1478271,2470331.732,99.64306881
6Aug2018b,6,38.39764457,0.001011,2.60E-06,2.82E-09,1,e1000,0.38,b38,772096.6657,95.92079472,2449208.513,98.79104465,0.001011107,21359.28839,97.48150617,21439.79894,772096.6657,95.92079472,2449208.513,98.79104465
6Aug2018b,6,38.39764457,0.001011,2.60E-06,2.82E-09,1,e1000,1.21,c121,857508.6613,106.5318838,2449075.755,98.78568972,0.001011166,21103.71526,96.31509772,21029.22598,857508.6613,106.5318838,2449075.755,98.78568972
6Aug2018b,6,38.39764457,0.001011,2.60E-06,2.82E-09,1,e1000,2.16,d216,828706.914,102.9537224,2397471.715,96.70419402,0.001010983,20907.49908,95.41958811,20673.28662,828706.914,102.9537224,2397471.715,96.70419402
6Aug2018b,6,38.39764457,0.001011,2.60E-06,2.82E-09,1,e1000,2.88,e288,829999.9896,103.1143666,2389220.025,96.37135463,0.001010992,20822.89707,95.0334736,20527.19536,867770.9839,107.806815,2401569.014,96.86946228
6Aug2018b,6,38.39764457,0.001011,2.60E-06,2.82E-09,1,e1000,6.82,g682,768344.4995,95.45464743,2338389.695,94.32106722,0.001010693,21131.39116,96.4414076,20422.91193,732901.7231,91.05144324,2391231.226,96.45247823
6Aug2018b,6,38.39764457,0.001011,2.60E-06,2.82E-09,3.162,f3162,0.12,a12,854845.6913,106.2010519,2413184.929,97.33800073,0.001011041,20665.23565,94.31392372,20590.34196,854845.6913,106.2010519,2413184.929,97.33800073
6Aug2018b,6,38.39764457,0.001011,2.60E-06,2.82E-09,3.162,f3162,0.38,b38,825782.1727,102.5903696,2413487.453,97.35020334,0.001011005,20946.17139,95.59608439,20806.62615,825782.1727,102.5903696,2413487.453,97.35020334
6Aug2018b,6,38.39764457,0.001011,2.60E-06,2.82E-09,3.162,f3162,1.21,c121,848487.4267,105.4111381,2399876.92,96.80121012,0.001011093,20511.7958,93.61364065,20522.58622,848487.4267,105.4111381,2399876.92,96.80121012
6Aug2018b,6,38.39764457,0.001011,2.60E-06,2.82E-09,3.162,f3162,2.16,d216,788344.5147,97.93933288,2385553.277,96.22345304,0.001011117,20682.81198,94.39414023,20702.80924,788344.5147,97.93933288,2385553.277,96.22345304
6Aug2018b,6,38.39764457,0.001011,2.60E-06,2.82E-09,3.162,f3162,2.88,e288,796056.9498,98.89748092,2409079.559,97.17240693,0.001010908,20898.34356,95.37780329,20923.69139,796056.9498,98.89748092,2409079.559,97.17240693
6Aug2018b,6,38.39764457,0.001011,2.60E-06,2.82E-09,3.162,f3162,6.82,g682,771244.5827,95.81493689,2359924.015,95.18967353,0.001010652,20687.07545,94.41359822,20463.57717,774166.5142,96.17794064,2376765.127,95.86897505
6Aug2018b,6,38.39764457,0.001011,2.60E-06,2.82E-09,10,g10000,0.12,a12,787605.3718,97.84750608,2396119.297,96.64964303,0.001011045,20444.78609,93.30781554,20670.50009,787605.3718,97.84750608,2396119.297,96.64964303
6Aug2018b,6,38.39764457,0.001011,2.60E-06,2.82E-09,10,g10000,0.38,b38,817643.954,101.5793247,2375233.646,95.80720134,0.001010975,20419.48603,93.19234877,20360.31583,817643.954,101.5793247,2375233.646,95.80720134
6Aug2018b,6,38.39764457,0.001011,2.60E-06,2.82E-09,10,g10000,1.21,c121,808213.4893,100.4077386,2393370.165,96.53875427,0.001011093,20417.84098,93.18484095,20537.86408,808213.4893,100.4077386,2393370.165,96.53875427
6Aug2018b,6,38.39764457,0.001011,2.60E-06,2.82E-09,10,g10000,2.16,d216,788062.0036,97.90423536,2371520.608,95.65743261,0.001010956,20424.2552,93.21411475,20436.94343,788062.0036,97.90423536,2371520.608,95.65743261
6Aug2018b,6,38.39764457,0.001011,2.60E-06,2.82E-09,10,g10000,2.88,e288,792264.916,98.42638073,2377443.272,95.89632863,0.001010973,20424.84521,93.21680749,20403.96907,792264.916,98.42638073,2377443.272,95.89632863
6Aug2018b,6,38.39764457,0.001011,2.60E-06,2.82E-09,10,g10000,6.82,g682,785863.807,97.6311442,2336074.799,94.22769377,0.00101078,20122.99971,91.83921693,20139.49351,785863.807,97.6311442,2336074.799,94.22769377
7Aug2018a,9,0.294816964,0.0009353,2.59E-06,3.61E-09,0.001,a1,3.83,f383,168858.3493,100.7528878,536538.6456,94.94637414,0.000935429,4585.869201,108.3780926,3592.155523,137753.6674,82.19362475,593158.1531,104.9658145
7Aug2018a,9,0.294816964,0.0009353,2.59E-06,3.61E-09,0.001,a1,0.12,a12,158285.8439,94.44457993,621961.2957,110.0628452,0.000935371,4650.83537,109.9134415,4741.36602,168273.3695,100.4038473,621591.5684,109.9974179
7Aug2018a,9,0.294816964,0.0009353,2.59E-06,3.61E-09,0.001,a1,0.38,b38,152496.8917,90.99047979,602822.8336,106.6760852,0.000935363,4595.13905,108.5971674,4880.095945,175197.3518,104.535187,603956.855,106.8767627
7Aug2018a,9,0.294816964,0.0009353,2.59E-06,3.61E-09,0.001,a1,1.21,c121,191968.0442,114.5417736,572992.0363,101.3971998,0.000935288,4356.414454,102.9553763,3990.194,180079.4982,107.4482224,596451.4725,105.5486033
7Aug2018a,9,0.294816964,0.0009353,2.59E-06,3.61E-09,0.001,a1,2.16,d216,178455.1353,106.4790121,538289.6122,95.2562268,0.000935367,4332.709551,102.395157,3665.11546,155408.0159,92.72746327,576637.5168,102.0423074
7Aug2018a,9,0.294816964,0.0009353,2.59E-06,3.61E-09,0.001,a1,2.88,e288,174368.3797,104.0405634,527952.3253,93.42693097,0.000935322,4319.718692,102.0881434,3539.861032,163067.0943,97.29741363,574579.2047,101.6780666
7Aug2018a,9,0.294816964,0.0009353,2.59E-06,3.61E-09,0.001,a1,6.82,g682,161613.7791,96.43026251,483041.1829,85.47941374,0.000935428,4409.815366,104.2174029,3147.902384,137518.872,82.05352912,550254.593,97.37356085
7Aug2018a,9,0.294816964,0.0009353,2.59E-06,3.61E-09,0.001,a1,0,zero,167596.5355,100,565096.5089,100,0.000935224,4231.361792,100,4160.601083,167596.5355,100,565096.5089,100
7Aug2018a,9,0.294816964,0.0009353,2.59E-06,3.61E-09,0.01,b10,3.83,f383,179233.8033,106.9436207,504546.5428,89.2850221,0.000935365,4267.606209,100.8565662,3189.824936,148338.4468,88.50925608,556815.5587,98.53459541
7Aug2018a,9,0.294816964,0.0009353,2.59E-06,3.61E-09,0.1,c100,3.83,f383,143991.913,85.91580526,535359.2146,94.73766093,0.000935312,4327.373524,102.2690504,3912.580201,136144.6544,81.23357328,563588.9515,99.73322126
7Aug2018a,9,0.294816964,0.0009353,2.59E-06,3.61E-09,0.316,d316,3.83,f383,150149.08,89.58960851,534337.3648,94.55683345,0.000935372,4121.335985,97.39975422,3931.811515,149691.8994,89.3168221,546291.8578,96.67231158
7Aug2018a,9,0.294816964,0.0009353,2.59E-06,3.61E-09,1,e1000,3.83,f383,171041.8906,102.0557437,553809.1872,98.00258512,0.000935338,4201.271923,99.28888452,4113.683751,171798.6134,102.5072582,556585.3213,98.49385238
7Aug2018a,9,0.294816964,0.0009353,2.59E-06,3.61E-09,3.162,f3162,3.83,f383,159964.8161,95.44637404,561567.6365,99.37552747,0.000935305,4210.665623,99.51088633,4177.924723,159964.8161,95.44637404,561567.6365,99.37552747
7Aug2018a,9,0.294816964,0.0009353,2.59E-06,3.61E-09,10,g10000,3.83,f383,164815.7015,98.34075689,571299.8134,101.0977425,0.000935144,4210.321753,99.50275962,4261.812944,164815.7015,98.34075689,571299.8134,101.0977425
7Aug2018a,9,0.294816964,0.0009353,2.59E-06,3.61E-09,0.01,b10,0.12,a12,163247.454,97.40502902,571432.0128,101.1211366,0.000935157,4212.827887,99.56198723,4220.593226,163247.454,97.40502902,571432.0128,101.1211366
7Aug2018a,9,0.294816964,0.0009353,2.59E-06,3.61E-09,0.01,b10,0.38,b38,170394.8715,101.6696861,560457.9677,99.17915947,0.000935228,4223.807356,99.8214656,4104.881022,170228.0865,101.5701703,561916.204,99.4372103
7Aug2018a,9,0.294816964,0.0009353,2.59E-06,3.61E-09,0.01,b10,1.21,c121,176692.936,105.4275588,540268.1521,95.60635105,0.00093538,4065.879107,96.08913884,3628.207744,168584.4853,100.5894811,561462.027,99.35683872
7Aug2018a,9,0.294816964,0.0009353,2.59E-06,3.61E-09,0.01,b10,2.16,d216,164194.2849,97.96997557,515716.1447,91.26160515,0.000935344,4103.172266,96.97049006,3379.799654,153698.8324,91.70764296,551037.8639,97.5121692
7Aug2018a,9,0.294816964,0.0009353,2.59E-06,3.61E-09,0.01,b10,2.88,e288,166783.5801,99.51493308,510328.2807,90.30816377,0.000935363,4130.610044,97.61892853,3281.620131,146404.1418,87.35511235,553314.0955,97.91497324
7Aug2018a,9,0.294816964,0.0009353,2.59E-06,3.61E-09,0.01,b10,6.82,g682,171199.3806,102.1497134,469953.7588,83.16345109,0.000935415,4174.950713,98.66683395,2972.033358,160183.8963,95.57709284,532489.9134,94.22990675
7Aug2018a,9,0.294816964,0.0009353,2.59E-06,3.61E-09,0.1,c100,0.12,a12,163568.128,97.59636588,560236.6355,99.13999231,0.00093535,4099.244646,96.87766841,4136.145447,163568.128,97.59636588,560236.6355,99.13999231
7Aug2018a,9,0.294816964,0.0009353,2.59E-06,3.61E-09,0.1,c100,0.38,b38,160439.5496,95.72963374,544312.1478,96.32198027,0.000935154,4036.975965,95.40606934,4002.49741,160439.5496,95.72963374,544312.1478,96.32198027
7Aug2018a,9,0.294816964,0.0009353,2.59E-06,3.61E-09,0.1,c100,1.21,c121,162255.9187,96.81340862,550492.5468,97.41566938,0.000935062,4094.82931,96.77332054,3952.60076,164201.6369,97.97436233,559934.7997,99.08657918
7Aug2018a,9,0.294816964,0.0009353,2.59E-06,3.61E-09,0.1,c100,2.16,d216,161893.372,96.5970875,527269.4749,93.30609313,0.00093545,4050.902219,95.73518925,3738.939224,160400.0237,95.70604979,544707.3017,96.39190707
7Aug2018a,9,0.294816964,0.0009353,2.59E-06,3.61E-09,0.1,c100,2.88,e288,143305.6711,85.5063446,512709.6138,90.72956666,0.000935267,3925.057265,92.76108869,3603.769581,144353.6394,86.13163693,535500.5524,94.76267221
7Aug2018a,9,0.294816964,0.0009353,2.59E-06,3.61E-09,0.1,c100,6.82,g682,141022.2013,84.14386424,486180.7203,86.03498918,0.000935314,4009.650173,94.76027742,3426.235737,145815.1971,87.0037061,524223.7447,92.7671179
7Aug2018a,9,0.294816964,0.0009353,2.59E-06,3.61E-09,0.316,d316,0.12,a12,156041.2344,93.10528644,548842.0648,97.12359857,0.000935295,3974.476574,93.92901787,4027.390185,156041.2344,93.10528644,548842.0648,97.12359857
7Aug2018a,9,0.294816964,0.0009353,2.59E-06,3.61E-09,0.316,d316,0.38,b38,152357.9472,90.90757558,541786.1976,95.87498579,0.00093533,4012.839987,94.83566246,4006.529577,152357.9472,90.90757558,541786.1976,95.87498579
7Aug2018a,9,0.294816964,0.0009353,2.59E-06,3.61E-09,0.316,d316,1.21,c121,168645.8963,100.6261232,551840.4526,97.65419604,0.000935262,4060.207878,95.95511038,4006.143962,168645.8963,100.6261232,551840.4526,97.65419604
7Aug2018a,9,0.294816964,0.0009353,2.59E-06,3.61E-09,0.316,d316,2.16,d216,142084.3319,84.77760686,530560.2494,93.88843162,0.000935163,3980.219801,94.06474786,3919.451707,142131.5946,84.8058071,536482.8767,94.93650522
7Aug2018a,9,0.294816964,0.0009353,2.59E-06,3.61E-09,0.316,d316,2.88,e288,155412.8939,92.73037386,528314.051,93.49094228,0.000935241,3958.698014,93.55612233,3833.345005,156246.738,93.2279045,537222.282,95.06735107
7Aug2018a,9,0.294816964,0.0009353,2.59E-06,3.61E-09,0.316,d316,6.82,g682,143366.5268,85.54265538,499864.5873,88.45649892,0.000935358,3920.697758,92.65806024,3656.9441,143320.9496,85.51546081,520072.7247,92.03254958
7Aug2018a,9,0.294816964,0.0009353,2.59E-06,3.61E-09,1,e1000,0.12,a12,167437.4886,99.90510131,543059.0761,96.10023554,0.000935321,3922.696583,92.70529856,3920.917527,167437.4886,99.90510131,543059.0761,96.10023554
7Aug2018a,9,0.294816964,0.0009353,2.59E-06,3.61E-09,1,e1000,0.38,b38,168720.4351,100.6705984,533199.7726,94.3555241,0.000935238,3919.114573,92.62064474,3901.497553,168720.4351,100.6705984,533199.7726,94.3555241
7Aug2018a,9,0.294816964,0.0009353,2.59E-06,3.61E-09,1,e1000,1.21,c121,161809.4111,96.54699047,535893.7864,94.83225925,0.000935332,3836.558901,90.66960211,3873.744557,161809.4111,96.54699047,535893.7864,94.83225925
7Aug2018a,9,0.294816964,0.0009353,2.59E-06,3.61E-09,1,e1000,2.16,d216,150111.4575,89.56716023,526582.4808,93.18452203,0.000935247,3856.296142,91.13605339,3884.006705,150111.4575,89.56716023,526582.4808,93.18452203
7Aug2018a,9,0.294816964,0.0009353,2.59E-06,3.61E-09,1,e1000,2.88,e288,145148.0491,86.6056382,534316.8786,94.55320819,0.000935342,3933.837988,92.96860401,3948.087163,145148.0491,86.6056382,534316.8786,94.55320819
7Aug2018a,9,0.294816964,0.0009353,2.59E-06,3.61E-09,1,e1000,6.82,g682,145652.0106,86.90633738,508796.2748,90.03705859,0.000935271,3808.214989,89.99974894,3698.053617,144153.3047,86.01210298,517593.6847,91.59385636
7Aug2018a,9,0.294816964,0.0009353,2.59E-06,3.61E-09,3.162,f3162,0.12,a12,169754.2038,101.2874182,533472.2316,94.40373869,0.000935262,3778.030847,89.28640549,3794.994579,169754.2038,101.2874182,533472.2316,94.40373869
7Aug2018a,9,0.294816964,0.0009353,2.59E-06,3.61E-09,3.162,f3162,0.38,b38,149636.2671,89.28362792,527094.1867,93.27507398,0.000935323,3787.477184,89.50965127,3851.724095,149636.2671,89.28362792,527094.1867,93.27507398
7Aug2018a,9,0.294816964,0.0009353,2.59E-06,3.61E-09,3.162,f3162,1.21,c121,155285.8675,92.6545809,539496.3815,95.46977782,0.00093547,3889.260111,91.91509263,3926.584664,155285.8675,92.6545809,539496.3815,95.46977782
7Aug2018a,9,0.294816964,0.0009353,2.59E-06,3.61E-09,3.162,f3162,2.16,d216,163384.0416,97.48652686,527321.5744,93.31531271,0.000935271,3816.226991,90.18909701,3803.803722,163384.0416,97.48652686,527321.5744,93.31531271
7Aug2018a,9,0.294816964,0.0009353,2.59E-06,3.61E-09,3.162,f3162,2.88,e288,161664.2111,96.46035381,530314.0982,93.84487249,0.000935248,3783.691786,89.42019076,3816.955859,161664.2111,96.46035381,530314.0982,93.84487249
7Aug2018a,9,0.294816964,0.0009353,2.59E-06,3.61E-09,3.162,f3162,6.82,g682,155531.6998,92.80126189,518115.7098,91.68623441,0.000935312,3838.755007,90.72150281,3756.837921,155437.4024,92.74499735,523646.7061,92.66500462
7Aug2018a,9,0.294816964,0.0009353,2.59E-06,3.61E-09,10,g10000,0.12,a12,163479.6388,97.54356698,543621.7007,96.1997981,0.000935418,3890.557872,91.94576269,3924.798719,163479.6388,97.54356698,543621.7007,96.1997981
7Aug2018a,9,0.294816964,0.0009353,2.59E-06,3.61E-09,10,g10000,0.38,b38,161752.2684,96.51289504,537838.8447,95.17645858,0.000935402,3903.293356,92.24674108,3896.20186,161752.2684,96.51289504,537838.8447,95.17645858
7Aug2018a,9,0.294816964,0.0009353,2.59E-06,3.61E-09,10,g10000,1.21,c121,173150.9644,103.3141669,539072.1701,95.39470898,0.000935173,3777.576272,89.27566249,3810.641974,173150.9644,103.3141669,539072.1701,95.39470898
7Aug2018a,9,0.294816964,0.0009353,2.59E-06,3.61E-09,10,g10000,2.16,d216,156057.0299,93.11471116,527207.3911,93.29510672,0.000935481,3787.929572,89.52034258,3784.023484,156057.0299,93.11471116,527207.3911,93.29510672
7Aug2018a,9,0.294816964,0.0009353,2.59E-06,3.61E-09,10,g10000,2.88,e288,146579.7187,87.45987395,555618.9881,98.32284916,0.000935376,4056.307,95.86292072,4132.451858,146579.7187,87.45987395,555618.9881,98.32284916
7Aug2018a,9,0.294816964,0.0009353,2.59E-06,3.61E-09,10,g10000,6.82,g682,156407.4679,93.32380734,537704.6028,95.15270301,0.000935335,3890.074256,91.93433338,3921.273952,156407.4679,93.32380734,537704.6028,95.15270301
7Aug2018a,6.6,6.4898723,0.0009353,2.59E-06,3.61E-09,0.001,a1,0,zero,272909.9281,100,860709.0069,100,0.000935342,7605.721043,100,7562.293861,272909.9281,100,860709.0069,100
7Aug2018a,6.6,6.4898723,0.0009353,2.59E-06,3.61E-09,0.001,a1,3.83,f383,259448.1219,95.06730801,596116.0375,69.25871958,0.000935417,7449.503905,97.94605749,3570.492507,196841.9942,72.12709173,855408.4525,99.38416417
7Aug2018a,6.6,6.4898723,0.0009353,2.59E-06,3.61E-09,0.001,a1,0.12,a12,259409.3612,95.05310525,862220.0372,100.1755565,0.000935407,7602.436551,99.95681552,7657.163976,277102.3642,101.5361977,861350.2133,100.0744975
7Aug2018a,6.6,6.4898723,0.0009353,2.59E-06,3.61E-09,0.001,a1,0.38,b38,248674.269,91.11953925,844579.8208,98.12605817,0.000935247,7572.552992,99.56390656,7841.192333,295191.2841,108.1643626,857673.0086,99.64726774
7Aug2018a,6.6,6.4898723,0.0009353,2.59E-06,3.61E-09,0.001,a1,1.21,c121,313022.1948,114.6979874,775233.2496,90.06914571,0.000935277,7523.377379,98.91734572,5716.866168,255916.7804,93.77334942,876446.9456,101.8284854
7Aug2018a,6.6,6.4898723,0.0009353,2.59E-06,3.61E-09,0.001,a1,2.16,d216,299917.1004,109.8960022,688910.5874,80.03989523,0.000935212,7606.478303,100.0099565,4505.248872,234934.3558,86.08494293,868859.1913,100.9469152
7Aug2018a,6.6,6.4898723,0.0009353,2.59E-06,3.61E-09,0.001,a1,2.88,e288,262281.3639,96.10546813,653731.8773,75.95271713,0.000935269,7646.003473,100.5296333,4148.870295,196669.8515,72.064015,864862.4805,100.4825642
7Aug2018a,6.6,6.4898723,0.0009353,2.59E-06,3.61E-09,0.001,a1,6.82,g682,232613.6127,85.2345733,550365.312,63.94325,0.000935349,7639.295955,100.4414429,3138.805037,167174.4464,61.25627146,826055.6991,95.97386486
7Aug2018a,6.6,6.4898723,0.0009353,2.59E-06,3.61E-09,0.01,b10,3.83,f383,251874.8848,92.29231292,605443.0804,70.34236606,0.000935271,7502.203163,98.63894719,3578.201912,182096.7381,66.7241164,850393.4528,98.80150503
7Aug2018a,6.6,6.4898723,0.0009353,2.59E-06,3.61E-09,0.1,c100,3.83,f383,227426.6594,83.33396333,699817.4315,81.30708822,0.00093534,7561.938111,99.42434213,5336.673563,200252.8537,73.37690319,851471.3006,98.92673293
7Aug2018a,6.6,6.4898723,0.0009353,2.59E-06,3.61E-09,0.316,d316,3.83,f383,256966.0143,94.15781103,783578.4215,91.0387152,0.000935356,7498.044081,98.58426359,6611.157547,246459.387,90.30795938,840993.1284,97.70934446
7Aug2018a,6.6,6.4898723,0.0009353,2.59E-06,3.61E-09,1,e1000,3.83,f383,258306.559,94.6490151,839031.3956,97.4814239,0.000935025,7574.882714,99.59453773,7451.235532,255208.344,93.51376323,845631.8647,98.24828809
7Aug2018a,6.6,6.4898723,0.0009353,2.59E-06,3.61E-09,3.162,f3162,3.83,f383,249512.6911,91.42675492,846957.2759,98.40227872,0.000935448,7541.673276,99.15790013,7546.854392,249512.6911,91.42675492,846957.2759,98.40227872
7Aug2018a,6.6,6.4898723,0.0009353,2.59E-06,3.61E-09,10,g10000,3.83,f383,266914.7006,97.80322119,859550.9789,99.8654565,0.000935448,7620.738138,100.1974447,7614.29081,266914.7006,97.80322119,859550.9789,99.8654565
7Aug2018a,6.6,6.4898723,0.0009353,2.59E-06,3.61E-09,0.01,b10,0.12,a12,261031.9473,95.6476553,849868.5239,98.74051707,0.000935269,7457.817582,98.0553657,7489.581422,261031.9473,95.6476553,849868.5239,98.74051707
7Aug2018a,6.6,6.4898723,0.0009353,2.59E-06,3.61E-09,0.01,b10,0.38,b38,298333.0726,109.3155807,834992.4513,97.01216608,0.000935426,7502.97438,98.64908715,7041.572631,271682.128,99.55010796,848062.1404,98.5306455
7Aug2018a,6.6,6.4898723,0.0009353,2.59E-06,3.61E-09,0.01,b10,1.21,c121,289986.3302,106.2571568,762364.1456,88.57397093,0.000935291,7347.64967,96.60687829,5532.937341,230131.4898,84.32507072,854148.6664,99.23779809
7Aug2018a,6.6,6.4898723,0.0009353,2.59E-06,3.61E-09,0.01,b10,2.16,d216,275701.4272,101.0228646,682726.6129,79.32142075,0.000935403,7435.398176,97.76059541,4429.178037,194573.0518,71.29570301,850155.2277,98.77382726
7Aug2018a,6.6,6.4898723,0.0009353,2.59E-06,3.61E-09,0.01,b10,2.88,e288,253364.8247,92.83825857,663996.039,77.14524115,0.000935249,7596.575827,99.87975873,4189.383451,185240.1424,67.87592659,862001.6324,100.1501815
7Aug2018a,6.6,6.4898723,0.0009353,2.59E-06,3.61E-09,0.01,b10,6.82,g682,220584.229,80.82675135,564010.6532,65.52861056,0.000935158,7522.321279,98.90346012,3324.625478,162592.5281,59.5773592,825947.5003,95.96129396
7Aug2018a,6.6,6.4898723,0.0009353,2.59E-06,3.61E-09,0.1,c100,0.12,a12,256401.4504,93.95094282,839625.9389,97.55049989,0.000935132,7352.626424,96.67231262,7359.698906,256401.4504,93.95094282,839625.9389,97.55049989
7Aug2018a,6.6,6.4898723,0.0009353,2.59E-06,3.61E-09,0.1,c100,0.38,b38,258380.6063,94.67614762,838110.9509,97.37448361,0.000935413,7480.224976,98.34997806,7365.568893,251352.6621,92.10095943,841950.4572,97.82057007
7Aug2018a,6.6,6.4898723,0.0009353,2.59E-06,3.61E-09,0.1,c100,1.21,c121,242937.133,89.01733063,803278.3341,93.32751577,0.000935417,7404.160734,97.3498856,6720.33402,228386.1816,83.68555269,847557.6007,98.47202642
7Aug2018a,6.6,6.4898723,0.0009353,2.59E-06,3.61E-09,0.1,c100,2.16,d216,252403.6894,92.48607819,739097.9005,85.87082214,0.000935328,7332.037591,96.40161071,5786.565443,225095.1317,82.47964202,832088.9017,96.67482215
7Aug2018a,6.6,6.4898723,0.0009353,2.59E-06,3.61E-09,0.1,c100,2.88,e288,216545.743,79.34696423,716250.513,83.21633761,0.000935332,7322.351319,96.27425563,5568.213397,204099.0906,74.78624616,833209.4241,96.80500812
7Aug2018a,6.6,6.4898723,0.0009353,2.59E-06,3.61E-09,0.1,c100,6.82,g682,225022.8337,82.4531505,642633.364,74.66325539,0.000935029,7294.456249,95.90749132,4719.416068,205968.2695,75.47115304,814011.1912,94.57449436
7Aug2018a,6.6,6.4898723,0.0009353,2.59E-06,3.61E-09,0.316,d316,0.12,a12,239292.8164,87.68197555,825382.4192,95.89564099,0.000935142,7174.322192,94.32796906,7266.041105,239292.8164,87.68197555,825382.4192,95.89564099
7Aug2018a,6.6,6.4898723,0.0009353,2.59E-06,3.61E-09,0.316,d316,0.38,b38,256761.7986,94.08298202,833076.3585,96.78954813,0.00093531,7376.831724,96.99056385,7356.722617,256761.7986,94.08298202,833076.3585,96.78954813
7Aug2018a,6.6,6.4898723,0.0009353,2.59E-06,3.61E-09,0.316,d316,1.21,c121,260164.5431,95.32981997,813117.9656,94.47071647,0.000935377,7162.720924,94.17543562,7003.026438,260153.2851,95.3256948,824427.9744,95.78475045
7Aug2018a,6.6,6.4898723,0.0009353,2.59E-06,3.61E-09,0.316,d316,2.16,d216,261487.7651,95.81467664,782873.658,90.95683346,0.00093532,7185.912612,94.48035988,6616.783498,258454.4067,94.70318964,812412.5505,94.38875903
7Aug2018a,6.6,6.4898723,0.0009353,2.59E-06,3.61E-09,0.316,d316,2.88,e288,235447.01,86.27279031,784670.9424,91.16564786,0.000935322,7262.637705,95.48914119,6666.770476,236620.4016,86.70274595,826000.5347,95.96745567
7Aug2018a,6.6,6.4898723,0.0009353,2.59E-06,3.61E-09,0.316,d316,6.82,g682,237575.4584,87.05269908,732394.9989,85.09205701,0.000935284,7176.084575,94.35114087,6103.414633,224196.4363,82.15034091,808482.1822,93.93211593
7Aug2018a,6.6,6.4898723,0.0009353,2.59E-06,3.61E-09,1,e1000,0.12,a12,268858.7894,98.51557665,825470.1134,95.90582959,0.000935323,7181.564887,94.423196,7166.775595,268858.7894,98.51557665,825470.1134,95.90582959
7Aug2018a,6.6,6.4898723,0.0009353,2.59E-06,3.61E-09,1,e1000,0.38,b38,247022.5262,90.51430556,831304.1508,96.58364721,0.000935272,7332.035726,96.40158618,7364.137693,247022.5262,90.51430556,831304.1508,96.58364721
7Aug2018a,6.6,6.4898723,0.0009353,2.59E-06,3.61E-09,1,e1000,1.21,c121,255644.7369,93.67366689,842520.7631,97.88683008,0.000935261,7392.934083,97.20227762,7415.348117,255644.7369,93.67366689,842520.7631,97.88683008
7Aug2018a,6.6,6.4898723,0.0009353,2.59E-06,3.61E-09,1,e1000,2.16,d216,268732.173,98.46918174,831542.6956,96.61136213,0.000935323,7389.409902,97.15594169,7318.561431,268732.173,98.46918174,831542.6956,96.61136213
7Aug2018a,6.6,6.4898723,0.0009353,2.59E-06,3.61E-09,1,e1000,2.88,e288,246503.3717,90.32407632,813594.4097,94.52607131,0.000935473,7179.223485,94.39241125,7130.529503,240042.5121,87.95667998,819604.793,95.2243774
7Aug2018a,6.6,6.4898723,0.0009353,2.59E-06,3.61E-09,1,e1000,6.82,g682,246265.249,90.23682311,794022.4669,92.25213871,0.000935354,7176.933765,94.36230602,6962.79875,238091.6157,87.24183006,811646.1998,94.29972188
7Aug2018a,6.6,6.4898723,0.0009353,2.59E-06,3.61E-09,3.162,f3162,0.12,a12,249429.8414,91.39639703,838132.9516,97.37703973,0.000935332,7300.566807,95.98783293,7344.77244,249429.8414,91.39639703,838132.9516,97.37703973
7Aug2018a,6.6,6.4898723,0.0009353,2.59E-06,3.61E-09,3.162,f3162,0.38,b38,255993.9201,93.80161503,817472.8331,94.97667929,0.0009353,7136.137271,93.82591382,7174.023671,255993.9201,93.80161503,817472.8331,94.97667929
7Aug2018a,6.6,6.4898723,0.0009353,2.59E-06,3.61E-09,3.162,f3162,1.21,c121,260970.8007,95.62524989,824985.0212,95.84946998,0.000935338,7139.609808,93.87157073,7148.839301,260970.8007,95.62524989,824985.0212,95.84946998
7Aug2018a,6.6,6.4898723,0.0009353,2.59E-06,3.61E-09,3.162,f3162,2.16,d216,247082.8864,90.53642284,813983.2338,94.57124618,0.000935183,7127.093858,93.70701105,7119.090515,247082.8864,90.53642284,813983.2338,94.57124618
7Aug2018a,6.6,6.4898723,0.0009353,2.59E-06,3.61E-09,3.162,f3162,2.88,e288,246203.9548,90.21436361,826961.4986,96.07910361,0.000935349,7234.924824,95.12477231,7289.24698,246203.9548,90.21436361,826961.4986,96.07910361
7Aug2018a,6.6,6.4898723,0.0009353,2.59E-06,3.61E-09,3.162,f3162,6.82,g682,256530.5423,93.99824481,810503.2858,94.16693438,0.0009351,7131.406757,93.76371703,7109.586207,260072.0063,95.2959125,814792.7084,94.66529359
7Aug2018a,6.6,6.4898723,0.0009353,2.59E-06,3.61E-09,10,g10000,0.12,a12,253301.978,92.81523023,828863.0092,96.30002736,0.000935361,7146.594478,93.96340515,7230.366188,253301.978,92.81523023,828863.0092,96.30002736
7Aug2018a,6.6,6.4898723,0.0009353,2.59E-06,3.61E-09,10,g10000,0.38,b38,264019.1825,96.7422418,813657.5122,94.53340277,0.000935162,7054.376638,92.75092524,7043.552055,264019.1825,96.7422418,813657.5122,94.53340277
7Aug2018a,6.6,6.4898723,0.0009353,2.59E-06,3.61E-09,10,g10000,1.21,c121,249294.4115,91.34677263,823938.4811,95.72787951,0.000935257,7098.867835,93.33589537,7166.916232,249294.4115,91.34677263,823938.4811,95.72787951
7Aug2018a,6.6,6.4898723,0.0009353,2.59E-06,3.61E-09,10,g10000,2.16,d216,254136.7069,93.12109261,821686.4612,95.46623244,0.000935409,7156.526018,94.09398501,7181.572285,254136.7069,93.12109261,821686.4612,95.46623244
7Aug2018a,6.6,6.4898723,0.0009353,2.59E-06,3.61E-09,10,g10000,2.88,e288,250935.3993,91.94806547,827310.6759,96.11967218,0.00093516,7182.266776,94.43242442,7247.161438,250935.3993,91.94806547,827310.6759,96.11967218
7Aug2018a,6.6,6.4898723,0.0009353,2.59E-06,3.61E-09,10,g10000,6.82,g682,254852.965,93.38354482,825519.995,95.91162499,0.000935236,7194.58928,94.59444069,7217.320067,254852.965,93.38354482,825519.995,95.91162499
7Aug2018a,6.4,12.54123753,0.0009353,2.59E-06,3.61E-09,0.001,a1,0,zero,468074.5358,100,1508922.442,100,0.000935376,14570.78096,100,14518.73369,468074.5358,100,1508922.442,100
7Aug2018a,6.4,12.54123753,0.0009353,2.59E-06,3.61E-09,0.001,a1,3.83,f383,466967.4395,99.76347862,938959.8667,62.22717886,0.000935408,14288.54848,98.0630243,5767.158473,294526.8766,62.92307188,1491821.791,98.86669786
7Aug2018a,6.4,12.54123753,0.0009353,2.59E-06,3.61E-09,0.001,a1,0.12,a12,439576.7229,93.91169339,1510258.386,100.0885363,0.000935275,14516.47895,99.62732258,14707.00132,473405.3945,101.138891,1510611.047,100.111908
7Aug2018a,6.4,12.54123753,0.0009353,2.59E-06,3.61E-09,0.001,a1,0.38,b38,465685.7945,99.48966645,1483605.109,98.3221581,0.00093532,14525.9704,99.69246287,14874.90605,560685.2839,119.7854702,1515637.37,100.4450148
7Aug2018a,6.4,12.54123753,0.0009353,2.59E-06,3.61E-09,0.001,a1,1.21,c121,605231.5518,129.3023878,1334408.741,88.434548,0.000935332,14566.53772,99.97087841,10421.00035,437982.0151,93.57099811,1545862.519,102.4481097
7Aug2018a,6.4,12.54123753,0.0009353,2.59E-06,3.61E-09,0.001,a1,2.16,d216,553351.0976,118.218586,1148579.295,76.11917372,0.000935409,14618.7088,100.3289312,7980.506151,390509.9659,83.42901312,1535494.393,101.7609885
7Aug2018a,6.4,12.54123753,0.0009353,2.59E-06,3.61E-09,0.001,a1,2.88,e288,514390.3687,109.8949696,1057106.629,70.05705529,0.00093545,14554.00548,99.88486904,6912.169707,336921.2996,71.98026678,1518532.241,100.636865
7Aug2018a,6.4,12.54123753,0.0009353,2.59E-06,3.61E-09,0.001,a1,6.82,g682,417021.3257,89.09293152,834309.1449,55.29171823,0.000935288,14588.78423,100.1235573,4798.056101,259144.3756,55.36391232,1457683.144,96.60424577
7Aug2018a,6.4,12.54123753,0.0009353,2.59E-06,3.61E-09,0.01,b10,3.83,f383,446929.925,95.4826402,975101.7511,64.62239039,0.00093499,14407.75815,98.88116624,6168.612727,281833.419,60.21122651,1494913.861,99.07161692
7Aug2018a,6.4,12.54123753,0.0009353,2.59E-06,3.61E-09,0.1,c100,3.83,f383,400314.8833,85.52374732,1176273.977,77.9545684,0.000935336,14443.12015,99.1238574,9888.13319,349853.5723,74.74313288,1487667.511,98.59138345
7Aug2018a,6.4,12.54123753,0.0009353,2.59E-06,3.61E-09,0.316,d316,3.83,f383,462904.7515,98.89552114,1385472.078,91.81864085,0.000935336,14310.06731,98.21070914,12885.21823,436174.2286,93.18478045,1471366.573,97.51108024
7Aug2018a,6.4,12.54123753,0.0009353,2.59E-06,3.61E-09,1,e1000,3.83,f383,488405.3202,104.3434929,1501563.267,99.51228939,0.000935189,14416.8804,98.94377272,14467.21817,487460.4913,104.1416386,1487130.659,98.55580495
7Aug2018a,6.4,12.54123753,0.0009353,2.59E-06,3.61E-09,3.162,f3162,3.83,f383,471912.9068,100.8200341,1511210.912,100.1516626,0.000935089,14573.37451,100.0177996,14592.81403,477154.9629,101.9399532,1505773.274,99.79129689
7Aug2018a,6.4,12.54123753,0.0009353,2.59E-06,3.61E-09,10,g10000,3.83,f383,475455.0352,101.5767787,1511451.526,100.1676086,0.000935328,14490.89324,99.45172653,14531.24686,477690.7019,102.0544091,1503733.5,99.65611605
7Aug2018a,6.4,12.54123753,0.0009353,2.59E-06,3.61E-09,0.01,b10,0.12,a12,479329.8835,102.4046058,1507256.222,99.88957552,0.000935265,14471.56784,99.31909535,14443.61208,479818.4408,102.5089818,1508656.606,99.98238243
7Aug2018a,6.4,12.54123753,0.0009353,2.59E-06,3.61E-09,0.01,b10,0.38,b38,563384.4499,120.3621233,1494115.399,99.01870088,0.000935378,14695.81853,100.8581391,13625.40606,502005.1393,107.2489744,1525394.697,101.0916569
7Aug2018a,6.4,12.54123753,0.0009353,2.59E-06,3.61E-09,0.01,b10,1.21,c121,579359.3307,123.7750158,1342199.008,88.95082812,0.000935132,14622.49667,100.3549275,10563.24771,447267.2714,95.55471129,1530083.078,101.4023674
7Aug2018a,6.4,12.54123753,0.0009353,2.59E-06,3.61E-09,0.01,b10,2.16,d216,529596.3864,113.1436013,1160131.123,76.88474178,0.000935492,14629.20174,100.4009447,8036.241496,356092.1626,76.07595271,1516695.427,100.5151348
7Aug2018a,6.4,12.54123753,0.0009353,2.59E-06,3.61E-09,0.01,b10,2.88,e288,492373.5288,105.1912657,1076680.318,71.35425177,0.000935309,14627.53848,100.3895297,7106.46492,323956.747,69.21050435,1507218.14,99.88705171
7Aug2018a,6.4,12.54123753,0.0009353,2.59E-06,3.61E-09,0.01,b10,6.82,g682,398842.8072,85.20925122,858264.5472,56.87930164,0.000935347,14609.89723,100.2684569,5134.505484,265240.5462,56.66630544,1451375.432,96.18621818
7Aug2018a,6.4,12.54123753,0.0009353,2.59E-06,3.61E-09,0.1,c100,0.12,a12,468771.8873,100.148983,1501445.476,99.5044831,0.000935215,14395.94923,98.80012107,14399.21984,468771.8873,100.148983,1501445.476,99.5044831
7Aug2018a,6.4,12.54123753,0.0009353,2.59E-06,3.61E-09,0.1,c100,0.38,b38,476588.4885,101.818931,1492787.918,98.93072545,0.000935314,14512.10188,99.59728249,14266.17743,465034.9896,99.35062773,1503295.927,99.62711704
7Aug2018a,6.4,12.54123753,0.0009353,2.59E-06,3.61E-09,0.1,c100,1.21,c121,454780.6662,97.15988189,1421938.683,94.23537245,0.000935331,14480.51131,99.38047484,13190.29445,433717.2938,92.65987798,1508247.303,99.95525688
7Aug2018a,6.4,12.54123753,0.0009353,2.59E-06,3.61E-09,0.1,c100,2.16,d216,458625.1399,97.98121983,1300751.178,86.20397854,0.000935313,14439.82704,99.10125665,11398.44453,420088.9572,89.74830397,1491337.769,98.83462053
7Aug2018a,6.4,12.54123753,0.0009353,2.59E-06,3.61E-09,0.1,c100,2.88,e288,415143.1185,88.6916691,1237449.864,82.00884487,0.000935353,14401.26511,98.83660418,10616.90936,365835.5993,78.15755212,1483452.553,98.31204788
7Aug2018a,6.4,12.54123753,0.0009353,2.59E-06,3.61E-09,0.1,c100,6.82,g682,374962.1876,80.10736728,1056670.469,70.02814985,0.000935421,14343.14039,98.43769131,8515.741662,328317.963,70.14223972,1445589.271,95.80275505
7Aug2018a,6.4,12.54123753,0.0009353,2.59E-06,3.61E-09,0.316,d316,0.12,a12,450721.4868,96.29267398,1496389.697,99.16942421,0.000935358,14351.63739,98.49600667,14390.35603,450721.4868,96.29267398,1496389.697,99.16942421
7Aug2018a,6.4,12.54123753,0.0009353,2.59E-06,3.61E-09,0.316,d316,0.38,b38,468778.4234,100.1503794,1474107.469,97.69272619,0.000935337,14186.96251,97.36583474,14121.23988,468778.4234,100.1503794,1474107.469,97.69272619
7Aug2018a,6.4,12.54123753,0.0009353,2.59E-06,3.61E-09,0.316,d316,1.21,c121,475974.7836,101.6878183,1467587.864,97.26065588,0.000935028,14180.65183,97.3225242,13936.12527,467332.6191,99.84149602,1482263.355,98.23323677
7Aug2018a,6.4,12.54123753,0.0009353,2.59E-06,3.61E-09,0.316,d316,2.16,d216,469963.3588,100.4035304,1430854.347,94.82623544,0.000935307,14241.70344,97.74152444,13474.54041,456336.0541,97.49217681,1475389.456,97.7776866
7Aug2018a,6.4,12.54123753,0.0009353,2.59E-06,3.61E-09,0.316,d316,2.88,e288,449867.6301,96.11025502,1405076.969,93.11790524,0.000935156,14179.63498,97.31554551,13141.31882,427263.8179,91.28114973,1469965.746,97.41824402
7Aug2018a,6.4,12.54123753,0.0009353,2.59E-06,3.61E-09,0.316,d316,6.82,g682,428462.3243,91.53720006,1307773.2,86.66934519,0.000935227,14136.4595,97.01922999,11991.15916,397947.1383,85.01789946,1448786.158,96.0146206
7Aug2018a,6.4,12.54123753,0.0009353,2.59E-06,3.61E-09,1,e1000,0.12,a12,451674.8966,96.49636159,1484905.067,98.4083095,0.000935428,14234.34143,97.69099859,14294.80218,451674.8966,96.49636159,1484905.067,98.4083095
7Aug2018a,6.4,12.54123753,0.0009353,2.59E-06,3.61E-09,1,e1000,0.38,b38,471705.1657,100.7756521,1465327.401,97.11084945,0.000935091,14070.37235,96.56567057,14022.63854,471705.1657,100.7756521,1465327.401,97.11084945
7Aug2018a,6.4,12.54123753,0.0009353,2.59E-06,3.61E-09,1,e1000,1.21,c121,454154.0507,97.02601102,1486083.705,98.48642076,0.000935274,14123.14156,96.92782833,14320.08244,443400.1043,94.72852513,1478109.107,97.95792453
7Aug2018a,6.4,12.54123753,0.0009353,2.59E-06,3.61E-09,1,e1000,2.16,d216,484075.764,103.4185214,1468615.533,97.32876208,0.000935246,13970.9543,95.88335953,14058.84744,485953.6851,103.8197227,1455432.435,96.45508575
7Aug2018a,6.4,12.54123753,0.0009353,2.59E-06,3.61E-09,1,e1000,2.88,e288,464811.857,99.30295741,1466750.958,97.2051921,0.000935369,13966.31323,95.85150761,14079.32809,464811.857,99.30295741,1466750.958,97.2051921
7Aug2018a,6.4,12.54123753,0.0009353,2.59E-06,3.61E-09,1,e1000,6.82,g682,454096.8309,97.0137865,1435611.001,95.14147059,0.000935375,13881.56867,95.26990147,13831.66385,443994.5065,94.85551391,1440138.398,95.44151233
7Aug2018a,6.4,12.54123753,0.0009353,2.59E-06,3.61E-09,3.162,f3162,0.12,a12,448643.1007,95.84864511,1471073.862,97.49168156,0.00093535,14054.34084,96.45564556,14138.40437,448643.1007,95.84864511,1471073.862,97.49168156
7Aug2018a,6.4,12.54123753,0.0009353,2.59E-06,3.61E-09,3.162,f3162,0.38,b38,465618.2323,99.47523239,1447829.434,95.95121614,0.000935311,13865.72844,95.16118922,13852.06669,465618.2323,99.47523239,1447829.434,95.95121614
7Aug2018a,6.4,12.54123753,0.0009353,2.59E-06,3.61E-09,3.162,f3162,1.21,c121,450611.4311,96.26916156,1451833.677,96.21658723,0.00093522,13794.74435,94.67402179,13902.23923,450611.4311,96.26916156,1451833.677,96.21658723
7Aug2018a,6.4,12.54123753,0.0009353,2.59E-06,3.61E-09,3.162,f3162,2.16,d216,466327.9572,99.62685887,1454374.635,96.38498273,0.000935315,13955.23232,95.77545882,13937.0523,465018.643,99.34713541,1450070.272,96.09972203
7Aug2018a,6.4,12.54123753,0.0009353,2.59E-06,3.61E-09,3.162,f3162,2.88,e288,459640.5723,98.19815801,1438792.895,95.35234249,0.000935069,13724.95183,94.19503226,13722.30185,459640.5723,98.19815801,1438792.895,95.35234249
7Aug2018a,6.4,12.54123753,0.0009353,2.59E-06,3.61E-09,3.162,f3162,6.82,g682,452847.8085,96.74694388,1436562.545,95.20453174,0.000935115,13795.828,94.68145899,13802.29837,452847.8085,96.74694388,1436562.545,95.20453174
7Aug2018a,6.4,12.54123753,0.0009353,2.59E-06,3.61E-09,10,g10000,0.12,a12,448776.1827,95.87707691,1452317.265,96.24863578,0.000935414,13833.01546,94.93667834,13916.00834,448776.1827,95.87707691,1452317.265,96.24863578
7Aug2018a,6.4,12.54123753,0.0009353,2.59E-06,3.61E-09,10,g10000,0.38,b38,465337.2172,99.415196,1434572.352,95.07263674,0.000935438,13697.86124,94.00910817,13660.14697,465337.2172,99.415196,1434572.352,95.07263674
7Aug2018a,6.4,12.54123753,0.0009353,2.59E-06,3.61E-09,10,g10000,1.21,c121,450118.8722,96.16393068,1436792.911,95.21979865,0.00093526,13630.52597,93.54698283,13705.36685,450118.8722,96.16393068,1436792.911,95.21979865
7Aug2018a,6.4,12.54123753,0.0009353,2.59E-06,3.61E-09,10,g10000,2.16,d216,456036.6132,97.42820391,1435170.994,95.11231021,0.000935307,13716.41521,94.13644502,13699.50388,450832.374,96.31636406,1430090.386,94.77560586
7Aug2018a,6.4,12.54123753,0.0009353,2.59E-06,3.61E-09,10,g10000,2.88,e288,467567.6973,99.89171842,1433925.645,95.02977789,0.000935307,13616.66458,93.45185145,13662.64439,467567.6973,99.89171842,1433925.645,95.02977789
7Aug2018a,6.4,12.54123753,0.0009353,2.59E-06,3.61E-09,10,g10000,6.82,g682,443472.1735,94.74392208,1413429.713,93.67146212,0.000935205,13439.28044,92.23445517,13461.66184,443472.1735,94.74392208,1413429.713,93.67146212
7Aug2018a,6.2,29.35840619,0.0009353,2.59E-06,3.61E-09,0.001,a1,0,zero,1172544.33,100,3478571.196,100,0.000935213,33400.69586,100,33340.87026,1172544.33,100,3478571.196,100
7Aug2018a,6.2,29.35840619,0.0009353,2.59E-06,3.61E-09,0.001,a1,3.83,f383,1212123,103.3754519,2249686.554,64.6727184,0.000935463,33971.46843,101.7088643,14184.12754,674889.6259,57.55770668,3470023.346,99.75427125
7Aug2018a,6.2,29.35840619,0.0009353,2.59E-06,3.61E-09,0.001,a1,0.12,a12,1113426.599,94.95816671,3609082.023,103.7518515,0.0009351,34438.13203,103.1060316,34907.01789,1201453.698,102.4655246,3606758.737,103.685063
7Aug2018a,6.2,29.35840619,0.0009353,2.59E-06,3.61E-09,0.001,a1,0.38,b38,1147173.999,97.83630091,3588348.077,103.1558038,0.000935273,34777.1165,104.120934,35877.90411,1459583.717,124.4800457,3655926.984,105.098524
7Aug2018a,6.2,29.35840619,0.0009353,2.59E-06,3.61E-09,0.001,a1,1.21,c121,1621758.285,138.3110424,3243292.057,93.2363282,0.000935331,34921.26736,104.5525144,24698.66945,1164123.322,99.28181753,3721028.188,106.9700167
7Aug2018a,6.2,29.35840619,0.0009353,2.59E-06,3.61E-09,0.001,a1,2.16,d216,1478503.199,126.0935865,2791845.225,80.25838966,0.00093531,34961.37147,104.6725841,18892.7622,972148.2856,82.90929912,3664565.163,105.3468495
7Aug2018a,6.2,29.35840619,0.0009353,2.59E-06,3.61E-09,0.001,a1,2.88,e288,1382979.603,117.9468928,2609921.034,75.02853578,0.00093523,35349.58867,105.8348868,16921.86333,895993.7574,76.41448897,3664308.739,105.339478
7Aug2018a,6.2,29.35840619,0.0009353,2.59E-06,3.61E-09,0.001,a1,6.82,g682,1072725.632,91.48700009,2008644.825,57.74338692,0.000935277,35445.85948,106.1231168,11989.24363,627161.217,53.48720736,3476263.153,99.93364971
7Aug2018a,6.2,29.35840619,0.0009353,2.59E-06,3.61E-09,0.01,b10,3.83,f383,1173635.878,100.0930923,2441972.21,70.20043786,0.000935356,35573.28298,106.5046163,15962.54642,727051.1179,62.00627981,3576348.142,102.8108364
7Aug2018a,6.2,29.35840619,0.0009353,2.59E-06,3.61E-09,0.1,c100,3.83,f383,1060430.35,90.43840164,2978594.696,85.62695798,0.000935348,35296.22388,105.6751153,25463.51493,931408.9211,79.43485782,3623794.703,104.1748034
7Aug2018a,6.2,29.35840619,0.0009353,2.59E-06,3.61E-09,0.316,d316,3.83,f383,1228779.323,104.7959802,3550968.759,102.0812443,0.000935294,35230.59699,105.4786317,32663.61983,1165384.979,99.38941746,3681897.168,105.8451002
7Aug2018a,6.2,29.35840619,0.0009353,2.59E-06,3.61E-09,1,e1000,3.83,f383,1264990.3,107.8842196,3779639.704,108.6549474,0.000935261,35117.3726,105.1396436,35808.3,1252548.752,106.823147,3694887.958,106.2185521
7Aug2018a,6.2,29.35840619,0.0009353,2.59E-06,3.61E-09,3.162,f3162,3.83,f383,1231462.806,105.02484,3649400.759,104.9109118,0.000935362,34870.83382,104.4015189,34829.44367,1231462.806,105.02484,3649400.759,104.9109118
7Aug2018a,6.2,29.35840619,0.0009353,2.59E-06,3.61E-09,10,g10000,3.83,f383,1205470.689,102.8081121,3622745.809,104.1446504,0.000935285,34581.60798,103.5355913,34566.66245,1205470.689,102.8081121,3622745.809,104.1446504
7Aug2018a,6.2,29.35840619,0.0009353,2.59E-06,3.61E-09,0.01,b10,0.12,a12,1201515.168,102.470767,3648809.913,104.8939265,0.000935243,34688.67633,103.8561486,34722.93081,1201111.54,102.4363437,3649604.974,104.9167825
7Aug2018a,6.2,29.35840619,0.0009353,2.59E-06,3.61E-09,0.01,b10,0.38,b38,1436977.446,122.5520784,3577156.349,102.8340703,0.000935291,34731.62421,103.9847324,32155.3167,1273790.744,108.6347622,3645457.315,104.7975479
7Aug2018a,6.2,29.35840619,0.0009353,2.59E-06,3.61E-09,0.01,b10,1.21,c121,1477506.096,126.008549,3267382.871,93.92887733,0.000935322,34968.74978,104.6946744,25317.77165,1118403.504,95.38262011,3682191.793,105.8535699
7Aug2018a,6.2,29.35840619,0.0009353,2.59E-06,3.61E-09,0.01,b10,2.16,d216,1380505.581,117.7358967,2823247.796,81.16113303,0.000935273,34881.03639,104.4320649,19445.72372,880649.9543,75.10589852,3613844.787,103.8887688
7Aug2018a,6.2,29.35840619,0.0009353,2.59E-06,3.61E-09,0.01,b10,2.88,e288,1262558.81,107.6768509,2611767.576,75.08161912,0.000935465,34887.22004,104.4505785,17338.13121,797949.8909,68.05285487,3582027.408,102.9741008
7Aug2018a,6.2,29.35840619,0.0009353,2.59E-06,3.61E-09,0.01,b10,6.82,g682,956594.642,81.58281251,2043545.422,58.74668957,0.00093532,34995.43542,104.7745698,12990.9665,594645.3271,50.71410198,3431026.097,98.63320037
7Aug2018a,6.2,29.35840619,0.0009353,2.59E-06,3.61E-09,0.1,c100,0.12,a12,1182138.274,100.8182159,3676311.836,105.6845362,0.00093543,34952.3619,104.6456099,35036.88073,1182138.274,100.8182159,3676311.836,105.6845362
7Aug2018a,6.2,29.35840619,0.0009353,2.59E-06,3.61E-09,0.1,c100,0.38,b38,1226558.604,104.606587,3647944.267,104.8690414,0.000935234,35073.69823,105.0088848,34504.57365,1223681.076,104.3611781,3679851.964,105.7863059
7Aug2018a,6.2,29.35840619,0.0009353,2.59E-06,3.61E-09,0.1,c100,1.21,c121,1165756.531,99.42110516,3502600.668,100.6907857,0.00093537,35016.59454,104.8379192,32308.63355,1122412.209,95.72450101,3687537.87,106.0072559
7Aug2018a,6.2,29.35840619,0.0009353,2.59E-06,3.61E-09,0.1,c100,2.16,d216,1139159.783,97.15281154,3273047.56,94.0917226,0.000935321,35191.55089,105.3617297,29002.7083,1044107.157,89.04628424,3664650.623,105.3493063
7Aug2018a,6.2,29.35840619,0.0009353,2.59E-06,3.61E-09,0.1,c100,2.88,e288,1100213.5,93.83129251,3120933.489,89.71883322,0.000935337,35048.92719,104.9347215,27089.3108,990263.9442,84.45428622,3640578.447,104.657293
7Aug2018a,6.2,29.35840619,0.0009353,2.59E-06,3.61E-09,0.1,c100,6.82,g682,953402.023,81.31053121,2672504.998,76.82766422,0.000935209,35035.14555,104.89346,22126.93271,810560.6249,69.12835655,3537954.573,101.7071198
7Aug2018a,6.2,29.35840619,0.0009353,2.59E-06,3.61E-09,0.316,d316,0.12,a12,1201145.135,102.4392089,3679161.076,105.7664446,0.000935347,34904.03108,104.5009099,34973.8472,1201145.135,102.4392089,3679161.076,105.7664446
7Aug2018a,6.2,29.35840619,0.0009353,2.59E-06,3.61E-09,0.316,d316,0.38,b38,1228073.71,104.7358023,3667642.305,105.4353095,0.000935158,34958.44075,104.6638097,34819.33076,1228073.71,104.7358023,3667642.305,105.4353095
7Aug2018a,6.2,29.35840619,0.0009353,2.59E-06,3.61E-09,0.316,d316,1.21,c121,1221404.263,104.1670009,3677369.411,105.7149388,0.000935304,34859.85989,104.3686635,34308.01894,1189150.098,101.4162167,3701507.482,106.4088464
7Aug2018a,6.2,29.35840619,0.0009353,2.59E-06,3.61E-09,0.316,d316,2.16,d216,1237000.331,105.4971058,3594448.133,103.3311648,0.000935391,34808.85356,104.2159532,33168.47533,1206913.982,102.9312028,3665595.022,105.3764553
7Aug2018a,6.2,29.35840619,0.0009353,2.59E-06,3.61E-09,0.316,d316,2.88,e288,1230227.37,104.9194763,3562349.142,102.4084011,0.000935193,34725.2603,103.9656791,32786.33795,1187280.557,101.2567736,3663805.031,105.3249977
7Aug2018a,6.2,29.35840619,0.0009353,2.59E-06,3.61E-09,0.316,d316,6.82,g682,1164223.406,99.29035319,3391210.504,97.48860417,0.000935217,34743.58573,104.0205446,30947.81131,1095778.706,93.45307281,3622887.449,104.1487221
7Aug2018a,6.2,29.35840619,0.0009353,2.59E-06,3.61E-09,1,e1000,0.12,a12,1191828.283,101.6446247,3654500.707,105.0575222,0.000935314,34669.28825,103.7981017,34748.41662,1191828.283,101.6446247,3654500.707,105.0575222
7Aug2018a,6.2,29.35840619,0.0009353,2.59E-06,3.61E-09,1,e1000,0.38,b38,1209915.384,103.1871763,3627450.721,104.2799045,0.000935299,34550.67665,103.4429845,34396.90725,1209915.384,103.1871763,3627450.721,104.2799045
7Aug2018a,6.2,29.35840619,0.0009353,2.59E-06,3.61E-09,1,e1000,1.21,c121,1190220.818,101.5075326,3674174.528,105.6230941,0.00093501,34475.96299,103.2192956,34920.37622,1178997.324,100.5503412,3631763.163,104.4038762
7Aug2018a,6.2,29.35840619,0.0009353,2.59E-06,3.61E-09,1,e1000,2.16,d216,1257056.354,107.2075761,3699997.4,106.3654354,0.000935082,34405.22906,103.0075217,34931.58512,1247661.531,106.4063421,3614972.094,103.921176
7Aug2018a,6.2,29.35840619,0.0009353,2.59E-06,3.61E-09,1,e1000,2.88,e288,1235255.915,105.3483339,3719304.182,106.9204559,0.000935341,34337.03178,102.8033425,35159.67008,1226972.867,104.6419172,3635636.659,104.5152292
7Aug2018a,6.2,29.35840619,0.0009353,2.59E-06,3.61E-09,1,e1000,6.82,g682,1235141.686,105.3385919,3679144.159,105.7659583,0.000935109,34374.36689,102.915122,34830.63396,1218636.405,103.9309453,3622464.674,104.1365685
7Aug2018a,6.2,29.35840619,0.0009353,2.59E-06,3.61E-09,3.162,f3162,0.12,a12,1172899.021,100.0302497,3610777.388,103.8005889,0.000935314,34168.90283,102.2999729,34353.52814,1172899.021,100.0302497,3610777.388,103.8005889
7Aug2018a,6.2,29.35840619,0.0009353,2.59E-06,3.61E-09,3.162,f3162,0.38,b38,1198936.096,102.2508118,3589176.606,103.1796219,0.000935189,34235.33134,102.4988565,34090.20033,1198936.096,102.2508118,3589176.606,103.1796219
7Aug2018a,6.2,29.35840619,0.0009353,2.59E-06,3.61E-09,3.162,f3162,1.21,c121,1166002.809,99.44210892,3590164.394,103.2080182,0.000935202,34028.13813,101.8785305,34144.571,1166002.809,99.44210892,3590164.394,103.2080182
7Aug2018a,6.2,29.35840619,0.0009353,2.59E-06,3.61E-09,3.162,f3162,2.16,d216,1216747.957,103.7698897,3561063.034,102.3714288,0.000935214,33880.45439,101.4363729,33765.07654,1216747.957,103.7698897,3561063.034,102.3714288
7Aug2018a,6.2,29.35840619,0.0009353,2.59E-06,3.61E-09,3.162,f3162,2.88,e288,1180432.664,100.6727536,3552882.963,102.1362727,0.000935161,33812.6909,101.2334924,33763.19162,1180432.664,100.6727536,3552882.963,102.1362727
7Aug2018a,6.2,29.35840619,0.0009353,2.59E-06,3.61E-09,3.162,f3162,6.82,g682,1174740.059,100.1872619,3540840.903,101.7900944,0.000935278,33690.8026,100.8685649,33607.62606,1174740.059,100.1872619,3540840.903,101.7900944
7Aug2018a,6.2,29.35840619,0.0009353,2.59E-06,3.61E-09,10,g10000,0.12,a12,1158608.802,98.81151377,3544366.694,101.8914518,0.000935366,33602.01613,100.6027427,33635.13752,1158608.802,98.81151377,3544366.694,101.8914518
7Aug2018a,6.2,29.35840619,0.0009353,2.59E-06,3.61E-09,10,g10000,0.38,b38,1210008.298,103.1951004,3525821.22,101.358317,0.000935414,33564.72107,100.4910832,33440.38537,1210008.298,103.1951004,3525821.22,101.358317
7Aug2018a,6.2,29.35840619,0.0009353,2.59E-06,3.61E-09,10,g10000,1.21,c121,1157745.747,98.73790845,3531803.176,101.5302829,0.0009352,33393.39681,99.97814698,33526.35343,1157745.747,98.73790845,3531803.176,101.5302829
7Aug2018a,6.2,29.35840619,0.0009353,2.59E-06,3.61E-09,10,g10000,2.16,d216,1191650.939,101.6295,3516352.421,101.0861133,0.000935205,33452.40899,100.1548265,33381.59393,1191650.939,101.6295,3516352.421,101.0861133
7Aug2018a,6.2,29.35840619,0.0009353,2.59E-06,3.61E-09,10,g10000,2.88,e288,1180898.556,100.712487,3532857.237,101.5605845,0.000935421,33554.05386,100.4591461,33561.99859,1180898.556,100.712487,3532857.237,101.5605845
7Aug2018a,6.2,29.35840619,0.0009353,2.59E-06,3.61E-09,10,g10000,6.82,g682,1186543.226,101.1938906,3524171.19,101.3108829,0.000935373,33433.22626,100.0973944,33492.23798,1186543.226,101.1938906,3524171.19,101.3108829
7Aug2018a,6,59.85697438,0.0009353,2.59E-06,3.61E-09,0.001,a1,0,zero,2549883.364,100,7470954.272,100,0.000935258,65756.72797,100,65354.26642,2549883.364,100,7470954.272,100
7Aug2018a,6,59.85697438,0.0009353,2.59E-06,3.61E-09,0.001,a1,3.83,f383,2458889.235,96.43143955,5052103.509,67.62326907,0.000935412,65597.44071,99.75776279,30092.80437,1527830.228,59.9176515,7064617.4,94.56111151
7Aug2018a,6,59.85697438,0.0009353,2.59E-06,3.61E-09,0.001,a1,0.12,a12,2415291.13,94.72163174,7453483.487,99.76615056,0.000935324,65226.4248,99.19353778,66095.42626,2581647.269,101.2457003,7450259.817,99.72300119
7Aug2018a,6,59.85697438,0.0009353,2.59E-06,3.61E-09,0.001,a1,0.38,b38,2251440.239,88.29581267,7291845.791,97.60260236,0.000935451,64957.56205,98.78466289,68170.66502,2713641.02,106.4221626,7407358.283,99.14875682
7Aug2018a,6,59.85697438,0.0009353,2.59E-06,3.61E-09,0.001,a1,1.21,c121,2928166.414,114.835308,6763553.449,90.53131907,0.000935226,64969.52643,98.8028578,49003.42791,2476504.083,97.12224952,7514378.649,100.5812427
7Aug2018a,6,59.85697438,0.0009353,2.59E-06,3.61E-09,0.001,a1,2.16,d216,2775796.793,108.8597554,5951892.795,79.66710247,0.000935314,64815.097,98.56800817,38161.99801,2006849.485,78.70357969,7281139.922,97.45930248
7Aug2018a,6,59.85697438,0.0009353,2.59E-06,3.61E-09,0.001,a1,2.88,e288,2529991.805,99.21990318,5520429.253,73.8918892,0.000935342,64719.27471,98.42228577,33594.6641,1763633.494,69.16526138,7144825.412,95.63470947
7Aug2018a,6,59.85697438,0.0009353,2.59E-06,3.61E-09,0.001,a1,6.82,g682,2033542.651,79.75041837,4269880.08,57.15307475,0.000935142,64662.02707,98.33522601,24463.06362,1277254.767,50.09071337,6619760.59,88.60662707
7Aug2018a,6,59.85697438,0.0009353,2.59E-06,3.61E-09,0.01,b10,3.83,f383,2234727.493,87.64038091,5140320.584,68.80406969,0.000935297,64541.67382,98.15219798,31506.76531,1362846.579,53.44740853,6990463.143,93.56854411
7Aug2018a,6,59.85697438,0.0009353,2.59E-06,3.61E-09,0.1,c100,3.83,f383,2040679.34,80.03030134,6197832.667,82.95904969,0.000935433,64421.33933,97.96919846,49620.97608,1791330.317,70.251461,7122201.799,95.33188854
7Aug2018a,6,59.85697438,0.0009353,2.59E-06,3.61E-09,0.316,d316,3.83,f383,2267387.444,88.9212219,7010741.618,93.83997496,0.000935368,64183.36293,97.60729421,60543.76378,2213408.075,86.80428706,7222377.276,96.67275442
7Aug2018a,6,59.85697438,0.0009353,2.59E-06,3.61E-09,1,e1000,3.83,f383,2379010.725,93.29880567,7265143.702,97.24519035,0.000935359,64162.50933,97.57558096,63575.20901,2380687.535,93.36456595,7269798.685,97.30749808
7Aug2018a,6,59.85697438,0.0009353,2.59E-06,3.61E-09,3.162,f3162,3.83,f383,2418858.309,94.8615275,7238756.974,96.89199948,0.000935501,63977.1762,97.29373431,63334.28081,2418858.309,94.8615275,7238756.974,96.89199948
7Aug2018a,6,59.85697438,0.0009353,2.59E-06,3.61E-09,10,g10000,3.83,f383,2429185.632,95.26653912,7270305.955,97.31428799,0.000935273,63926.8646,97.21722259,63521.00692,2429185.632,95.26653912,7270305.955,97.31428799
7Aug2018a,6,59.85697438,0.0009353,2.59E-06,3.61E-09,0.01,b10,0.12,a12,2470009.832,96.86756133,7270199.383,97.3128615,0.000935267,63370.69634,96.37142586,63451.0763,2509980.947,98.43512777,7273074.268,97.35134233
7Aug2018a,6,59.85697438,0.0009353,2.59E-06,3.61E-09,0.01,b10,0.38,b38,2689555.843,105.4776026,7148254.785,95.68061221,0.000935232,63612.54567,96.73921991,60078.03198,2526540.466,99.08455036,7268377.764,97.28847882
7Aug2018a,6,59.85697438,0.0009353,2.59E-06,3.61E-09,0.01,b10,1.21,c121,2700842.858,105.920251,6697627.333,89.64888674,0.000935313,63556.86081,96.65453676,48568.06868,2220456.69,87.08071597,7358289.996,98.49196941
7Aug2018a,6,59.85697438,0.0009353,2.59E-06,3.61E-09,0.01,b10,2.16,d216,2524814.995,99.01688174,5935486.104,79.44749611,0.00093542,63338.8357,96.32297356,38238.24435,1798129.752,70.51811771,7130630.139,95.44470331
7Aug2018a,6,59.85697438,0.0009353,2.59E-06,3.61E-09,0.01,b10,2.88,e288,2309547.496,90.5746329,5519306.084,73.8768554,0.000935267,63223.07024,96.14692245,34176.37122,1582200.014,62.0498975,6999213.119,93.68566403
7Aug2018a,6,59.85697438,0.0009353,2.59E-06,3.61E-09,0.01,b10,6.82,g682,1829470.683,71.74723006,4325076.704,57.89189101,0.000935166,63161.01079,96.0525451,26087.18029,1172492.578,45.98220431,6530870.548,87.41681866
7Aug2018a,6,59.85697438,0.0009353,2.59E-06,3.61E-09,0.1,c100,0.12,a12,2361508.909,92.61242857,7230950.703,96.78751121,0.000935354,63021.53419,95.8404351,63110.76449,2361508.909,92.61242857,7230950.703,96.78751121
7Aug2018a,6,59.85697438,0.0009353,2.59E-06,3.61E-09,0.1,c100,0.38,b38,2394595.072,93.90998449,7122672.285,95.33818607,0.000935351,62954.1526,95.73796407,61911.29073,2380841.359,93.37059853,7163930.983,95.8904408
7Aug2018a,6,59.85697438,0.0009353,2.59E-06,3.61E-09,0.1,c100,1.21,c121,2309753.372,90.58270682,7005243.623,93.76638336,0.000935463,62819.79611,95.53364051,58842.53436,2212133.249,86.75429158,7220039.268,96.64145979
7Aug2018a,6,59.85697438,0.0009353,2.59E-06,3.61E-09,0.1,c100,2.16,d216,2166421.81,84.96160416,6608900.48,88.46126264,0.000935195,62678.83587,95.31927425,53928.39669,1987199.521,77.93295761,7081266.642,94.78396446
7Aug2018a,6,59.85697438,0.0009353,2.59E-06,3.61E-09,0.1,c100,2.88,e288,2118013.733,83.06316135,6361544.396,85.15035917,0.000935223,62610.5212,95.21538424,51123.81367,1912105.946,74.98797683,7033623.55,94.14625353
7Aug2018a,6,59.85697438,0.0009353,2.59E-06,3.61E-09,0.1,c100,6.82,g682,1825001.605,71.57196408,5457767.28,73.05314799,0.000935419,62321.05117,94.77517069,42645.55587,1557132.885,61.06682789,6739847.534,90.21401135
7Aug2018a,6,59.85697438,0.0009353,2.59E-06,3.61E-09,0.316,d316,0.12,a12,2382324.382,93.42875895,7159523.684,95.83144835,0.000935217,62407.12977,94.90607532,62417.31732,2382324.382,93.42875895,7159523.684,95.83144835
7Aug2018a,6,59.85697438,0.0009353,2.59E-06,3.61E-09,0.316,d316,0.38,b38,2383305.037,93.46721777,7075834.742,94.71125755,0.000935267,62129.65745,94.48410736,61712.419,2383305.037,93.46721777,7075834.742,94.71125755
7Aug2018a,6,59.85697438,0.0009353,2.59E-06,3.61E-09,0.316,d316,1.21,c121,2331582.771,91.43880085,7148420.698,95.68283299,0.000935261,62214.16313,94.61261995,62084.53641,2321124.114,91.02863869,7149827.194,95.70165917
7Aug2018a,6,59.85697438,0.0009353,2.59E-06,3.61E-09,0.316,d316,2.16,d216,2217917.97,86.98115378,6984507.81,93.48883096,0.000935137,61952.17918,94.21420605,60437.27545,2187999.767,85.80783726,7040552.075,94.23899303
7Aug2018a,6,59.85697438,0.0009353,2.59E-06,3.61E-09,0.316,d316,2.88,e288,2189211.612,85.85536275,6897554.753,92.32494942,0.000935349,61677.15714,93.79596437,59382.17226,2149317.446,84.29081409,7020564.232,93.97145233
7Aug2018a,6,59.85697438,0.0009353,2.59E-06,3.61E-09,0.316,d316,6.82,g682,2064380.843,80.95981457,6486808.613,86.82704212,0.000935299,61584.43991,93.65496401,55737.87669,1998014.33,78.35708717,6878176.72,92.06557114
7Aug2018a,6,59.85697438,0.0009353,2.59E-06,3.61E-09,1,e1000,0.12,a12,2309866.087,90.58712723,7050594.882,94.37341772,0.000935112,61304.53254,93.22929293,61364.25669,2309866.087,90.58712723,7050594.882,94.37341772
7Aug2018a,6,59.85697438,0.0009353,2.59E-06,3.61E-09,1,e1000,0.38,b38,2301190.158,90.24687916,6983729.21,93.47840927,0.000935371,61184.49921,93.04675141,60930.60673,2301190.158,90.24687916,6983729.21,93.47840927
7Aug2018a,6,59.85697438,0.0009353,2.59E-06,3.61E-09,1,e1000,1.21,c121,2307305.972,90.48672598,7035758.453,94.17482958,0.000935315,61094.29015,92.90956535,61223.2813,2307305.972,90.48672598,7035758.453,94.17482958
7Aug2018a,6,59.85697438,0.0009353,2.59E-06,3.61E-09,1,e1000,2.16,d216,2300305.037,90.21216693,6947836.369,92.99797745,0.000935316,60872.35289,92.57205273,60450.82764,2300305.037,90.21216693,6947836.369,92.99797745
7Aug2018a,6,59.85697438,0.0009353,2.59E-06,3.61E-09,1,e1000,2.88,e288,2302752.275,90.30814146,6946976.371,92.98646624,0.000935455,60710.91735,92.32654851,60393.1324,2294508.395,89.98483724,6951769.226,93.05061941
7Aug2018a,6,59.85697438,0.0009353,2.59E-06,3.61E-09,1,e1000,6.82,g682,2231235.52,87.50343452,6830789.607,91.43128654,0.000935423,60591.75477,92.14533119,59665.43713,2228603.789,87.40022469,6890798.946,92.23452179
7Aug2018a,6,59.85697438,0.0009353,2.59E-06,3.61E-09,3.162,f3162,0.12,a12,2312638.49,90.69585389,6958843.1,93.14530442,0.000935244,60440.70804,91.91562584,60496.30349,2312638.49,90.69585389,6958843.1,93.14530442
7Aug2018a,6,59.85697438,0.0009353,2.59E-06,3.61E-09,3.162,f3162,0.38,b38,2308130.545,90.51906365,6895003.189,92.2907963,0.000935395,60356.22315,91.78714485,60028.02702,2308130.545,90.51906365,6895003.189,92.2907963
7Aug2018a,6,59.85697438,0.0009353,2.59E-06,3.61E-09,3.162,f3162,1.21,c121,2276603.229,89.28264177,6938035.148,92.86678644,0.000935231,60261.43795,91.6429996,60265.89377,2276603.229,89.28264177,6938035.148,92.86678644
7Aug2018a,6,59.85697438,0.0009353,2.59E-06,3.61E-09,3.162,f3162,2.16,d216,2269694.728,89.01170774,6866483.697,91.90905803,0.000935143,60165.77402,91.49751801,59718.18714,2269694.728,89.01170774,6866483.697,91.90905803
7Aug2018a,6,59.85697438,0.0009353,2.59E-06,3.61E-09,3.162,f3162,2.88,e288,2280259.055,89.42601404,6870719.616,91.96575654,0.000935266,59994.00003,91.23629154,59636.55714,2280259.055,89.42601404,6870719.616,91.96575654
7Aug2018a,6,59.85697438,0.0009353,2.59E-06,3.61E-09,3.162,f3162,6.82,g682,2228258.257,87.38667379,6792567.967,90.91968335,0.000935402,59743.97992,90.85607171,59189.78109,2232469.703,87.55183607,6826260.212,91.37065981
7Aug2018a,6,59.85697438,0.0009353,2.59E-06,3.61E-09,10,g10000,0.12,a12,2250805.904,88.27093568,6894934.47,92.28987649,0.000935183,59777.16386,90.90653642,59827.40589,2250805.904,88.27093568,6894934.47,92.28987649
7Aug2018a,6,59.85697438,0.0009353,2.59E-06,3.61E-09,10,g10000,0.38,b38,2272051.38,89.10412969,6825336.944,91.35830171,0.000935181,59660.12499,90.72854875,59310.15903,2272051.38,89.10412969,6825336.944,91.35830171
7Aug2018a,6,59.85697438,0.0009353,2.59E-06,3.61E-09,10,g10000,1.21,c121,2294632.389,89.98969999,6856517.121,91.77565371,0.00093533,59455.41307,90.41723167,59457.538,2294632.389,89.98969999,6856517.121,91.77565371
7Aug2018a,6,59.85697438,0.0009353,2.59E-06,3.61E-09,10,g10000,2.16,d216,2233082.173,87.5758556,6785643.879,90.82700325,0.000935256,59213.54,90.04940152,58880.55574,2233082.173,87.5758556,6785643.879,90.82700325
7Aug2018a,6,59.85697438,0.0009353,2.59E-06,3.61E-09,10,g10000,2.88,e288,2271939.539,89.09974357,6790853.929,90.89674066,0.000935306,59063.34023,89.82098418,58898.78664,2271939.539,89.09974357,6790853.929,90.89674066
7Aug2018a,6,59.85697438,0.0009353,2.59E-06,3.61E-09,10,g10000,6.82,g682,2236045.164,87.69205665,6769290.567,90.60811138,0.000935281,59100.69682,89.87779447,58894.86091,2236045.164,87.69205665,6769290.567,90.60811138
